CustomerID,Sum_Quantity,Mean_UnitPrice,Mean_TotalPrice,Sum_TotalPrice,Count_Invoice,Count_Stock,Mean_InvoiceCountPerStock,Mean_StockCountPerInvoice,Mean_UnitPriceMeanPerInvoice,Mean_QuantitySumPerInvoice,Mean_TotalPriceMeanPerInvoice,Mean_TotalPriceSumPerInvoice,Mean_UnitPriceMeanPerStock,Mean_QuantitySumPerStock,Mean_TotalPriceMeanPerStock,Mean_TotalPriceSumPerStock
12346,74215,1.04,77183.6,77183.6,1,1,1.0,1.0,1.04,74215.0,77183.6,77183.6,1.04,74215.0,77183.6,77183.6
12747,1275,4.3678640776699025,40.737961165048546,4196.01,11,42,2.4523809523809526,9.363636363636363,4.253948871835235,115.9090909090909,43.64545274170275,381.4554545454546,4.8445833333333335,30.357142857142858,27.98369047619048,99.905
12748,25747,2.656278563656148,7.338352557127313,33719.73,209,1768,2.598981900452489,21.985645933014354,8.916505612334795,123.19138755980862,16.378101116457795,161.3384210526316,2.7264091590598944,14.562782805429864,8.176555582968126,19.072245475113125
12749,1471,4.999949748743719,20.55718592964824,4090.88,5,160,1.24375,39.8,5.095432979810886,294.2,21.87151061099753,818.176,4.7855625,9.19375,20.025447916666668,25.568
12820,722,1.9047457627118642,15.97186440677966,942.34,4,55,1.0727272727272728,14.75,1.902632575757576,180.5,16.05149621212121,235.585,1.8087272727272727,13.127272727272727,15.816181818181818,17.133454545454548
12821,70,2.4983333333333335,15.453333333333333,92.72,1,6,1.0,6.0,2.4983333333333335,70.0,15.453333333333333,92.72,2.4983333333333335,11.666666666666666,15.453333333333333,15.453333333333333
12822,550,2.692608695652174,20.62782608695652,948.88,2,41,1.1219512195121952,23.0,2.6214114114114113,275.0,23.668708708708706,474.44,2.6100000000000003,13.414634146341463,19.514146341463416,23.143414634146342
12823,230,7.65,351.9,1759.5,5,1,5.0,1.0,7.65,46.0,351.9,351.9,7.65,230.0,351.9,1759.5
12824,232,2.5356,15.8848,397.12,1,25,1.0,25.0,2.5356,232.0,15.8848,397.12,2.5356,9.28,15.8848,15.8848
12826,1058,1.9276923076923078,16.205714285714286,1474.72,7,58,1.5689655172413792,13.0,2.0503022850165706,151.14285714285714,16.943735827664398,210.67428571428573,1.6483333333333334,18.24137931034483,15.294597701149426,25.426206896551726
12827,197,2.8680000000000003,17.206,430.15,3,19,1.3157894736842106,8.333333333333334,2.9933333333333336,65.66666666666667,18.99888888888889,143.38333333333333,2.6210526315789475,10.368421052631579,15.581578947368422,22.639473684210525
12828,494,3.09,18.19125,1018.71,6,46,1.2173913043478262,9.333333333333334,3.029752136752137,82.33333333333333,17.881902421652423,169.785,3.2030434782608697,10.73913043478261,18.17539855072464,22.145869565217392
12829,376,10.368181818181817,26.636363636363637,293.0,2,9,1.2222222222222223,5.5,10.274999999999999,188.0,25.84583333333333,146.5,12.627777777777776,41.77777777777778,28.555555555555557,32.55555555555556
12830,9848,1.0863157894736843,179.33263157894737,6814.64,6,13,2.923076923076923,6.333333333333333,1.0550655270655271,1641.3333333333333,247.2860170940171,1135.7733333333333,1.1457692307692307,757.5384615384615,195.84307692307692,524.203076923077
12831,135,3.066666666666667,23.894444444444446,215.05,1,9,1.0,9.0,3.066666666666667,135.0,23.894444444444446,215.05,3.066666666666667,15.0,23.894444444444446,23.894444444444446
12832,195,2.928888888888889,14.186296296296298,383.03000000000003,2,27,1.0,13.5,2.785,97.5,13.840555555555557,191.51500000000001,2.928888888888889,7.222222222222222,14.186296296296295,14.186296296296295
12833,156,5.44125,17.390833333333333,417.38,1,24,1.0,24.0,5.44125,156.0,17.390833333333333,417.38,5.44125,6.5,17.390833333333333,17.390833333333333
12834,110,4.893888888888889,17.354444444444443,312.38,1,18,1.0,18.0,4.893888888888889,110.0,17.354444444444443,312.38,4.893888888888889,6.111111111111111,17.354444444444443,17.354444444444443
12836,1064,4.287828571428571,14.930628571428572,2612.86,4,148,1.1824324324324325,43.75,4.500354445822994,266.0,15.913541801075269,653.215,4.048963963963964,7.1891891891891895,13.499132882882883,17.65445945945946
12837,24,6.745833333333334,11.174999999999999,134.1,1,12,1.0,12.0,6.745833333333334,24.0,11.174999999999999,134.1,6.745833333333334,2.0,11.174999999999999,11.174999999999999
12838,359,2.3197560975609757,5.55390243902439,683.13,2,115,1.0695652173913044,61.5,2.3062261652542375,179.5,5.5956859110169495,341.56500000000005,2.317217391304348,3.121739130434783,5.585507246376812,5.9402608695652175
12839,3807,1.9202229299363058,17.80707006369427,5591.42,14,95,3.305263157894737,22.428571428571427,1.934214786172083,271.92857142857144,17.685736572699547,399.38714285714286,2.5434887218045112,40.07368421052632,17.664889695392326,58.857052631578945
12840,1511,2.035486725663717,24.13070796460177,2726.77,4,67,1.6865671641791045,28.25,2.0060846014492753,377.75,27.02184456521739,681.6925,2.1092537313432835,22.55223880597015,20.869701492537313,40.69805970149254
12841,2757,2.395166666666667,9.577023809523808,4022.35,25,229,1.834061135371179,16.8,2.4393612663324173,110.28,10.144610750169127,160.894,2.3997234352256185,12.039301310043669,7.576336343787218,17.56484716157205
12842,547,4.3302941176470595,32.9114705882353,1118.99,2,34,1.0,17.0,4.8035,273.5,31.304,559.495,4.330294117647059,16.08823529411765,32.9114705882353,32.9114705882353
12843,781,3.513203883495146,16.526796116504855,1702.26,8,69,1.4927536231884058,12.875,3.9321353480456738,97.625,17.963096453667106,212.7825,3.477391304347826,11.318840579710145,14.52512767425811,24.670434782608694
12844,125,2.631153846153846,6.268461538461539,325.96000000000004,2,47,1.1063829787234043,26.0,2.653095238095238,62.5,6.270357142857144,162.98000000000002,2.6695744680851066,2.6595744680851063,5.997021276595745,6.935319148936171
12845,204,2.7903703703703706,13.114444444444446,354.09000000000003,4,26,1.0384615384615385,6.75,2.0811309523809527,51.0,71.76863095238096,88.52250000000001,2.816923076923077,7.846153846153846,12.165000000000001,13.618846153846155
12847,909,1.3392307692307692,9.577362637362636,871.54,1,72,1.2638888888888888,91.0,1.3392307692307692,909.0,9.577362637362636,871.54,1.4558333333333333,12.625,10.648680555555556,12.104722222222222
12849,623,2.8945098039215686,20.605686274509807,1050.89,2,47,1.0851063829787233,25.5,3.32175,311.5,21.331055555555555,525.4449999999999,2.959787234042553,13.25531914893617,21.307872340425533,22.359361702127657
12851,109,1.9465999999999999,2.7036000000000002,135.18,1,43,1.1627906976744187,50.0,1.9465999999999999,109.0,2.7036000000000002,135.18,2.1420930232558137,2.5348837209302326,2.967558139534884,3.143720930232558
12852,149,3.65,18.326470588235296,311.55,1,17,1.0,17.0,3.65,149.0,18.326470588235296,311.55,3.65,8.764705882352942,18.326470588235296,18.326470588235296
12853,800,4.250512820512821,25.09102564102564,1957.1000000000001,6,66,1.1818181818181819,13.0,4.867892720306513,133.33333333333334,27.20303400383142,326.18333333333334,3.7723232323232323,12.121212121212121,24.53257575757576,29.653030303030306
12854,627,2.7746363636363633,12.040909090909091,1324.5,3,95,1.1578947368421053,36.666666666666664,2.829211017740429,209.0,12.200102707749766,441.5,2.6753684210526316,6.6,12.039210526315788,13.942105263157895
12855,30,1.55,12.700000000000001,38.1,1,3,1.0,3.0,1.55,30.0,12.700000000000001,38.1,1.55,10.0,12.700000000000001,12.700000000000001
12856,1079,2.543407643312102,6.942452229299363,2179.93,6,155,2.0258064516129033,52.333333333333336,2.520420459081906,179.83333333333334,7.338809367803969,363.32166666666666,2.5936774193548384,6.961290322580645,6.461381720430108,14.064064516129031
12857,343,4.142391304347826,24.05217391304348,1106.4,2,37,1.2432432432432432,23.0,4.453553921568628,171.5,24.48823529411765,553.2,3.8459459459459464,9.27027027027027,24.12027027027027,29.902702702702705
12863,188,3.374,104.24000000000001,521.2,1,5,1.0,5.0,3.374,188.0,104.24000000000001,521.2,3.3739999999999997,37.6,104.24000000000001,104.24000000000001
12864,216,0.6566666666666666,49.04,147.12,1,3,1.0,3.0,0.6566666666666666,216.0,49.04,147.12,0.6566666666666666,72.0,49.04,49.04
12867,4298,1.3313382899628252,7.503382899628253,4036.82,7,240,2.2416666666666667,76.85714285714286,1.3203243031016239,614.0,7.334543119942056,576.6885714285714,1.4462972222222221,17.908333333333335,7.760590575396825,16.820083333333333
12868,928,2.611682242990654,15.0192523364486,1607.0600000000002,6,72,1.4861111111111112,17.833333333333332,2.630880956527508,154.66666666666666,15.301740454628387,267.84333333333336,2.642361111111111,12.88888888888889,14.502222222222223,22.32027777777778
12871,200,2.110909090909091,34.60363636363636,380.64,2,8,1.375,5.5,1.9746428571428571,100.0,34.26,190.32,2.2712499999999998,25.0,28.53,47.58
12872,319,2.4956060606060606,9.090454545454547,599.97,2,58,1.1379310344827587,33.0,2.4751785714285717,159.5,8.934943609022557,299.985,2.5177586206896554,5.5,8.359224137931035,10.344310344827587
12873,128,4.0375,93.5,374.0,1,4,1.0,4.0,4.0375,128.0,93.5,374.0,4.0375,32.0,93.5,93.5
12875,2019,0.17,171.61500000000004,343.2300000000001,2,1,2.0,1.0,0.17,1009.5,171.61500000000004,171.61500000000004,0.17,2019.0,171.61500000000004,343.2300000000001
12877,1178,1.8988961038961039,9.972532467532467,1535.77,12,100,1.54,12.833333333333334,2.383946565934066,98.16666666666667,22.023534584859586,127.98083333333334,1.840466666666667,11.78,7.226275,15.3577
12878,547,2.0325531914893618,18.191276595744682,854.99,2,38,1.236842105263158,23.5,1.9895958646616543,273.5,17.933674812030077,427.495,2.1528947368421054,14.394736842105264,17.51578947368421,22.499736842105264
12879,370,1.832,57.322,573.22,3,7,1.4285714285714286,3.3333333333333335,1.7772222222222223,123.33333333333333,59.78833333333333,191.07333333333335,1.467142857142857,52.857142857142854,46.23142857142857,81.88857142857144
12881,21,32.971428571428575,42.57142857142857,298.0,1,7,1.0,7.0,32.971428571428575,21.0,42.57142857142857,298.0,32.97142857142857,3.0,42.57142857142857,42.57142857142857
12882,246,6.437692307692307,112.54153846153847,1463.04,2,12,1.0833333333333333,6.5,6.245,123.0,109.134,731.52,6.384166666666666,20.5,104.21999999999998,121.92
12883,196,5.926904761904762,16.749285714285715,703.47,4,39,1.0769230769230769,10.5,5.313774038461538,49.0,17.15699645748988,175.8675,6.0200000000000005,5.0256410256410255,16.722307692307695,18.037692307692307
12884,43,15.984285714285715,44.15,309.05,1,7,1.0,7.0,15.984285714285715,43.0,44.15,309.05,15.984285714285715,6.142857142857143,44.15,44.15
12885,655,3.5930985915492957,16.552394366197184,1175.22,3,66,1.0757575757575757,23.666666666666668,2.5924979321753514,218.33333333333334,14.568177557209815,391.74,3.4463636363636363,9.924242424242424,16.633636363636363,17.80636363636364
12886,770,3.7206097560975615,16.809756097560978,1378.4,2,75,1.0933333333333333,41.0,3.695145896656535,385.0,16.86468085106383,689.2,3.6086666666666662,10.266666666666667,16.8294,18.378666666666668
12888,76,5.896,70.824,354.12,2,4,1.25,2.5,4.95625,38.0,74.775,177.06,6.5225,19.0,68.19,88.53
12890,259,1.8129268292682927,4.639878048780488,380.46999999999997,1,78,1.0512820512820513,82.0,1.8129268292682927,259.0,4.639878048780488,380.46999999999997,1.850769230769231,3.3205128205128207,4.815641025641026,4.877820512820512
12891,950,0.3666666666666667,110.33333333333333,331.0,3,2,1.5,1.0,0.3666666666666667,316.6666666666667,110.33333333333333,110.33333333333333,0.36,475.0,133.75,165.5
12893,96,2.2108823529411765,5.533529411764706,188.14,1,27,1.2592592592592593,34.0,2.2108823529411765,96.0,5.533529411764706,188.14,2.275185185185185,3.5555555555555554,5.82962962962963,6.968148148148147
12895,210,3.222727272727273,16.945454545454545,372.8,2,22,1.0,11.0,2.7078125,105.0,17.11875,186.4,3.222727272727273,9.545454545454545,16.945454545454545,16.945454545454545
12897,110,2.7,54.125,216.5,2,3,1.3333333333333333,2.0,2.7,55.0,54.125,108.25,3.116666666666667,36.666666666666664,52.833333333333336,72.16666666666667
12901,23075,1.4663793103448275,152.19431034482758,17654.54,28,30,3.8666666666666667,4.142857142857143,1.673359268707483,824.1071428571429,312.1847784863945,630.5192857142857,1.874159595959596,769.1666666666666,139.36960526695526,588.4846666666667
12902,66,5.619,13.868,138.68,1,10,1.0,10.0,5.619,66.0,13.868,138.68,5.619,6.6,13.868,13.868
12904,302,3.085,7.0775,509.58,2,59,1.2203389830508475,36.0,3.0865,151.0,7.13440625,254.79,3.0723728813559323,5.11864406779661,6.942881355932204,8.636949152542373
12906,1749,2.551904761904762,46.34619047619047,2919.81,5,55,1.1454545454545455,12.6,2.575644736842105,349.8,48.63484962406015,583.962,2.5705454545454542,31.8,44.40327272727272,53.08745454545454
12908,1200,0.625,375.0,750.0,2,1,2.0,1.0,0.625,600.0,375.0,375.0,0.625,1200.0,375.0,750.0
12909,1280,6.7639560439560436,23.941428571428574,2178.67,5,78,1.1666666666666667,18.2,5.523424915824917,256.0,27.792830723905723,435.73400000000004,5.049423076923077,16.41025641025641,21.38326923076923,27.93166666666667
12910,1692,2.0928,41.00053333333333,3075.04,8,48,1.5625,9.375,2.322098602484472,211.5,45.87659627329192,384.38,1.7804166666666668,35.25,33.19375,64.06333333333333
12912,670,2.7191666666666667,69.2625,1662.3,5,17,1.411764705882353,4.8,2.5286825396825394,134.0,75.57142857142858,332.46000000000004,2.935882352941176,39.411764705882355,66.81988235294118,97.78235294117647
12913,1419,2.9248000000000003,49.6726,2483.63,5,37,1.3513513513513513,10.0,3.143622877122877,283.8,54.66515834165834,496.726,2.8623423423423424,38.351351351351354,45.138108108108106,67.12513513513514
12915,93,6.788636363636363,16.529545454545453,363.65,2,19,1.1578947368421053,11.0,6.587820512820513,46.5,16.789957264957266,181.825,6.3,4.894736842105263,16.343421052631577,19.139473684210525
12916,1119,4.126635514018692,28.094859813084113,3006.15,4,53,2.018867924528302,26.75,4.178993131868132,279.75,29.792498397435896,751.5375,3.6135849056603777,21.11320754716981,26.22062893081761,56.719811320754715
12917,120,4.95,297.0,594.0,1,2,1.0,2.0,4.95,120.0,297.0,594.0,4.95,60.0,297.0,297.0
12919,673,2.6044,26.7038,1335.19,6,34,1.4705882352941178,8.333333333333334,2.578263888888889,112.16666666666667,30.17222222222222,222.53166666666667,2.7408823529411763,19.794117647058822,23.351470588235294,39.27029411764706
12920,129,3.8410714285714285,5.8653571428571425,164.23,1,27,1.037037037037037,28.0,3.8410714285714285,129.0,5.8653571428571425,164.23,3.9296296296296296,4.777777777777778,6.028888888888889,6.082592592592592
12921,9526,2.3401944444444447,23.037625,16587.09,37,233,3.0901287553648067,19.45945945945946,2.6532975566252146,257.4594594594595,24.018872390445225,448.29972972972973,2.524357517542067,40.88412017167382,20.75419272430002,71.18922746781116
12922,370,1.627857142857143,14.477857142857143,405.38,1,28,1.0,28.0,1.627857142857143,370.0,14.477857142857143,405.38,1.627857142857143,13.214285714285714,14.477857142857143,14.477857142857143
12923,69,2.936551724137931,6.102413793103448,176.97,1,28,1.0357142857142858,29.0,2.936551724137931,69.0,6.102413793103448,176.97,2.893214285714286,2.4642857142857144,6.172142857142857,6.320357142857143
12924,481,3.1883333333333335,31.123333333333335,933.7,4,22,1.3636363636363635,7.5,3.47675,120.25,35.42472619047619,233.425,3.261666666666667,21.863636363636363,29.83818181818182,42.440909090909095
12925,541,2.310222222222222,15.423333333333332,694.05,2,42,1.0714285714285714,22.5,2.3016304347826084,270.5,15.409920948616602,347.025,2.3473809523809526,12.880952380952381,14.812142857142858,16.525
12928,1472,1.9426190476190477,24.55595238095238,2062.7,5,59,1.423728813559322,16.8,1.954932670915256,294.4,27.049003313765695,412.53999999999996,1.9549152542372883,24.949152542372882,25.6909604519774,34.96101694915254
12929,37,7.11875,14.73125,117.85,1,8,1.0,8.0,7.11875,37.0,14.73125,117.85,7.11875,4.625,14.73125,14.73125
12930,252,2.9948,16.632,415.8,2,20,1.25,12.5,2.9267857142857143,126.0,16.741948051948054,207.9,3.3005000000000004,12.6,16.399,20.79
12931,28004,1.7017073170731707,512.8775609756098,42055.96,15,28,2.9285714285714284,5.466666666666667,1.6612289562289564,1866.9333333333334,319.0261750841751,2803.730666666667,1.9072704081632654,1000.1428571428571,516.0925850340136,1501.9985714285715
12933,499,2.6469811320754717,5.7314150943396225,607.53,3,102,1.0392156862745099,35.333333333333336,2.6480273855370133,166.33333333333334,8.082821815718157,202.51,2.656862745098039,4.892156862745098,5.725588235294118,5.956176470588235
12935,1853,2.032325581395349,16.749612403100773,2160.7,7,80,1.6125,18.428571428571427,1.978523220444273,264.7142857142857,16.216814482788166,308.6714285714285,2.263125,23.1625,16.75075,27.00875
12936,559,2.033225806451613,17.15967741935484,1063.9,4,56,1.1071428571428572,15.5,2.2501631701631704,139.75,42.80817016317016,265.975,1.9844642857142856,9.982142857142858,14.67419642857143,18.998214285714287
12937,1007,2.371666666666667,12.535583333333333,1504.27,4,81,1.4814814814814814,30.0,2.430151041666667,251.75,13.724317708333334,376.0675,2.5632510288065844,12.432098765432098,12.002098765432098,18.571234567901236
12938,140,1.271111111111111,12.682222222222222,114.14,1,9,1.0,9.0,1.271111111111111,140.0,12.682222222222222,114.14,1.2711111111111113,15.555555555555555,12.682222222222222,12.682222222222222
12939,4876,2.403404255319149,246.42127659574467,11581.8,8,21,2.238095238095238,5.875,2.4702916666666668,609.5,242.58225,1447.725,2.2563492063492063,232.1904761904762,209.96920634920636,551.5142857142857
12940,411,3.8207070707070705,9.227676767676767,913.54,2,87,1.1379310344827587,49.5,4.568088815789474,205.5,12.958792763157895,456.77,3.9833333333333334,4.724137931034483,9.312241379310345,10.500459770114942
12942,203,4.1378666666666675,9.118666666666666,683.9,3,68,1.1029411764705883,25.0,4.936164215686275,67.66666666666667,13.009342320261439,227.96666666666667,4.0667647058823535,2.985294117647059,9.279044117647059,10.05735294117647
12944,289,3.1886666666666668,20.150333333333332,604.51,2,29,1.0344827586206897,15.0,3.1974107142857147,144.5,20.171964285714285,302.255,3.169310344827586,9.96551724137931,20.069310344827585,20.845172413793104
12945,165,4.95,20.128260869565217,462.95,1,23,1.0,23.0,4.95,165.0,20.128260869565217,462.95,4.95,7.173913043478261,20.128260869565217,20.128260869565217
12947,1165,3.270309278350515,16.535979381443298,1603.99,6,83,1.1686746987951808,16.166666666666668,3.2119208683473386,194.16666666666666,21.072604925303455,267.33166666666665,3.5140963855421687,14.036144578313253,17.226265060240962,19.325180722891567
12948,1080,2.932758620689655,17.801293103448273,2064.95,7,82,1.4146341463414633,16.571428571428573,2.9142767857142857,154.28571428571428,19.239392857142857,294.99285714285713,2.870365853658537,13.170731707317072,17.08658536585366,25.182317073170736
12949,2381,2.8786511627906974,19.382418604651164,4167.22,8,166,1.2951807228915662,26.875,2.7018226712614872,297.625,19.126418441938178,520.9025,2.843755020080321,14.343373493975903,18.81230923694779,25.103734939759036
12950,1380,1.3891304347826086,80.1304347826087,1843.0,3,13,1.7692307692307692,7.666666666666667,1.311984126984127,460.0,77.37698412698414,614.3333333333334,1.323076923076923,106.15384615384616,72.8,141.76923076923077
12951,503,3.006031746031746,16.89,1064.07,6,53,1.1886792452830188,10.5,3.191322751322751,83.83333333333333,17.3239417989418,177.34500000000003,2.8867924528301887,9.49056603773585,16.478207547169813,20.076792452830187
12952,653,4.062658227848101,17.566962025316457,1387.79,4,64,1.234375,19.75,4.255234163279133,163.25,17.69684239498645,346.9475,3.99078125,10.203125,17.596171875,21.68421875
12953,84,6.647058823529412,19.40294117647059,329.85,1,17,1.0,17.0,6.647058823529412,84.0,19.40294117647059,329.85,6.647058823529412,4.9411764705882355,19.40294117647059,19.40294117647059
12955,3664,1.6899444444444445,26.428666666666665,4757.16,11,81,2.2222222222222223,16.363636363636363,1.6629273377234397,333.09090909090907,26.72636622413609,432.4690909090909,1.7434156378600822,45.23456790123457,25.608366255144034,58.730370370370366
12956,34,4.365263157894737,5.687894736842105,108.07,1,19,1.0,19.0,4.365263157894737,34.0,5.687894736842105,108.07,4.365263157894737,1.7894736842105263,5.687894736842105,5.687894736842105
12957,2549,2.817563025210084,16.880420168067225,4017.54,8,208,1.1442307692307692,29.75,2.977248882503193,318.625,16.688617254492794,502.1925,2.9312339743589746,12.254807692307692,16.698814102564103,19.315096153846152
12962,129,2.985625,16.649375,266.39,2,15,1.0666666666666667,8.0,2.8504545454545456,64.5,17.33681818181818,133.195,3.1433333333333335,8.6,17.263333333333332,17.759333333333334
12963,881,3.294842105263158,19.54347368421053,1856.63,8,75,1.2666666666666666,11.875,3.4649533053751806,110.125,18.47528715728716,232.07875,3.3434666666666666,11.746666666666666,18.983822222222223,24.755066666666668
12965,283,3.6638532110091746,7.081743119266055,771.91,1,108,1.0092592592592593,109.0,3.6638532110091746,283.0,7.081743119266055,771.91,3.6783333333333332,2.6203703703703702,7.1278703703703705,7.1473148148148145
12966,75,3.4230000000000005,16.018,160.18,1,10,1.0,10.0,3.4230000000000005,75.0,16.018,160.18,3.4230000000000005,7.5,16.018,16.018
12967,438,6.476315789473684,87.41578947368421,1660.9,2,19,1.0,9.5,5.476666666666667,219.0,82.17583333333334,830.45,6.476315789473684,23.05263157894737,87.41578947368421,87.41578947368421
12968,73,3.29,27.189999999999998,135.95,1,5,1.0,5.0,3.29,73.0,27.189999999999998,135.95,3.29,14.6,27.189999999999998,27.189999999999998
12970,310,2.0307947019867547,2.9949668874172186,452.24,4,116,1.3017241379310345,37.75,2.479337680446194,77.5,2.9706430446194227,113.06,2.2605172413793104,2.6724137931034484,3.2265431034482757,3.8986206896551723
12971,9289,2.310327868852459,36.68822950819672,11189.91,86,94,3.24468085106383,3.546511627906977,2.463219453672942,108.01162790697674,43.04320727205611,130.11523255813952,2.053840594393786,98.81914893617021,32.79792115685733,119.04159574468085
12974,24,7.7,18.1,144.8,1,8,1.0,8.0,7.7,24.0,18.1,144.8,7.7,3.0,18.1,18.1
12976,561,1.5345454545454544,33.57272727272727,738.6,1,22,1.0,22.0,1.5345454545454544,561.0,33.57272727272727,738.6,1.5345454545454544,25.5,33.57272727272727,33.57272727272727
12977,12,4.23,4.359999999999999,39.239999999999995,1,9,1.0,9.0,4.23,12.0,4.359999999999999,39.239999999999995,4.23,1.3333333333333333,4.36,4.36
12980,886,15.904500000000002,368.745,7374.900000000001,9,6,3.3333333333333335,2.2222222222222223,19.096666666666668,98.44444444444444,433.4411111111111,819.4333333333334,8.873750000000001,147.66666666666666,279.83875,1229.15
12981,242,1.6235,18.610999999999997,372.21999999999997,2,12,1.6666666666666667,10.0,1.6330808080808081,121.0,18.78818181818182,186.11,1.5841666666666665,20.166666666666668,18.559166666666666,31.018333333333334
12982,288,1.8478571428571429,13.947857142857144,390.54,1,28,1.0,28.0,1.8478571428571429,288.0,13.947857142857144,390.54,1.8478571428571429,10.285714285714286,13.947857142857142,13.947857142857142
12984,26,3.85,24.375,97.5,1,4,1.0,4.0,3.85,26.0,24.375,97.5,3.85,6.5,24.375,24.375
12985,1533,1.914342105263158,16.30763157894737,1239.38,2,73,1.0410958904109588,38.0,1.7875320512820512,766.5,17.357820512820513,619.69,1.851917808219178,21.0,16.190136986301372,16.977808219178083
12987,219,6.110714285714286,19.95357142857143,558.7,2,27,1.037037037037037,14.0,6.110714285714286,109.5,19.95357142857143,279.35,5.864814814814815,8.11111111111111,19.74814814814815,20.692592592592593
12988,136,4.110217391304348,5.818695652173914,535.32,1,75,1.2266666666666666,92.0,4.110217391304348,136.0,5.818695652173914,535.32,4.514533333333333,1.8133333333333332,6.3276,7.137600000000001
12989,2943,3.1915625,108.18921875,6924.11,15,41,1.5609756097560976,4.266666666666667,3.845118426501035,196.2,207.5659652173913,461.6073333333333,2.7809268292682927,71.78048780487805,60.808365853658536,168.8807317073171
12990,200,2.05,31.5,409.5,3,8,1.625,4.333333333333333,2.0366666666666666,66.66666666666667,32.78888888888889,136.5,2.0529166666666665,25.0,28.65416666666667,51.1875
12991,405,2.3067741935483874,16.25032258064516,503.76,2,31,1.0,15.5,3.022070707070707,202.5,18.021313131313132,251.88,2.3067741935483874,13.064516129032258,16.25032258064516,16.25032258064516
12993,240,2.1377777777777776,15.361481481481482,414.76,4,26,1.0384615384615385,6.75,2.2727083333333336,60.0,15.376875000000002,103.69,2.1873076923076926,9.23076923076923,15.56,15.952307692307691
12994,459,4.212459016393442,15.974098360655738,974.42,3,52,1.1730769230769231,20.333333333333332,4.205785486443381,153.0,15.962994417862838,324.8066666666667,4.019038461538462,8.826923076923077,16.144615384615385,18.738846153846154
12995,108,1.9566666666666668,70.44,211.32,1,3,1.0,3.0,1.9566666666666668,108.0,70.44,211.32,1.9566666666666668,36.0,70.44,70.44
12997,664,3.2942372881355935,20.794745762711866,1226.89,4,45,1.3111111111111111,14.75,3.3353680555555556,166.0,21.873472222222222,306.7225,3.735777777777778,14.755555555555556,20.24888888888889,27.264222222222223
12999,342,2.549285714285714,16.28142857142857,455.88,3,25,1.12,9.333333333333334,6.304420289855073,114.0,35.06673913043478,151.96,1.7572,13.68,14.3672,18.2352
13000,379,3.0125806451612904,17.253225806451614,534.85,3,30,1.0333333333333334,10.333333333333334,2.5575279106858058,126.33333333333333,36.058548644338124,178.28333333333333,3.0146666666666664,12.633333333333333,16.943333333333335,17.828333333333333
13001,5505,2.419882005899705,28.964070796460177,9818.82,13,166,2.0421686746987953,26.076923076923077,2.520210516692436,423.46153846153845,39.806050693615006,755.2938461538462,2.2418584337349396,33.16265060240964,19.794138554216868,59.149518072289155
13002,73,2.8214285714285716,17.27857142857143,120.95,1,7,1.0,7.0,2.8214285714285716,73.0,17.27857142857143,120.95,2.8214285714285716,10.428571428571429,17.27857142857143,17.27857142857143
13003,103,2.25,24.84166666666667,149.05,3,4,1.5,2.0,1.75,34.333333333333336,34.920833333333334,49.68333333333334,2.75,25.75,19.762500000000003,37.2625
13004,4822,2.0111633663366337,13.999777227722772,5655.91,18,277,1.4584837545126355,22.444444444444443,2.4635821393569195,267.8888888888889,14.31537863562135,314.21722222222223,1.9941967509025271,17.407942238267147,14.174488567990373,20.418447653429602
13005,172,5.117307692307692,19.75769230769231,513.7,2,21,1.2380952380952381,13.0,5.475347222222222,86.0,20.937847222222224,256.85,4.680952380952381,8.19047619047619,20.445238095238096,24.461904761904766
13006,55,5.295,20.3925,81.57,1,4,1.0,4.0,5.295,55.0,20.3925,81.57,5.295,13.75,20.3925,20.3925
13008,175,1.7342857142857144,16.390714285714285,229.47,1,14,1.0,14.0,1.7342857142857144,175.0,16.390714285714285,229.47,1.7342857142857144,12.5,16.390714285714285,16.390714285714285
13011,13,4.216666666666667,16.85,50.550000000000004,1,3,1.0,3.0,4.216666666666667,13.0,16.85,50.550000000000004,4.216666666666667,4.333333333333333,16.85,16.85
13012,824,3.2319101123595506,18.6723595505618,1661.8400000000001,8,67,1.328358208955224,11.125,3.8280170703748007,103.0,17.789587769138755,207.73000000000002,3.1850746268656716,12.298507462686567,18.086492537313433,24.80358208955224
13013,2224,3.163470319634703,21.967762557077627,4810.9400000000005,13,155,1.4129032258064516,16.846153846153847,3.2476571218304007,171.07692307692307,22.54384760874705,370.07230769230773,3.2720322580645163,14.348387096774193,21.266505376344085,31.038322580645165
13014,905,5.255229357798165,31.800733944954132,3466.28,10,67,1.626865671641791,10.9,6.088489609002108,90.5,37.30308904290154,346.628,4.231343283582089,13.507462686567164,25.17990049751244,51.7355223880597
13015,1617,5.035568181818181,19.012954545454548,3346.28,5,156,1.1282051282051282,35.2,5.055825125313283,323.4,18.6998451270221,669.256,5.244807692307693,10.365384615384615,19.313846153846153,21.45051282051282
13016,527,3.173191489361702,16.806170212765956,789.89,3,39,1.205128205128205,15.666666666666666,2.821362433862434,175.66666666666666,15.743981481481484,263.2966666666667,2.9707692307692306,13.512820512820513,16.620128205128204,20.253589743589743
13017,48,4.25,204.0,204.0,1,1,1.0,1.0,4.25,48.0,204.0,204.0,4.25,48.0,204.0,204.0
13018,5435,2.1802183406113538,15.890174672489083,7277.7,28,313,1.463258785942492,16.357142857142858,2.571426121272487,194.10714285714286,17.158611853224237,259.91785714285714,2.322332268370607,17.364217252396166,16.135505857294994,23.251437699680512
13021,1352,3.812290076335878,19.97236641221374,2616.38,9,101,1.297029702970297,14.555555555555555,3.8047033556112506,150.22222222222223,21.101821629691514,290.7088888888889,3.8636551155115515,13.386138613861386,19.262920792079207,25.904752475247527
13023,286,4.5525,17.2475,689.9,2,36,1.1111111111111112,20.0,4.5525,143.0,17.247500000000002,344.95,4.243055555555555,7.944444444444445,16.355555555555554,19.163888888888888
13026,1620,0.6757500000000001,24.384,975.36,5,32,1.25,8.0,0.7271849927849928,324.0,48.45715324675325,195.072,0.6301041666666667,50.625,19.8125,30.48
13027,17280,0.4,265.84615384615387,6912.0,6,6,4.333333333333333,4.333333333333333,0.4000000000000001,2880.0,264.53333333333336,1152.0,0.4000000000000001,2880.0,268.53333333333336,1152.0
13028,798,1.014,14.695999999999998,661.3199999999999,2,40,1.125,22.5,1.0091666666666668,399.0,14.686369047619047,330.65999999999997,0.986,19.95,14.166749999999999,16.532999999999998
13029,134,7.388,124.75,1247.5,3,8,1.25,3.3333333333333335,9.148888888888889,44.666666666666664,201.90555555555557,415.8333333333333,4.014166666666666,16.75,61.6875,155.9375
13030,394,3.17989898989899,8.075555555555555,799.48,2,76,1.3026315789473684,49.5,3.1936923076923076,197.0,8.330397435897437,399.74,3.534736842105263,5.184210526315789,8.401052631578947,10.519473684210526
13032,375,3.81943661971831,14.227887323943662,1010.1800000000001,2,55,1.290909090909091,35.5,3.8516708754208757,187.5,15.156069023569025,505.09000000000003,3.9690909090909092,6.818181818181818,14.348181818181818,18.36690909090909
13033,83,2.640909090909091,17.322727272727274,190.55,1,11,1.0,11.0,2.640909090909091,83.0,17.322727272727274,190.55,2.640909090909091,7.545454545454546,17.322727272727274,17.322727272727274
13034,369,2.3721621621621622,17.372162162162162,642.77,2,37,1.0,18.5,2.1732867132867133,184.5,16.710437062937064,321.385,2.3721621621621622,9.972972972972974,17.372162162162162,17.372162162162162
13035,644,1.8218518518518518,34.1437037037037,921.88,2,23,1.173913043478261,13.5,1.8413333333333335,322.0,33.504333333333335,460.94,1.8865217391304347,28.0,31.929565217391303,40.081739130434784
13037,431,3.8214583333333336,18.355625,881.07,3,44,1.0909090909090908,16.0,3.765,143.66666666666666,18.36859259259259,293.69,3.5665909090909094,9.795454545454545,18.60784090909091,20.024318181818185
13038,360,2.7582142857142857,32.445,908.46,3,24,1.1666666666666667,9.333333333333334,3.0392857142857146,120.0,35.73920634920635,302.82,2.703333333333333,15.0,29.92125,37.8525
13040,355,2.8039534883720934,15.743953488372092,676.99,2,38,1.131578947368421,21.5,2.8028463203463203,177.5,15.714329004329004,338.495,2.904736842105263,9.342105263157896,15.947894736842105,17.815526315789473
13043,254,5.680000000000001,39.72461538461538,516.42,1,13,1.0,13.0,5.680000000000001,254.0,39.72461538461538,516.42,5.680000000000001,19.53846153846154,39.72461538461538,39.72461538461538
13044,429,3.258787878787879,16.983939393939394,560.47,1,33,1.0,33.0,3.258787878787879,429.0,16.983939393939394,560.47,3.2587878787878783,13.0,16.983939393939394,16.983939393939394
13045,221,1.5705555555555555,16.96,305.28000000000003,1,18,1.0,18.0,1.5705555555555555,221.0,16.96,305.28000000000003,1.5705555555555555,12.277777777777779,16.96,16.96
13046,264,6.142857142857143,17.980285714285714,629.31,2,33,1.0606060606060606,17.5,5.79452380952381,132.0,17.337380952380954,314.655,6.2237878787878795,8.0,18.180000000000003,19.069999999999997
13047,1391,3.9320348837209305,18.822906976744186,3237.54,10,106,1.6226415094339623,17.2,4.336344985253145,139.1,17.716385366331462,323.754,3.661635220125786,13.122641509433961,18.201635220125787,30.542830188679243
13048,1238,1.8322058823529412,13.499338235294118,1835.91,4,77,1.7662337662337662,34.0,1.8493707673190432,309.5,13.700399405871389,458.9775,1.7146645021645022,16.07792207792208,11.885952380952382,23.842987012987013
13049,268,3.9335714285714287,46.90571428571429,656.6800000000001,2,14,1.0,7.0,3.9335714285714287,134.0,46.90571428571429,328.34000000000003,3.9335714285714287,19.142857142857142,46.90571428571429,46.90571428571429
13050,3748,2.9888833746898262,14.483523573200992,5836.86,17,246,1.6382113821138211,23.705882352941178,3.21497752129462,220.47058823529412,17.09530069649412,343.3447058823529,2.8414222802942315,15.235772357723578,12.992336430507162,23.727073170731707
13052,222,3.2938888888888886,19.34166666666667,348.15000000000003,1,18,1.0,18.0,3.2938888888888886,222.0,19.34166666666667,348.15000000000003,3.2938888888888886,12.333333333333334,19.341666666666665,19.341666666666665
13055,894,2.4710526315789476,15.979078947368421,1214.41,3,74,1.027027027027027,25.333333333333332,2.4560727272727276,298.0,16.680151515151515,404.80333333333334,2.4594594594594597,12.08108108108108,16.00554054054054,16.410945945945947
13058,52,5.825,33.925000000000004,271.40000000000003,3,5,1.6,2.6666666666666665,6.0055555555555555,17.333333333333332,37.583333333333336,90.46666666666665,6.15,10.4,29.619999999999997,54.28000000000001
13059,35,5.21875,22.925,183.4,1,8,1.0,8.0,5.21875,35.0,22.925,183.4,5.21875,4.375,22.925,22.925
13060,123,3.982666666666667,20.502000000000002,307.53000000000003,1,15,1.0,15.0,3.982666666666667,123.0,20.502000000000002,307.53000000000003,3.982666666666667,8.2,20.502000000000002,20.502000000000002
13061,107,3.403,24.861,248.61,1,10,1.0,10.0,3.403,107.0,24.861,248.61,3.403,10.7,24.860999999999997,24.860999999999997
13062,343,6.819090909090908,31.543636363636367,346.98,1,11,1.0,11.0,6.819090909090908,343.0,31.543636363636367,346.98,6.819090909090909,31.181818181818183,31.543636363636367,31.543636363636367
13064,516,3.555217391304348,16.22449275362319,1119.49,4,51,1.3529411764705883,17.25,3.4870998677248677,129.0,16.982671957671958,279.8725,3.5286601307189542,10.117647058823529,15.175228758169936,21.95078431372549
13065,74,5.222142857142857,14.704285714285716,205.86,1,14,1.0,14.0,5.222142857142857,74.0,14.704285714285716,205.86,5.222142857142857,5.285714285714286,14.704285714285716,14.704285714285716
13066,322,3.1733333333333333,9.808333333333334,470.8,2,48,1.0,24.0,3.3591428571428574,161.0,10.685642857142858,235.4,3.1733333333333333,6.708333333333333,9.808333333333334,9.808333333333334
13067,32,3.86,7.697333333333334,115.46000000000001,1,14,1.0714285714285714,15.0,3.86,32.0,7.697333333333334,115.46000000000001,3.567857142857143,2.2857142857142856,7.395357142857143,8.247142857142858
13068,200,1.72,172.0,344.0,2,1,2.0,1.0,1.72,100.0,172.0,172.0,1.72,200.0,172.0,344.0
13069,5885,1.705764705882353,10.437929411764706,4436.12,24,281,1.5124555160142348,17.708333333333332,1.807646503661647,245.20833333333334,13.152251401943296,184.83833333333334,1.7117467378410438,20.94306049822064,8.911850364345026,15.786903914590747
13070,110,2.08,25.422222222222224,228.8,1,9,1.0,9.0,2.08,110.0,25.422222222222224,228.8,2.08,12.222222222222221,25.422222222222224,25.422222222222224
13072,69,3.3500000000000005,25.307142857142857,177.15,1,7,1.0,7.0,3.3500000000000005,69.0,25.307142857142857,177.15,3.35,9.857142857142858,25.307142857142857,25.307142857142857
13075,485,2.0395454545454546,41.80045454545455,919.61,1,22,1.0,22.0,2.0395454545454546,485.0,41.80045454545455,919.61,2.0395454545454546,22.045454545454547,41.80045454545455,41.80045454545455
13077,863,1.7558035714285716,6.5113392857142856,729.27,4,99,1.1313131313131313,28.0,1.7498832199546486,215.75,8.388563492063493,182.3175,1.8296969696969698,8.717171717171718,6.6982323232323235,7.366363636363636
13078,5630,3.9574301675977654,35.27357541899441,12627.94,26,95,3.768421052631579,13.76923076923077,3.8873286010746417,216.53846153846155,39.649198084317575,485.69,4.1470685121895645,59.26315789473684,39.02641407306144,132.92568421052633
13079,62,4.166666666666667,36.68333333333334,220.10000000000002,5,2,3.0,1.2,4.11,12.4,32.730000000000004,44.02,3.8625000000000003,31.0,31.9375,110.05
13080,120,0.5783333333333333,9.68,58.08,1,6,1.0,6.0,0.5783333333333333,120.0,9.68,58.08,0.5783333333333333,20.0,9.68,9.68
13081,19068,2.3001953125,27.67322265625,28337.38,11,503,2.0357852882703775,93.0909090909091,2.2498788038101405,1733.4545454545455,30.266111559901766,2576.1254545454544,2.3903050743160086,37.90854870775348,26.39202144277194,56.33673956262426
13082,4324,2.9687671232876713,49.50178082191781,3613.63,9,63,1.1587301587301588,8.11111111111111,3.3541851285968933,480.44444444444446,55.79610287751464,401.51444444444445,3.0735714285714284,68.63492063492063,44.82825396825397,57.35920634920635
13083,187,3.4066666666666667,16.875,303.75,2,15,1.2,9.0,3.7426785714285717,93.5,20.791071428571428,151.875,2.9546666666666668,12.466666666666667,15.15,20.25
13085,216,4.003636363636364,18.91272727272727,416.08,2,17,1.2941176470588236,11.0,4.197606837606838,108.0,18.3617094017094,208.04000000000002,3.59,12.705882352941176,19.975294117647056,24.475294117647056
13089,31070,2.737816281628163,32.35744224422442,58825.83,97,636,2.858490566037736,18.742268041237114,4.037091077142508,320.30927835051546,57.96836377022301,606.4518556701031,2.9467739563091473,48.85220125786164,28.569665056473834,92.49344339622641
13090,2263,4.534516129032259,57.48916129032258,8910.82,14,98,1.5816326530612246,11.071428571428571,5.15508876704436,161.64285714285714,74.08653001110731,636.4871428571429,3.861901927437642,23.091836734693878,34.5221768707483,90.92673469387755
13091,466,0.9933333333333333,16.467619047619046,345.82,1,21,1.0,21.0,0.9933333333333333,466.0,16.467619047619046,345.82,0.9933333333333333,22.19047619047619,16.467619047619046,16.467619047619046
13092,279,5.018,19.1132,477.83,5,19,1.3157894736842106,5.0,4.318095238095237,55.8,18.399238095238097,95.566,4.092105263157895,14.68421052631579,17.776140350877192,25.14894736842105
13093,3961,3.273647798742138,49.260817610062894,7832.47,8,97,1.6391752577319587,19.875,3.422388306306553,495.125,55.020139076126405,979.05875,2.700549828178694,40.83505154639175,49.325515463917526,80.74711340206186
13094,1716,1.2525000000000002,80.305,1927.3200000000002,12,4,6.0,2.0,1.1883333333333335,143.0,81.09666666666668,160.61,1.6375000000000002,429.0,72.66409090909092,481.83000000000004
13095,144,0.6933333333333334,12.399999999999999,74.39999999999999,1,6,1.0,6.0,0.6933333333333334,144.0,12.399999999999999,74.39999999999999,0.6933333333333334,24.0,12.399999999999999,12.399999999999999
13097,2363,4.244113475177305,14.209030732860521,6010.42,10,214,1.9766355140186915,42.3,4.4575443384757145,236.3,17.56038585067013,601.042,3.8595560747663553,11.042056074766355,12.174924343569204,28.08607476635514
13098,15968,2.7601223776223778,50.49377622377622,28882.44,28,156,3.6666666666666665,20.428571428571427,3.0127921298592044,570.2857142857143,53.979562441969925,1031.5157142857142,2.53117094017094,102.35897435897436,51.90292857836608,185.14384615384614
13099,288,0.72,207.36,207.36,1,1,1.0,1.0,0.72,288.0,207.36,207.36,0.72,288.0,207.36,207.36
13101,113,2.9675,12.64875,101.19,1,8,1.0,8.0,2.9675,113.0,12.64875,101.19,2.9675,14.125,12.64875,12.64875
13102,4204,2.5820394736842105,21.131875,6424.09,24,140,2.1714285714285713,12.666666666666666,2.440909696676959,175.16666666666666,22.47196568206279,267.67041666666665,2.7751181096681097,30.02857142857143,18.830333982683985,45.88635714285714
13103,82,3.9675,30.4925,243.94,1,8,1.0,8.0,3.9675,82.0,30.4925,243.94,3.9675,10.25,30.4925,30.4925
13104,504,2.1715,54.924,1098.48,6,14,1.4285714285714286,3.3333333333333335,2.4364814814814815,84.0,81.30611111111112,183.08,1.8739285714285714,36.0,44.61857142857143,78.46285714285715
13106,18,4.25,76.5,76.5,1,1,1.0,1.0,4.25,18.0,76.5,76.5,4.25,18.0,76.5,76.5
13107,1293,1.7613793103448274,26.407241379310346,1531.6200000000001,4,54,1.0740740740740742,14.5,1.5783308270676693,323.25,29.45091979949875,382.90500000000003,1.7008333333333334,23.944444444444443,24.694444444444443,28.363333333333337
13108,298,1.752,35.006,350.06,1,10,1.0,10.0,1.752,298.0,35.006,350.06,1.752,29.8,35.006,35.006
13109,520,2.6465957446808512,16.734893617021275,786.54,2,41,1.146341463414634,23.5,2.6515942028985506,260.0,16.7636865942029,393.27,2.6370731707317074,12.682926829268293,16.813170731707316,19.18390243902439
13110,388,4.7364137931034485,10.266689655172414,1488.67,7,109,1.3302752293577982,20.714285714285715,4.696108019898781,55.42857142857143,9.792431705774097,212.66714285714286,4.323853211009174,3.5596330275229358,8.90040519877676,13.657522935779816
13113,3045,3.45205,61.229800000000004,12245.960000000001,24,95,2.1052631578947367,8.333333333333334,3.519398042138173,126.875,67.25827876351231,510.2483333333334,2.9731566416040103,32.05263157894737,32.02511967418546,128.90484210526316
13115,1567,2.5444999999999998,19.12316666666667,2294.78,4,88,1.3636363636363635,30.0,2.2968344155844154,391.75,18.93373917748918,573.695,2.3085227272727273,17.806818181818183,18.81215909090909,26.077045454545456
13116,291,4.5216666666666665,16.704666666666665,501.14,1,30,1.0,30.0,4.5216666666666665,291.0,16.704666666666665,501.14,4.5216666666666665,9.7,16.704666666666665,16.704666666666665
13117,945,2.4343421052631578,12.959342105263158,984.91,8,66,1.1515151515151516,9.5,2.3273848755411257,118.125,12.780765963203462,123.11375,2.3574242424242424,14.318181818181818,12.980454545454545,14.922878787878787
13118,410,3.588354430379747,15.162151898734177,1197.81,5,68,1.161764705882353,15.8,3.159828571428571,82.0,16.137659147869677,239.56199999999998,3.579558823529412,6.029411764705882,14.35044117647059,17.61485294117647
13120,12,2.55,30.6,30.6,1,1,1.0,1.0,2.55,12.0,30.6,30.6,2.55,12.0,30.6,30.6
13121,252,1.6887999999999999,5.674600000000001,283.73,1,50,1.0,50.0,1.6887999999999999,252.0,5.674600000000001,283.73,1.6887999999999999,5.04,5.674600000000001,5.674600000000001
13122,585,2.6365454545454545,16.77072727272727,922.39,2,54,1.0185185185185186,27.5,1.5340740740740741,292.5,17.727314814814815,461.19500000000005,2.678148148148148,10.833333333333334,16.73462962962963,17.081296296296298
13124,2147,3.3234893617021277,16.452468085106382,3866.33,3,185,1.2702702702702702,78.33333333333333,3.2355458232657583,715.6666666666666,16.868207332444857,1288.7766666666666,3.2029189189189187,11.605405405405405,16.850873873873876,20.899081081081082
13126,2143,2.100142857142857,14.997428571428571,2099.64,8,124,1.1290322580645162,17.5,2.1260305555555554,267.875,15.938623647660819,262.455,2.081881720430107,17.282258064516128,14.659233870967741,16.932580645161288
13127,127,2.8853333333333335,17.278000000000002,259.17,1,15,1.0,15.0,2.8853333333333335,127.0,17.278000000000002,259.17,2.8853333333333335,8.466666666666667,17.278000000000002,17.278000000000002
13130,32,2.25,32.0,64.0,1,2,1.0,2.0,2.25,32.0,32.0,64.0,2.25,16.0,32.0,32.0
13131,447,3.1161363636363633,24.393181818181816,1073.3,3,30,1.4666666666666666,14.666666666666666,3.0547597500538672,149.0,24.226815341521228,357.7666666666667,2.871166666666667,14.9,23.038333333333334,35.776666666666664
13132,20,4.933333333333334,25.766666666666666,77.3,1,3,1.0,3.0,4.933333333333334,20.0,25.766666666666666,77.3,4.933333333333334,6.666666666666667,25.766666666666666,25.766666666666666
13133,32,5.3428571428571425,15.685714285714285,109.8,2,7,1.0,3.5,5.264583333333333,16.0,15.90625,54.9,5.3428571428571425,4.571428571428571,15.685714285714285,15.685714285714285
13134,1059,3.113163265306122,18.301836734693875,1793.58,4,94,1.0425531914893618,24.5,3.4830757783882786,264.75,20.236222527472528,448.395,3.1195744680851063,11.26595744680851,18.137553191489364,19.08063829787234
13135,4300,0.72,3096.0,3096.0,1,1,1.0,1.0,0.72,4300.0,3096.0,3096.0,0.72,4300.0,3096.0,3096.0
13136,1328,2.8439370078740156,20.53236220472441,2607.61,5,94,1.351063829787234,25.4,2.737540018639329,265.6,20.135318471575022,521.522,2.6823404255319145,14.127659574468085,19.536843971631207,27.74053191489362
13137,2226,1.915241477272727,5.185241477272727,3650.41,8,345,2.0405797101449274,88.0,1.9223784244824271,278.25,5.351550835012982,456.30125,1.9489990338164251,6.452173913043478,4.954887865194387,10.580898550724637
13138,473,2.8215873015873014,15.276031746031746,962.39,6,31,2.032258064516129,10.5,2.843551587301587,78.83333333333333,15.513511904761904,160.39833333333334,2.460322580645161,15.258064516129032,14.607096774193549,31.044838709677418
13139,2425,3.541235294117647,29.793764705882356,5064.9400000000005,7,132,1.2878787878787878,24.285714285714285,3.3620543870954553,346.42857142857144,39.05076870346833,723.5628571428572,3.3873232323232325,18.37121212121212,27.267146464646466,38.37075757575757
13140,186,2.9486956521739134,9.211304347826088,423.72,3,40,1.15,15.333333333333334,2.9433333333333334,62.0,9.166964285714286,141.24,3.11875,4.65,9.459875,10.593
13141,1548,2.202444444444444,17.694444444444443,2388.75,5,113,1.1946902654867257,27.0,2.3099183229813667,309.6,17.04574073498965,477.75,2.0790265486725663,13.699115044247788,17.457389380530977,21.13938053097345
13142,258,2.9969565217391305,13.351739130434783,307.09000000000003,1,23,1.0,23.0,2.9969565217391305,258.0,13.351739130434783,307.09000000000003,2.9969565217391305,11.217391304347826,13.351739130434783,13.351739130434783
13144,21,6.216666666666666,36.983333333333334,110.95,1,3,1.0,3.0,6.216666666666666,21.0,36.983333333333334,110.95,6.216666666666666,7.0,36.983333333333334,36.983333333333334
13145,145,51.71,103.08666666666666,618.52,4,5,1.2,1.5,76.67166666666667,36.25,140.31,154.63,61.062,29.0,99.944,123.704
13146,154,2.027058823529412,13.465294117647058,228.91,1,16,1.0625,17.0,2.027058823529412,154.0,13.465294117647058,228.91,1.950625,9.625,14.0021875,14.306875
13147,144,4.95,178.2,712.8,4,1,4.0,1.0,4.95,36.0,178.2,178.2,4.95,144.0,178.2,712.8
13148,1975,3.467742946708464,11.621065830721003,3707.12,12,231,1.380952380952381,26.583333333333332,4.603659567407388,164.58333333333334,12.946117434469171,308.9266666666667,3.51271645021645,8.54978354978355,11.352195526695526,16.048138528138526
13149,1280,2.881860465116279,19.48906976744186,1676.06,4,76,1.131578947368421,21.5,2.7582664141414144,320.0,19.527829545454544,419.015,2.8846052631578947,16.842105263157894,18.378684210526316,22.053421052631577
13151,363,5.689324324324324,16.998243243243245,1257.8700000000001,1,73,1.0136986301369864,74.0,5.689324324324324,363.0,16.998243243243245,1257.8700000000001,5.7035616438356165,4.972602739726027,17.13554794520548,17.23109589041096
13153,418,1.278,32.41466666666667,486.22,1,15,1.0,15.0,1.278,418.0,32.41466666666667,486.22,1.278,27.866666666666667,32.41466666666667,32.41466666666667
13155,497,2.912,11.432470588235294,971.76,4,67,1.2686567164179106,21.25,2.970730259324009,124.25,14.746778117715618,242.94,2.91,7.417910447761194,10.002636815920397,14.503880597014925
13157,1439,1.8683908045977013,20.014022988505747,1741.22,4,69,1.2608695652173914,21.75,1.6330528499278498,359.75,19.999071067821067,435.305,2.00231884057971,20.855072463768117,19.74398550724638,25.235072463768116
13158,784,2.0106329113924053,15.203291139240505,1201.06,4,59,1.3389830508474576,19.75,2.01830236236371,196.0,15.312729472338134,300.265,1.9998305084745762,13.288135593220339,14.548474576271186,20.356949152542374
13159,1059,2.7321487603305785,11.883057851239668,1437.85,4,114,1.0614035087719298,30.25,2.626057210548527,264.75,12.341679649109391,359.4625,2.667105263157895,9.289473684210526,11.905131578947367,12.612719298245613
13160,56,3.025,22.95,91.8,1,4,1.0,4.0,3.025,56.0,22.95,91.8,3.025,14.0,22.95,22.95
13161,29,4.8625,14.09375,112.75,1,8,1.0,8.0,4.8625,29.0,14.09375,112.75,4.8625,3.625,14.09375,14.09375
13162,1713,1.4626582278481013,21.370759493670885,1688.29,4,74,1.0675675675675675,19.75,2.0704876826587353,428.25,17.29675368550369,422.0725,1.4162162162162162,23.14864864864865,20.466756756756755,22.81472972972973
13165,1376,0.800952380952381,24.32095238095238,1021.48,2,40,1.05,21.0,0.8038726790450929,688.0,25.137241379310343,510.73999999999995,0.7735000000000001,34.4,23.5245,25.537
13166,216,2.3914634146341465,10.175609756097561,417.2,1,39,1.0512820512820513,41.0,2.3914634146341465,216.0,10.175609756097561,417.2,2.4064102564102567,5.538461538461538,10.29423076923077,10.697435897435897
13167,785,2.9483076923076923,12.174307692307693,791.33,4,51,1.2745098039215685,16.25,2.8780521350630046,196.25,12.924657528461875,197.83249999999998,2.889738562091503,15.392156862745098,11.071470588235293,15.516274509803923
13168,682,3.165267175572519,10.070152671755725,1319.19,4,102,1.2843137254901962,32.75,3.2843500000000003,170.5,11.71669019138756,329.7975,3.133169934640523,6.686274509803922,9.545383986928105,12.933235294117647
13169,272,3.7823076923076924,54.83692307692308,712.88,2,11,1.1818181818181819,6.5,3.934761904761905,136.0,56.934285714285714,356.44,4.160909090909091,24.727272727272727,59.24363636363637,64.80727272727273
13170,147,1.54625,3.6253124999999997,116.00999999999999,1,29,1.103448275862069,32.0,1.54625,147.0,3.6253124999999997,116.00999999999999,1.616896551724138,5.068965517241379,3.7184482758620687,4.000344827586207
13171,229,4.0445652173913045,10.182826086956522,468.41,3,37,1.2432432432432432,15.333333333333334,3.9472653288740247,76.33333333333333,11.949852842809364,156.13666666666666,4.101891891891892,6.1891891891891895,8.95608108108108,12.65972972972973
13173,277,2.6467441860465115,8.224418604651163,353.65000000000003,2,41,1.048780487804878,21.5,2.6465326086956527,138.5,8.300141304347825,176.825,2.534390243902439,6.7560975609756095,8.082317073170731,8.62560975609756
13174,1395,3.3874840764331213,8.971433121019109,2817.03,3,228,1.3771929824561404,104.66666666666667,3.5246786240727226,465.0,9.23532374759456,939.0100000000001,3.673026315789474,6.118421052631579,9.809667397660817,12.355394736842106
13176,453,2.7775,6.845,492.84,1,66,1.0909090909090908,72.0,2.7775,453.0,6.845,492.84,2.8454545454545457,6.863636363636363,7.276439393939394,7.467272727272727
13177,91,3.514705882352941,16.61470588235294,282.45,1,17,1.0,17.0,3.514705882352941,91.0,16.61470588235294,282.45,3.514705882352941,5.352941176470588,16.61470588235294,16.61470588235294
13178,3570,2.046566037735849,21.60554716981132,5725.47,11,95,2.789473684210526,24.09090909090909,1.986121122336319,324.54545454545456,22.42188301320706,520.4972727272727,2.0464649122807015,37.578947368421055,19.59379949874687,60.2681052631579
13182,201,0.6854545454545454,11.016363636363637,121.18,1,11,1.0,11.0,0.6854545454545454,201.0,11.016363636363637,121.18,0.6854545454545454,18.272727272727273,11.016363636363637,11.016363636363637
13183,2208,2.032659574468085,42.10404255319149,3957.78,9,51,1.8431372549019607,10.444444444444445,2.130652557319224,245.33333333333334,49.78715608465609,439.75333333333333,1.8124673202614379,43.294117647058826,26.142598039215688,77.60352941176471
13184,1692,1.8393922651933703,9.39939226519337,1701.29,10,138,1.3115942028985508,18.1,1.7357076890024543,169.2,12.18673596643631,170.129,1.8490579710144928,12.26086956521739,7.974939613526571,12.328188405797102
13185,12,5.95,71.4,71.4,1,1,1.0,1.0,5.95,12.0,71.4,71.4,5.95,12.0,71.4,71.4
13186,820,3.2486075949367086,19.947974683544306,1575.89,3,69,1.144927536231884,26.333333333333332,2.6274754901960784,273.3333333333333,20.878141339869284,525.2966666666667,3.36695652173913,11.884057971014492,18.940797101449274,22.838985507246377
13187,95,3.765405405405405,6.378918918918919,236.02,1,37,1.0,37.0,3.765405405405405,95.0,6.378918918918919,236.02,3.765405405405405,2.5675675675675675,6.378918918918919,6.378918918918919
13188,25,9.575,57.3,114.6,1,2,1.0,2.0,9.575,25.0,57.3,114.6,9.575,12.5,57.3,57.3
13189,842,0.39172413793103444,8.988965517241379,260.68,2,29,1.0,14.5,0.4260353535353536,421.0,9.604141414141415,130.34,0.39172413793103444,29.03448275862069,8.988965517241379,8.988965517241379
13192,595,2.6287301587301584,14.475238095238096,911.94,2,57,1.105263157894737,31.5,2.610363636363636,297.5,14.49548484848485,455.97,2.791754385964912,10.43859649122807,14.869122807017543,15.998947368421053
13193,50,2.870344827586207,4.0648275862068965,117.88,1,22,1.3181818181818181,29.0,2.870344827586207,50.0,4.0648275862068965,117.88,3.308636363636363,2.272727272727273,4.7775,5.358181818181818
13194,26,2.65,20.233333333333334,60.7,1,3,1.0,3.0,2.65,26.0,20.233333333333334,60.7,2.65,8.666666666666666,20.233333333333334,20.233333333333334
13196,1224,2.5078181818181817,16.343454545454545,1797.78,4,97,1.134020618556701,27.5,2.1621667833800187,306.0,15.914987161531279,449.445,2.5663917525773194,12.618556701030927,16.81484536082474,18.53381443298969
13198,2648,2.379336283185841,15.049734513274338,3401.2400000000002,6,199,1.135678391959799,37.666666666666664,2.5916817864913324,441.3333333333333,15.419496583145525,566.8733333333333,2.2415577889447236,13.306532663316583,14.656281407035175,17.09165829145729
13199,6176,2.6299159663865543,82.49680672268909,9817.12,38,48,2.4791666666666665,3.1315789473684212,2.5458063909774435,162.52631578947367,90.59960338345866,258.34526315789475,3.817180555555556,128.66666666666666,80.33908333333333,204.5233333333333
13200,516,3.3756521739130436,18.915,870.09,4,42,1.0952380952380953,11.5,3.732103174603175,129.0,25.859007936507936,217.5225,3.5738095238095235,12.285714285714286,17.99952380952381,20.716428571428573
13203,800,2.3040350877192983,15.253684210526316,869.46,4,56,1.0178571428571428,14.25,2.4857250000000004,200.0,15.110716666666667,217.365,2.299642857142857,14.285714285714286,15.252857142857142,15.526071428571429
13207,130,2.2912500000000002,31.282500000000002,250.26000000000002,2,7,1.1428571428571428,4.0,2.013,65.0,28.542,125.13000000000002,2.5,18.571428571428573,32.90571428571429,35.751428571428576
13208,804,2.338456375838926,8.214093959731544,1223.9,6,124,1.2016129032258065,24.833333333333332,2.0499373774373777,134.0,7.805062983312983,203.98333333333335,2.414596774193549,6.483870967741935,7.97752688172043,9.870161290322581
13209,4253,2.2679127725856696,18.35392523364486,5891.61,8,255,1.2588235294117647,40.125,2.7949902031713894,531.625,28.357319099665503,736.45125,2.261705882352941,16.67843137254902,18.381176470588233,23.10435294117647
13210,316,1.5118181818181817,16.067272727272726,353.48,1,22,1.0,22.0,1.5118181818181817,316.0,16.067272727272726,353.48,1.5118181818181817,14.363636363636363,16.067272727272726,16.067272727272726
13211,874,1.4396428571428572,21.3825,1197.42,3,45,1.2444444444444445,18.666666666666668,1.6623333333333334,291.3333333333333,34.687666666666665,399.14000000000004,1.3242222222222222,19.42222222222222,14.533333333333333,26.609333333333336
13212,310,3.745211267605634,5.549859154929578,788.08,3,128,1.109375,47.333333333333336,4.086986855409505,103.33333333333333,5.999989888776542,262.6933333333333,3.793125,2.421875,5.5617578125,6.156875
13213,1360,2.7209999999999996,16.895333333333333,1520.58,5,82,1.0975609756097562,18.0,3.4240048840048845,272.0,22.69372893772894,304.11600000000004,2.4291463414634147,16.585365853658537,16.019674796747967,18.54365853658537
13216,297,1.448,66.748,333.74,1,5,1.0,5.0,1.448,297.0,66.748,333.74,1.448,59.4,66.748,66.748
13217,262,2.38,133.495,533.98,3,3,1.3333333333333333,1.3333333333333333,2.2100000000000004,87.33333333333333,111.83333333333333,177.99333333333334,2.276666666666667,87.33333333333333,129.48333333333335,177.99333333333334
13218,88,0.9299999999999999,12.528,62.64,1,5,1.0,5.0,0.9299999999999999,88.0,12.528,62.64,0.93,17.6,12.528,12.528
13220,196,4.531904761904762,39.01380952380953,819.2900000000001,4,18,1.1666666666666667,5.25,5.5477083333333335,49.0,76.28816666666667,204.8225,4.491666666666666,10.88888888888889,32.57722222222222,45.516111111111115
13221,244,5.01439393939394,12.839545454545455,847.41,2,62,1.064516129032258,33.0,5.014806451612904,122.0,12.749635944700461,423.70500000000004,4.929032258064517,3.935483870967742,12.553387096774195,13.667903225806453
13223,88,1.9600000000000002,32.64,163.2,2,5,1.0,2.5,2.0125,44.0,58.199999999999996,81.6,1.9600000000000002,17.6,32.64,32.64
13224,1518,2.3142592592592592,19.9625,2155.95,2,101,1.0693069306930694,54.0,2.3588528138528138,759.0,21.580833333333334,1077.975,2.371782178217822,15.029702970297029,20.01178217821782,21.346039603960396
13225,3416,2.3603125,201.995,6463.84,7,23,1.391304347826087,4.571428571428571,2.204234693877551,488.0,213.72969387755103,923.4057142857143,2.5580797101449275,148.52173913043478,217.55971014492755,281.0365217391304
13226,80,2.711875,6.7631250000000005,108.21000000000001,1,16,1.0,16.0,2.711875,80.0,6.7631250000000005,108.21000000000001,2.711875,5.0,6.7631250000000005,6.7631250000000005
13227,99,2.5999999999999996,28.633333333333333,257.7,1,9,1.0,9.0,2.5999999999999996,99.0,28.633333333333333,257.7,2.5999999999999996,11.0,28.633333333333333,28.633333333333333
13228,200,1.79,179.0,358.0,1,2,1.0,2.0,1.79,200.0,179.0,358.0,1.79,100.0,179.0,179.0
13229,63,4.0600000000000005,16.095,160.95,1,10,1.0,10.0,4.0600000000000005,63.0,16.095,160.95,4.0600000000000005,6.3,16.095,16.095
13230,1665,2.399050736497545,4.5940589198036,2806.97,14,393,1.55470737913486,43.642857142857146,2.521368782638334,118.92857142857143,5.744732727838742,200.49785714285713,2.254397794741306,4.236641221374046,4.398868744698897,7.1424173027989815
13232,778,3.2770531400966183,6.558454106280193,1357.6,7,147,1.4081632653061225,29.571428571428573,3.2614116105901823,111.14285714285714,7.4170138280537445,193.94285714285712,3.0776190476190477,5.292517006802721,6.207233560090703,9.235374149659863
13233,1004,0.737906976744186,14.072558139534884,605.12,2,43,1.0,21.5,0.7753280542986425,502.0,14.734389140271494,302.56,0.737906976744186,23.348837209302324,14.072558139534884,14.072558139534884
13235,441,2.7143103448275863,17.77706896551724,1031.07,1,53,1.0943396226415094,58.0,2.7143103448275863,441.0,17.77706896551724,1031.07,2.769433962264151,8.320754716981131,18.38952830188679,19.454150943396225
13236,416,4.0344444444444445,20.69027777777778,744.85,2,34,1.0588235294117647,18.0,3.770095238095238,208.0,20.64519047619048,372.425,4.185294117647059,12.235294117647058,19.83205882352941,21.90735294117647
13238,298,4.110645161290323,22.604193548387098,700.73,4,20,1.55,7.75,3.835422077922078,74.5,40.69464285714286,175.1825,5.239416666666666,14.9,21.635666666666665,35.036500000000004
13239,327,1.590952380952381,15.693333333333333,329.56,1,21,1.0,21.0,1.590952380952381,327.0,15.693333333333333,329.56,1.5909523809523811,15.571428571428571,15.693333333333333,15.693333333333333
13240,298,3.3132835820895523,9.905223880597015,663.65,4,59,1.1355932203389831,16.75,3.252809523809524,74.5,10.349760869565218,165.9125,3.251525423728814,5.0508474576271185,9.41906779661017,11.248305084745763
13242,130,2.08,20.800000000000004,270.40000000000003,3,12,1.0833333333333333,4.333333333333333,2.08,43.333333333333336,20.8,90.13333333333333,2.08,10.833333333333334,20.8,22.533333333333335
13243,233,3.6174137931034482,10.346034482758622,600.07,1,56,1.0357142857142858,58.0,3.6174137931034482,233.0,10.346034482758622,600.07,3.4644642857142856,4.160714285714286,10.37267857142857,10.715535714285716
13244,38,3.747777777777778,4.508888888888889,121.74000000000001,1,27,1.0,27.0,3.747777777777778,38.0,4.508888888888889,121.74000000000001,3.747777777777778,1.4074074074074074,4.5088888888888885,4.5088888888888885
13245,125,6.23125,26.90625,430.5,1,16,1.0,16.0,6.23125,125.0,26.90625,430.5,6.23125,7.8125,26.90625,26.90625
13246,1602,1.851418439716312,14.094326241134752,1987.3,6,110,1.2818181818181817,23.5,1.7558158831908832,267.0,24.58279522792023,331.21666666666664,1.9576060606060606,14.563636363636364,9.53260606060606,18.066363636363636
13247,328,2.1075999999999997,20.0448,501.12,4,18,1.3888888888888888,6.25,2.689404761904762,82.0,24.26642857142857,125.28,1.8883333333333334,18.22222222222222,19.290000000000003,27.84
13248,305,2.6873076923076926,17.91076923076923,465.68,2,25,1.04,13.0,2.5549999999999997,152.5,17.04647619047619,232.84000000000003,2.6768,12.2,17.9192,18.627200000000002
13249,546,3.430869565217391,30.93086956521739,711.41,3,21,1.0952380952380953,7.666666666666667,2.132982456140351,182.0,99.52087719298244,237.13666666666666,3.6380952380952385,26.0,19.979523809523805,33.876666666666665
13253,1572,1.1419444444444444,28.622222222222224,1030.4,2,35,1.0285714285714285,18.0,1.212875,786.0,28.738,515.2,1.1637142857142857,44.91428571428571,28.853714285714286,29.44
13255,177,4.96,30.73153846153846,399.51,2,13,1.0,6.5,4.930714285714286,88.5,31.223333333333336,199.755,4.96,13.615384615384615,30.73153846153846,30.73153846153846
13258,287,3.663684210526316,18.383684210526315,698.5799999999999,3,28,1.3571428571428572,12.666666666666666,4.0355,95.66666666666667,20.122432748538014,232.85999999999999,3.432857142857143,10.25,16.42607142857143,24.94928571428571
13259,132,2.308390804597701,3.36,292.32,1,77,1.12987012987013,87.0,2.308390804597701,132.0,3.36,292.32,2.4246753246753245,1.7142857142857142,3.526363636363636,3.7963636363636364
13260,142,4.9675,69.7025,557.62,1,8,1.0,8.0,4.9675,142.0,69.7025,557.62,4.9675,17.75,69.7025,69.7025
13261,210,5.488888888888889,104.9,944.1,2,8,1.125,4.5,5.253125000000001,105.0,102.31875,472.05,5.55625,26.25,105.6375,118.0125
13262,125,3.092727272727273,18.208181818181817,200.29,1,11,1.0,11.0,3.092727272727273,125.0,18.208181818181817,200.29,3.092727272727273,11.363636363636363,18.208181818181817,18.208181818181817
13263,4780,2.2423792486583185,4.444883720930233,7454.07,35,450,3.7266666666666666,47.91428571428571,2.487686889551773,136.57142857142858,4.697163996444741,212.97342857142857,2.160871188071188,10.622222222222222,4.151110096052279,16.5646
13265,1752,2.3726373626373625,23.1610989010989,2107.66,5,66,1.378787878787879,18.2,2.6181831501831505,350.4,22.810304029304028,421.53200000000004,2.3388636363636364,26.545454545454547,23.09060606060606,31.934242424242424
13266,4428,1.9028877005347595,20.504064171122995,3834.2599999999998,12,82,2.2804878048780486,15.583333333333334,1.952127440230478,369.0,21.49959326495085,319.5216666666667,2.158536585365854,54.0,19.93928106852497,46.759268292682926
13267,1969,3.5107582938388626,21.428862559241704,4521.49,19,88,2.397727272727273,11.105263157894736,3.5705943303772245,103.63157894736842,20.258795458196772,237.97315789473683,3.4572146792601335,22.375,20.640800865800866,51.38056818181818
13268,3658,1.5559545454545454,7.306113636363636,3214.69,11,257,1.7120622568093384,40.0,1.716029824115997,332.54545454545456,8.38402386105636,292.24454545454546,1.6109727626459143,14.233463035019454,7.117194552529183,12.50852140077821
13269,3514,2.545474683544304,16.91844936708861,5346.2300000000005,15,177,1.7853107344632768,21.066666666666666,2.6870715873288886,234.26666666666668,20.0056077104526,356.4153333333333,2.42556598062954,19.853107344632768,14.045528652138824,30.204689265536725
13270,200,2.95,590.0,590.0,1,1,1.0,1.0,2.95,200.0,590.0,590.0,2.95,200.0,590.0,590.0
13271,253,1.1966666666666665,2.264375,217.38,1,79,1.2151898734177216,96.0,1.1966666666666665,253.0,2.264375,217.38,1.3050632911392406,3.2025316455696204,2.4063291139240506,2.751645569620253
13272,96,5.339333333333333,18.437333333333335,276.56,2,15,1.0,7.5,5.470357142857143,48.0,18.495714285714286,138.28,5.339333333333333,6.4,18.437333333333335,18.437333333333335
13273,153,1.298125,8.68625,138.98,1,16,1.0,16.0,1.298125,153.0,8.68625,138.98,1.298125,9.5625,8.68625,8.68625
13276,161,5.097666666666667,19.69766666666667,590.9300000000001,2,30,1.0,15.0,6.20804347826087,80.5,19.672639751552794,295.46500000000003,5.097666666666667,5.366666666666666,19.697666666666667,19.697666666666667
13277,176,1.45,32.3,258.4,4,5,1.6,2.0,1.4833333333333334,44.0,35.02916666666667,64.6,1.4899999999999998,35.2,31.78,51.67999999999999
13278,537,1.9269565217391305,11.798478260869565,542.73,1,46,1.0,46.0,1.9269565217391305,537.0,11.798478260869565,542.73,1.9269565217391305,11.673913043478262,11.798478260869565,11.798478260869565
13279,73,2.6033333333333335,15.305555555555555,137.75,1,9,1.0,9.0,2.6033333333333335,73.0,15.305555555555555,137.75,2.6033333333333335,8.11111111111111,15.305555555555555,15.305555555555555
13280,522,2.6203529411764706,9.586588235294117,814.86,3,67,1.2686567164179106,28.333333333333332,2.3821379916501866,174.0,11.455992089650627,271.62,2.6004477611940295,7.791044776119403,9.55910447761194,12.162089552238806
13282,307,4.676216216216217,30.59837837837838,1132.14,3,29,1.2758620689655173,12.333333333333334,4.710444444444445,102.33333333333333,34.035809523809526,377.38000000000005,4.654137931034483,10.586206896551724,29.58758620689655,39.03931034482759
13283,90,1.3071428571428572,13.379999999999999,93.66,2,7,1.0,3.5,1.17,45.0,13.190999999999999,46.83,1.3071428571428572,12.857142857142858,13.379999999999999,13.379999999999999
13284,91,4.397692307692308,15.476153846153846,201.19,1,13,1.0,13.0,4.397692307692308,91.0,15.476153846153846,201.19,4.397692307692307,7.0,15.476153846153846,15.476153846153846
13285,2051,2.1348663101604277,14.487272727272726,2709.12,4,157,1.1910828025477707,46.75,2.241994114219114,512.75,14.743089801864802,677.28,2.2590127388535035,13.063694267515924,14.406369426751594,17.255541401273884
13291,233,2.6642857142857146,8.597857142857142,361.11,1,41,1.024390243902439,42.0,2.6642857142857146,233.0,8.597857142857142,361.11,2.7190243902439026,5.682926829268292,8.77170731707317,8.807560975609757
13292,347,3.7332258064516126,18.675483870967742,578.94,2,29,1.0689655172413792,15.5,3.8170168067226893,173.5,18.600567226890757,289.47,3.892413793103448,11.96551724137931,18.784137931034483,19.96344827586207
13294,453,3.6888888888888887,16.18037037037037,873.74,2,48,1.125,27.0,3.7636363636363637,226.5,16.42271306818182,436.87,3.6910416666666666,9.4375,15.922708333333333,18.202916666666667
13295,82,3.4899999999999998,20.12,201.20000000000002,1,10,1.0,10.0,3.4899999999999998,82.0,20.12,201.20000000000002,3.4899999999999998,8.2,20.12,20.12
13296,78,2.408,17.48,87.4,1,5,1.0,5.0,2.408,78.0,17.48,87.4,2.408,15.6,17.48,17.48
13297,963,2.977966101694915,35.421186440677964,2089.85,4,52,1.1346153846153846,14.75,2.818606359649123,240.75,35.75900328947368,522.4625,2.962307692307692,18.51923076923077,34.70894230769231,40.18942307692308
13298,96,3.75,180.0,360.0,1,2,1.0,2.0,3.75,96.0,180.0,360.0,3.75,48.0,180.0,180.0
13299,30,4.75,28.5,142.5,1,5,1.0,5.0,4.75,30.0,28.5,142.5,4.75,6.0,28.5,28.5
13300,203,2.3865,18.5945,371.89,1,20,1.0,20.0,2.3865,203.0,18.5945,371.89,2.3865,10.15,18.5945,18.5945
13301,345,2.637654320987654,7.630740740740741,618.09,4,75,1.08,20.25,2.6356205357142857,86.25,7.744239583333333,154.5225,2.6046666666666667,4.6,7.5202,8.241200000000001
13302,5,12.75,63.75,63.75,1,1,1.0,1.0,12.75,5.0,63.75,63.75,12.75,5.0,63.75,63.75
13304,238,3.161904761904762,14.305714285714286,300.42,1,21,1.0,21.0,3.161904761904762,238.0,14.305714285714286,300.42,3.161904761904762,11.333333333333334,14.305714285714286,14.305714285714286
13305,1232,3.3620987654320986,24.701975308641973,2000.86,10,50,1.62,8.1,3.598592185592186,123.2,25.310052655677655,200.08599999999998,3.7738666666666667,24.64,22.6374,40.017199999999995
13307,4,3.75,15.0,15.0,1,1,1.0,1.0,3.75,4.0,15.0,15.0,3.75,4.0,15.0,15.0
13308,843,3.0190740740740742,25.657592592592593,1385.51,3,49,1.1020408163265305,18.0,2.8688427259015494,281.0,24.680233785822022,461.83666666666664,2.9104081632653065,17.20408163265306,25.021020408163263,28.275714285714287
13309,1544,1.6181308411214952,13.614859813084111,1456.79,5,82,1.3048780487804879,21.4,1.690818756846868,308.8,13.77753298404382,291.358,1.6264634146341463,18.829268292682926,13.31841463414634,17.765731707317073
13310,587,3.2480555555555557,15.722638888888888,1132.03,3,65,1.1076923076923078,24.0,3.1735518518518515,195.66666666666666,15.736550617283951,377.3433333333333,3.3518461538461537,9.03076923076923,15.721692307692308,17.415846153846154
13311,305,4.1207692307692305,23.02192307692308,598.57,2,25,1.04,13.0,3.6620833333333334,152.5,37.325625,299.285,4.1548,12.2,22.1036,23.942800000000002
13313,851,2.132307692307692,19.94,1555.3200000000002,5,47,1.6595744680851063,15.6,2.1252237394957985,170.2,20.075516806722693,311.064,2.0790248226950356,18.106382978723403,18.56336879432624,33.09191489361702
13314,560,3.1879032258064517,12.515161290322581,775.94,3,55,1.1272727272727272,20.666666666666668,3.81984126984127,186.66666666666666,12.585849206349208,258.6466666666667,2.8309090909090906,10.181818181818182,12.264363636363635,14.108
13316,6948,2.504022988505747,68.70954022988505,5977.73,4,66,1.3181818181818181,21.75,2.57367864849289,1737.0,81.47368742712396,1494.4325,2.6119696969696973,105.27272727272727,49.01035353535354,90.57166666666666
13317,1035,4.001209677419355,18.336129032258064,2273.68,6,100,1.24,20.666666666666668,4.065089803312629,172.5,18.44411922015183,378.9466666666667,3.9638833333333334,10.35,17.819675,22.7368
13318,304,2.857,32.038,640.76,3,14,1.4285714285714286,6.666666666666667,2.9984615384615387,101.33333333333333,41.11153846153846,213.58666666666667,2.692142857142857,21.714285714285715,27.74285714285714,45.76857142857143
13319,4724,3.273970588235294,22.784768907563027,10845.550000000001,26,209,2.277511961722488,18.307692307692307,3.1464752278732457,181.69230769230768,21.65273483988004,417.1365384615384,3.3711975013290805,22.60287081339713,22.472313738892687,51.892583732057425
13320,1096,1.8131132075471699,14.610377358490567,1548.7,4,77,1.3766233766233766,26.5,1.808253676470588,274.0,14.680565767973857,387.175,1.8836363636363636,14.233766233766234,14.683116883116883,20.112987012987013
13321,372,2.1245454545454545,51.57818181818182,567.36,2,10,1.1,5.5,1.7863888888888888,186.0,91.47111111111111,283.68,2.18,37.2,43.784000000000006,56.736000000000004
13322,117,2.7704000000000004,7.9792000000000005,199.48000000000002,1,25,1.0,25.0,2.7704000000000004,117.0,7.9792000000000005,199.48000000000002,2.7704000000000004,4.68,7.9792000000000005,7.9792000000000005
13323,175,4.55,37.516666666666666,787.85,5,6,3.5,4.2,4.541666666666666,35.0,38.24033333333334,157.57,4.561111111111111,29.166666666666668,39.050000000000004,131.30833333333334
13324,5205,2.7862666666666667,94.95933333333333,7121.95,10,25,3.0,7.5,2.818464682539682,520.5,94.42012103174604,712.1949999999999,2.4842666666666666,208.2,91.12384285714286,284.878
13325,240,3.0283333333333338,56.275,675.3,1,12,1.0,12.0,3.0283333333333338,240.0,56.275,675.3,3.0283333333333338,20.0,56.275,56.275
13327,1600,2.772222222222222,33.59046296296296,3627.77,8,74,1.4594594594594594,13.5,2.5588174603174605,200.0,34.431686507936504,453.47125,2.777726833976834,21.62162162162162,29.31143822393823,49.023918918918916
13328,680,1.8776470588235292,76.96941176470588,1308.48,1,17,1.0,17.0,1.8776470588235292,680.0,76.96941176470588,1308.48,1.8776470588235292,40.0,76.96941176470588,76.96941176470588
13329,463,2.2535294117647062,46.411764705882355,789.0,2,16,1.0625,8.5,2.3080714285714286,231.5,45.96857142857142,394.5,2.36,28.9375,48.074999999999996,49.3125
13330,751,2.020377358490566,21.526981132075473,1140.93,3,37,1.4324324324324325,17.666666666666668,2.057197802197802,250.33333333333334,23.24478021978022,380.30999999999995,2.101036036036036,20.2972972972973,20.532792792792794,30.835945945945948
13332,179,3.0352380952380953,16.709523809523812,350.90000000000003,1,21,1.0,21.0,3.0352380952380953,179.0,16.709523809523812,350.90000000000003,3.0352380952380953,8.523809523809524,16.709523809523812,16.709523809523812
13334,1774,2.926119402985075,13.197089552238806,3536.82,3,207,1.2946859903381642,89.33333333333333,2.8264883552921867,591.3333333333334,13.539392765123717,1178.94,2.8606924315619966,8.570048309178745,13.118743961352656,17.08608695652174
13336,559,2.5023529411764707,15.590588235294117,795.12,1,51,1.0,51.0,2.5023529411764707,559.0,15.590588235294117,795.12,2.5023529411764707,10.96078431372549,15.590588235294117,15.590588235294117
13338,256,6.575263157894737,25.632631578947368,487.02,1,19,1.0,19.0,6.575263157894737,256.0,25.632631578947368,487.02,6.575263157894737,13.473684210526315,25.632631578947368,25.632631578947368
13339,326,5.235555555555556,15.928148148148148,860.12,1,54,1.0,54.0,5.235555555555556,326.0,15.928148148148148,860.12,5.235555555555555,6.037037037037037,15.928148148148148,15.928148148148148
13340,5770,2.760223880597015,80.12298507462687,10736.48,7,128,1.046875,19.142857142857142,2.6897247726676876,824.2857142857143,80.89278799795781,1533.782857142857,2.753059895833333,45.078125,81.01934895833334,83.87875
13341,301,4.182142857142857,18.472619047619048,775.85,1,42,1.0,42.0,4.182142857142857,301.0,18.472619047619048,775.85,4.182142857142857,7.166666666666667,18.472619047619048,18.472619047619048
13343,135,6.25421052631579,18.60157894736842,353.43,1,19,1.0,19.0,6.25421052631579,135.0,18.60157894736842,353.43,6.25421052631579,7.105263157894737,18.60157894736842,18.60157894736842
13344,971,5.008487394957983,21.375798319327732,2543.7200000000003,3,115,1.0347826086956522,39.666666666666664,4.756169817927171,323.6666666666667,20.214001400560225,847.9066666666668,5.005217391304348,8.443478260869565,21.677739130434784,22.119304347826088
13345,141,5.6450000000000005,19.475,389.5,1,20,1.0,20.0,5.6450000000000005,141.0,19.475,389.5,5.6450000000000005,7.05,19.475,19.475
13347,205,7.52,42.67,341.36,1,8,1.0,8.0,7.52,205.0,42.67,341.36,7.52,25.625,42.67,42.67
13348,136,2.2057142857142855,16.697142857142858,233.76000000000002,1,14,1.0,14.0,2.2057142857142855,136.0,16.697142857142858,233.76000000000002,2.2057142857142855,9.714285714285714,16.697142857142858,16.697142857142858
13349,225,4.02625,15.4575,247.32,1,16,1.0,16.0,4.02625,225.0,15.4575,247.32,4.02625,14.0625,15.4575,15.4575
13350,287,8.31575,24.478,979.12,2,36,1.1111111111111112,20.0,8.56296875,143.5,30.88703125,489.56000000000006,7.639722222222222,7.972222222222222,22.742222222222225,27.197777777777777
13351,117,6.498125,23.37125,373.94,1,16,1.0,16.0,6.498125,117.0,23.37125,373.94,6.498125,7.3125,23.37125,23.37125
13352,321,3.779583333333333,16.5825,397.98,1,24,1.0,24.0,3.779583333333333,321.0,16.5825,397.98,3.7795833333333335,13.375,16.5825,16.5825
13354,604,1.8486274509803922,14.579019607843136,743.53,1,51,1.0,51.0,1.8486274509803922,604.0,14.579019607843136,743.53,1.8486274509803922,11.843137254901961,14.579019607843136,14.579019607843136
13355,314,2.7259375,21.084375,674.7,1,32,1.0,32.0,2.7259375,314.0,21.084375,674.7,2.7259375,9.8125,21.084375,21.084375
13356,325,4.316190476190476,18.291428571428572,768.24,1,42,1.0,42.0,4.316190476190476,325.0,18.291428571428572,768.24,4.316190476190476,7.738095238095238,18.291428571428572,18.291428571428572
13357,322,2.9174444444444445,6.777222222222223,609.95,1,85,1.0588235294117647,90.0,2.9174444444444445,322.0,6.777222222222223,609.95,2.952,3.788235294117647,6.921176470588235,7.175882352941177
13358,285,5.006551724137931,15.138965517241381,439.03000000000003,1,29,1.0,29.0,5.006551724137931,285.0,15.138965517241381,439.03000000000003,5.006551724137931,9.827586206896552,15.138965517241378,15.138965517241378
13359,161,5.8,19.11130434782609,439.56,1,23,1.0,23.0,5.8,161.0,19.11130434782609,439.56,5.8,7.0,19.11130434782609,19.11130434782609
13362,1382,3.499277108433735,18.618915662650604,3090.7400000000002,4,128,1.296875,41.5,3.450970367509105,345.5,18.97955831769856,772.6850000000001,3.561015625,10.796875,18.244947916666668,24.146406250000002
13363,710,3.8373333333333335,16.541666666666668,992.5,2,47,1.2765957446808511,30.0,4.0219047619047625,355.0,16.995567765567767,496.25,3.245744680851064,15.106382978723405,16.04042553191489,21.117021276595743
13364,71,2.598,13.496,134.96,1,10,1.0,10.0,2.598,71.0,13.496,134.96,2.598,7.1,13.496,13.496
13365,1247,3.115703125,17.385703125,2225.37,2,122,1.0491803278688525,64.0,3.2041328147507917,623.5,17.5481748775569,1112.685,2.9730327868852457,10.221311475409836,16.833360655737707,18.240737704918033
13366,144,0.39,56.16,56.16,1,1,1.0,1.0,0.39,144.0,56.16,56.16,0.39,144.0,56.16,56.16
13368,327,4.917586206896552,21.49655172413793,623.4,2,29,1.0,14.5,3.9689285714285716,163.5,28.200000000000003,311.7,4.917586206896552,11.275862068965518,21.49655172413793,21.49655172413793
13369,149,6.5442857142857145,22.020000000000003,308.28000000000003,1,14,1.0,14.0,6.5442857142857145,149.0,22.020000000000003,308.28000000000003,6.5442857142857145,10.642857142857142,22.020000000000003,22.020000000000003
13370,343,3.7279487179487183,19.355641025641027,754.87,1,39,1.0,39.0,3.7279487179487183,343.0,19.355641025641027,754.87,3.7279487179487183,8.794871794871796,19.355641025641027,19.355641025641027
13372,159,6.020434782608696,16.46260869565217,378.64,1,23,1.0,23.0,6.020434782608696,159.0,16.46260869565217,378.64,6.020434782608696,6.913043478260869,16.46260869565217,16.46260869565217
13373,1651,3.27006329113924,20.963607594936708,3312.25,3,135,1.1703703703703703,52.666666666666664,3.273110805860806,550.3333333333334,20.99667216117216,1104.0833333333333,3.2202222222222225,12.22962962962963,21.292333333333335,24.535185185185185
13375,442,3.137567567567568,21.044594594594592,778.65,1,37,1.0,37.0,3.137567567567568,442.0,21.044594594594592,778.65,3.137567567567568,11.945945945945946,21.044594594594592,21.044594594594592
13376,493,5.379811320754717,19.240754716981133,1019.76,3,45,1.1777777777777778,17.666666666666668,5.438253968253968,164.33333333333334,19.21121693121693,339.92,3.747333333333333,10.955555555555556,17.83577777777778,22.66133333333333
13379,601,1.7503092783505154,5.902680412371134,572.56,3,85,1.1411764705882352,32.333333333333336,1.6207407407407406,200.33333333333334,6.882074074074073,190.85333333333332,1.812235294117647,7.070588235294117,6.024058823529411,6.736
13381,2029,3.0504069767441857,21.15877906976744,3639.31,6,77,2.2337662337662336,28.666666666666668,3.029124893713418,338.1666666666667,21.163889623681843,606.5516666666666,2.9350822510822514,26.350649350649352,21.830705627705626,47.26376623376623
13382,131,2.7520000000000002,14.866000000000001,222.99,1,15,1.0,15.0,2.7520000000000002,131.0,14.866000000000001,222.99,2.7520000000000002,8.733333333333333,14.866000000000001,14.866000000000001
13384,2422,3.173223684210526,27.315328947368425,4151.93,7,123,1.2357723577235773,21.714285714285715,3.1287784295299828,346.0,27.93877859706431,593.1328571428572,3.2777235772357725,19.691056910569106,24.00439024390244,33.755528455284555
13385,281,4.533142857142857,15.273428571428573,534.57,1,35,1.0,35.0,4.533142857142857,281.0,15.273428571428573,534.57,4.533142857142857,8.028571428571428,15.273428571428573,15.273428571428573
13388,282,4.5608571428571425,19.345714285714287,677.1,2,35,1.0,17.5,4.077096774193549,141.0,16.99596774193548,338.54999999999995,4.5608571428571425,8.057142857142857,19.345714285714287,19.345714285714287
13389,429,3.844901960784314,15.646274509803922,797.96,3,50,1.02,17.0,3.9107108262108263,143.0,15.731612535612536,265.9866666666667,3.8227999999999995,8.58,15.513700000000002,15.959200000000001
13390,224,3.060769230769231,41.8523076923077,544.08,1,13,1.0,13.0,3.060769230769231,224.0,41.8523076923077,544.08,3.060769230769231,17.23076923076923,41.8523076923077,41.8523076923077
13391,4,14.95,59.8,59.8,1,1,1.0,1.0,14.95,4.0,59.8,59.8,14.95,4.0,59.8,59.8
13394,2392,1.6380000000000001,16.258193548387098,2520.02,8,124,1.25,19.375,1.650121561716792,299.0,16.890461675928954,315.0025,1.6087231182795698,19.29032258064516,15.341290322580644,20.322741935483872
13395,336,2.7238095238095235,14.653333333333334,307.72,1,21,1.0,21.0,2.7238095238095235,336.0,14.653333333333334,307.72,2.723809523809524,16.0,14.653333333333334,14.653333333333334
13396,600,3.8948837209302325,31.65093023255814,1360.99,2,42,1.0238095238095237,21.5,3.8804404761904765,300.0,30.296857142857142,680.495,3.869761904761905,14.285714285714286,30.28309523809524,32.40452380952381
13397,430,4.0,40.635000000000005,1544.13,5,28,1.3571428571428572,7.6,4.257484126984127,86.0,54.22684126984127,308.826,4.005714285714285,15.357142857142858,37.87955357142857,55.1475
13398,281,3.4296153846153845,17.59,457.34000000000003,1,26,1.0,26.0,3.4296153846153845,281.0,17.59,457.34000000000003,3.4296153846153845,10.807692307692308,17.59,17.59
13402,479,1.97974358974359,15.92897435897436,621.23,2,32,1.21875,19.5,2.065200534759358,239.5,16.179558823529412,310.615,1.844375,14.96875,15.0515625,19.4134375
13403,44,2.9166666666666665,25.0,75.0,1,3,1.0,3.0,2.9166666666666665,44.0,25.0,75.0,2.9166666666666665,14.666666666666666,25.0,25.0
13404,111,2.900909090909091,22.953636363636363,252.49,2,11,1.0,5.5,2.896666666666667,55.5,20.770555555555553,126.245,2.900909090909091,10.090909090909092,22.953636363636363,22.953636363636363
13405,165,5.427814814814814,21.201888888888888,572.451,3,25,1.08,9.0,6.0814532163742685,55.0,18.363763157894738,190.817,5.05202,6.6,21.578020000000002,22.89804
13408,16232,2.439100418410042,58.82225941422595,28117.04,62,234,2.0427350427350426,7.709677419354839,2.786440696400374,261.80645161290323,70.64683924901264,453.5006451612903,2.688167141500475,69.36752136752136,66.04509177859178,120.1582905982906
13410,518,2.440714285714286,35.82357142857143,1003.06,5,15,1.8666666666666667,5.6,2.418,103.6,42.0385,200.612,2.194666666666667,34.53333333333333,34.51866666666667,66.87066666666666
13411,72,3.263888888888889,11.863888888888889,213.55,1,17,1.0588235294117647,18.0,3.263888888888889,72.0,11.863888888888889,213.55,3.3823529411764706,4.235294117647059,12.37794117647059,12.561764705882354
13414,1574,1.8404166666666668,57.9375,1390.5,3,23,1.0434782608695652,8.0,2.133888888888889,524.6666666666666,190.84666666666666,463.5,1.8906521739130435,68.43478260869566,42.58695652173913,60.45652173913044
13416,142,5.455263157894737,37.5,712.5,2,11,1.7272727272727273,9.5,5.399147727272727,71.0,39.84375,356.25,5.754545454545454,12.909090909090908,37.1,64.77272727272727
13417,162,6.356428571428571,22.886785714285715,640.83,2,26,1.0769230769230769,14.0,6.192777777777778,81.0,23.045277777777777,320.41499999999996,6.312692307692307,6.230769230769231,22.51653846153846,24.647307692307695
13418,3918,2.9381578947368423,20.156019736842108,6127.43,18,223,1.3632286995515694,16.88888888888889,2.965713154308063,217.66666666666666,21.345746156488516,340.4127777777778,2.805,17.569506726457398,19.160571748878922,27.477264573991032
13419,275,1.011875,13.81625,221.06,1,16,1.0,16.0,1.011875,275.0,13.81625,221.06,1.011875,17.1875,13.81625,13.81625
13420,101,3.5425,19.98125,159.85,2,8,1.0,4.0,3.5425,50.5,19.98125,79.925,3.5424999999999995,12.625,19.98125,19.98125
13421,1181,2.088461538461538,17.798846153846153,1851.08,2,88,1.1818181818181819,52.0,2.040421875,590.5,19.271124999999998,925.54,2.1376704545454546,13.420454545454545,17.16119318181818,21.035
13422,1326,3.0306299212598424,20.67952755905512,2626.3,1,127,1.0,127.0,3.0306299212598424,1326.0,20.67952755905512,2626.3,3.0306299212598424,10.440944881889763,20.67952755905512,20.67952755905512
13425,1123,2.634102564102564,20.823205128205128,1624.21,3,66,1.1818181818181819,26.0,2.657777777777778,374.3333333333333,20.74574074074074,541.4033333333333,2.6857575757575756,17.015151515151516,21.44909090909091,24.609242424242424
13426,2245,1.8858598726114648,23.193121019108283,3641.32,10,103,1.5242718446601942,15.7,2.1441296536796535,224.5,27.446091125541123,364.132,2.084660194174757,21.796116504854368,24.490339805825244,35.3526213592233
13427,545,1.6500000000000001,20.089655172413792,582.6,3,25,1.16,9.666666666666666,1.8398677248677249,181.66666666666666,20.44650793650794,194.20000000000002,1.6603999999999999,21.8,20.3688,23.304000000000002
13428,156,1.9724324324324325,2.952297297297297,218.47,1,70,1.0571428571428572,74.0,1.9724324324324325,156.0,2.952297297297297,218.47,1.8942857142857141,2.2285714285714286,2.8410714285714285,3.121
13429,1390,1.2207462686567165,15.02686567164179,1006.8,4,55,1.2181818181818183,16.75,1.328464912280702,347.5,15.122697368421054,251.70000000000002,1.2705454545454544,25.272727272727273,15.47590909090909,18.305454545454545
13430,751,1.6575510204081632,13.866326530612247,679.45,2,48,1.0208333333333333,24.5,1.7529741379310346,375.5,14.37694827586207,339.725,1.6056249999999999,15.645833333333334,13.636458333333332,14.155208333333334
13431,672,3.2167391304347825,27.589130434782607,1269.1,2,44,1.0454545454545454,23.0,4.141277777777778,336.0,32.62766666666667,634.5500000000001,3.078863636363636,15.272727272727273,25.67840909090909,28.843181818181815
13434,300,1.652,53.424,534.24,2,9,1.1111111111111112,5.0,1.652,150.0,53.424,267.12,1.6022222222222222,33.333333333333336,56.56000000000001,59.36
13435,2129,2.935247524752475,37.72168316831683,3809.89,7,68,1.4852941176470589,14.428571428571429,2.9432919132565307,304.14285714285717,38.964911157445435,544.27,2.895955882352941,31.308823529411764,28.1867818627451,56.027794117647055
13436,76,5.829999999999999,16.4075,196.89,1,12,1.0,12.0,5.829999999999999,76.0,16.4075,196.89,5.829999999999999,6.333333333333333,16.4075,16.4075
13437,1283,4.8889820359281435,20.40754491017964,3408.06,7,143,1.167832167832168,23.857142857142858,4.18633665895508,183.28571428571428,22.994670329670328,486.86571428571426,5.208135198135198,8.972027972027972,19.258251748251748,23.83258741258741
13439,242,1.7253703703703704,5.253888888888889,283.71,1,54,1.0,54.0,1.7253703703703704,242.0,5.253888888888889,283.71,1.7253703703703704,4.481481481481482,5.253888888888889,5.253888888888889
13441,204,1.926153846153846,22.818461538461538,296.64,1,13,1.0,13.0,1.926153846153846,204.0,22.818461538461538,296.64,1.926153846153846,15.692307692307692,22.818461538461538,22.818461538461538
13447,584,3.139830508474576,19.137966101694918,1129.14,3,55,1.0727272727272728,19.666666666666668,3.0849440836940833,194.66666666666666,18.722068001443002,376.38000000000005,3.1412727272727277,10.618181818181819,18.90981818181818,20.529818181818182
13448,1660,3.182205128205128,18.150615384615385,3539.3700000000003,6,137,1.4233576642335766,32.5,2.824660280818369,276.6666666666667,21.029476333704277,589.895,3.36647201946472,12.116788321167883,16.39212895377129,25.834817518248176
13449,222,1.924736842105263,15.362105263157895,291.88,1,19,1.0,19.0,1.924736842105263,222.0,15.362105263157895,291.88,1.924736842105263,11.68421052631579,15.362105263157895,15.362105263157895
13450,1982,1.5401408450704224,28.784788732394368,2043.72,6,32,2.21875,11.833333333333334,1.5532253443437654,330.3333333333333,30.71296124927704,340.62,1.49328125,61.9375,27.0443125,63.86625
13451,2149,2.1018284424379234,6.718171557562077,2976.15,5,315,1.4063492063492065,88.6,2.1098126049455592,429.8,6.943029394048712,595.23,2.1605714285714286,6.822222222222222,6.461280045351474,9.448095238095238
13452,2,295.0,295.0,590.0,2,1,2.0,1.0,295.0,1.0,295.0,295.0,295.0,2.0,295.0,590.0
13453,134,4.546470588235294,20.998823529411766,356.98,2,16,1.0625,8.5,4.506388888888889,67.0,21.116944444444442,178.49,4.7275,8.375,20.455,22.31125
13455,354,4.624347826086956,23.007391304347824,1058.34,2,42,1.0952380952380953,23.0,4.488145833333333,177.0,22.967750000000002,529.1700000000001,4.167142857142856,8.428571428571429,21.67595238095238,25.198571428571427
13456,765,3.458730158730159,28.043174603174602,1766.72,6,43,1.4651162790697674,10.5,4.134543982587461,127.5,44.06953509051335,294.4533333333333,3.3345736434108524,17.790697674418606,23.185542635658916,41.08651162790698
13458,5508,2.4352356020942407,25.252801047120418,9646.57,14,242,1.578512396694215,27.285714285714285,2.4948053256271585,393.42857142857144,24.93120046585195,689.0407142857142,2.3701564344746164,22.760330578512395,22.22399990161354,39.861859504132234
13460,286,1.06,10.790588235294118,183.44,2,16,1.0625,8.5,1.2486363636363635,143.0,11.216212121212122,91.72,1.1,17.875,10.80875,11.465
13461,1170,1.5685185185185186,53.51851851851852,1445.0,3,14,1.9285714285714286,9.0,1.4537222222222221,390.0,55.22444444444445,481.6666666666667,1.6001190476190477,83.57142857142857,52.11071428571428,103.21428571428571
13462,62,3.388888888888889,16.833333333333332,151.5,1,9,1.0,9.0,3.388888888888889,62.0,16.833333333333332,151.5,3.388888888888889,6.888888888888889,16.833333333333332,16.833333333333332
13464,403,3.205609756097561,16.45560975609756,674.68,1,41,1.0,41.0,3.205609756097561,403.0,16.45560975609756,674.68,3.205609756097561,9.829268292682928,16.45560975609756,16.45560975609756
13466,259,2.841764705882353,18.111764705882354,307.90000000000003,1,17,1.0,17.0,2.841764705882353,259.0,18.111764705882354,307.90000000000003,2.841764705882353,15.235294117647058,18.111764705882354,18.111764705882354
13467,584,2.731818181818182,10.946565656565657,1083.71,2,89,1.1123595505617978,49.5,3.4981392405063296,292.0,12.483528481012659,541.855,2.7091011235955054,6.561797752808989,10.871235955056179,12.176516853932585
13468,2589,4.103245033112583,18.89062913907285,5704.97,37,184,1.641304347826087,8.162162162162161,4.263311578495789,69.97297297297297,19.78247087312877,154.1883783783784,3.6355059523809525,14.070652173913043,18.091833592132506,31.005271739130436
13470,100,1.65,16.5,165.0,2,7,1.4285714285714286,5.0,1.65,50.0,16.5,82.5,1.65,14.285714285714286,16.5,23.571428571428573
13471,1590,2.5075384615384615,9.736846153846153,2531.58,4,214,1.2149532710280373,65.0,2.387919328605153,397.5,14.65390673357841,632.895,2.523504672897196,7.429906542056075,10.15459890965732,11.82981308411215
13473,266,3.728095238095238,20.125714285714285,422.64,2,21,1.0,10.5,3.878611111111111,133.0,20.129166666666666,211.32,3.728095238095238,12.666666666666666,20.125714285714285,20.125714285714285
13474,132,2.32265625,3.58734375,229.59,1,59,1.0847457627118644,64.0,2.32265625,132.0,3.58734375,229.59,2.453050847457627,2.23728813559322,3.779322033898305,3.89135593220339
13475,1012,2.8886046511627907,16.648604651162792,1431.78,4,64,1.34375,21.5,2.798561561853002,253.0,17.401227355072464,357.945,3.096015625,15.8125,16.44671875,22.3715625
13476,417,8.79551724137931,21.352931034482758,1238.47,2,56,1.0357142857142858,29.0,8.795517241379311,208.5,21.352931034482758,619.235,8.915000000000001,7.446428571428571,21.443214285714284,22.115535714285716
13477,1021,2.530886075949367,18.41240506329114,1454.58,6,57,1.3859649122807018,13.166666666666666,2.5310454822954824,170.16666666666666,18.773474358974358,242.42999999999998,2.294853801169591,17.912280701754387,16.888040935672514,25.518947368421053
13479,134,4.6466666666666665,20.063333333333333,300.95,2,14,1.0714285714285714,7.5,4.737500000000001,67.0,20.207589285714285,150.475,4.710714285714286,9.571428571428571,19.889285714285712,21.49642857142857
13481,1142,2.2855963302752293,16.55559633027523,1804.56,5,98,1.1122448979591837,21.8,2.101794092313928,228.4,16.566692839409665,360.912,2.2250170068027213,11.653061224489797,16.07561224489796,18.41387755102041
13482,116,2.439090909090909,16.785454545454545,184.64000000000001,1,11,1.0,11.0,2.439090909090909,116.0,16.785454545454545,184.64000000000001,2.439090909090909,10.545454545454545,16.785454545454545,16.785454545454545
13483,160,1.0559999999999998,14.034,140.34,1,10,1.0,10.0,1.0559999999999998,160.0,14.034,140.34,1.056,16.0,14.034,14.034
13484,44,7.5,39.225,313.8,1,8,1.0,8.0,7.5,44.0,39.225,313.8,7.5,5.5,39.225,39.225
13485,277,2.425217391304348,19.749565217391304,454.24,1,23,1.0,23.0,2.425217391304348,277.0,19.749565217391304,454.24,2.425217391304348,12.043478260869565,19.749565217391304,19.749565217391304
13486,669,2.9099999999999997,16.2668115942029,1122.41,3,69,1.0,23.0,2.7746352234587532,223.0,15.992311959017842,374.1366666666667,2.9099999999999997,9.695652173913043,16.2668115942029,16.2668115942029
13487,265,4.451176470588235,16.923529411764704,575.4,3,26,1.3076923076923077,11.333333333333334,4.516853146853147,88.33333333333333,16.935850815850817,191.80000000000004,3.7284615384615383,10.192307692307692,16.698076923076922,22.13076923076923
13488,4518,3.4669194312796208,21.25191943127962,8968.31,13,271,1.5571955719557196,32.46153846153846,3.3386822529299303,347.53846153846155,21.01679066855248,689.87,3.4390880337374803,16.671586715867157,21.330367685819716,33.09339483394834
13489,560,1.417142857142857,32.10857142857143,449.52,4,11,1.2727272727272727,3.5,1.23125,140.0,59.57,112.38000000000001,1.5945454545454545,50.90909090909091,27.081818181818186,40.86545454545455
13491,903,3.372093023255814,14.137441860465115,1215.82,10,73,1.178082191780822,8.6,3.6344792041292044,90.3,14.340753646353647,121.582,2.874200913242009,12.36986301369863,13.649817351598175,16.655068493150683
13494,162,3.665,17.570000000000004,316.26000000000005,1,18,1.0,18.0,3.665,162.0,17.570000000000004,316.26000000000005,3.665,9.0,17.570000000000004,17.570000000000004
13495,829,2.5783333333333336,42.60145833333333,2044.8700000000001,5,34,1.411764705882353,9.6,2.703683333333333,165.8,44.364219047619045,408.974,2.712058823529412,24.38235294117647,40.2175,60.14323529411765
13496,341,3.108285714285714,18.66657142857143,653.33,2,28,1.25,17.5,2.532735042735043,170.5,18.097029914529912,326.66499999999996,3.5625,12.178571428571429,19.458928571428572,23.333214285714288
13497,163,2.973684210526316,18.318421052631578,348.05,2,19,1.0,9.5,3.020833333333333,81.5,18.255277777777778,174.025,2.973684210526316,8.578947368421053,18.318421052631578,18.318421052631578
13499,1365,2.131666666666667,27.597857142857144,1159.1100000000001,5,31,1.3548387096774193,8.4,1.9457817460317461,273.0,28.374817460317463,231.82200000000003,2.002741935483871,44.03225806451613,26.051129032258064,37.39064516129033
13500,609,3.627076923076923,17.950307692307693,1166.77,3,60,1.0833333333333333,21.666666666666668,3.6463271604938274,203.0,17.92851851851852,388.92333333333335,3.531833333333333,10.15,18.021166666666666,19.446166666666667
13502,264,1.7977777777777777,16.22222222222222,292.0,3,17,1.0588235294117647,6.0,2.0943333333333336,88.0,18.329555555555554,97.33333333333333,1.83,15.529411764705882,16.294117647058822,17.176470588235293
13503,248,2.1811764705882353,12.755882352941176,216.85,1,17,1.0,17.0,2.1811764705882353,248.0,12.755882352941176,216.85,2.1811764705882353,14.588235294117647,12.755882352941176,12.755882352941176
13504,178,3.7018181818181817,13.451363636363636,295.93,1,22,1.0,22.0,3.7018181818181817,178.0,13.451363636363636,295.93,3.7018181818181817,8.090909090909092,13.451363636363636,13.451363636363636
13506,324,2.8611538461538464,17.635384615384616,458.52,2,26,1.0,13.0,2.872908496732026,162.0,17.60091503267974,229.26,2.8611538461538464,12.461538461538462,17.635384615384616,17.635384615384616
13507,1597,3.3541975308641976,15.303456790123455,2479.16,4,146,1.1095890410958904,40.5,3.4984983031674206,399.25,15.761732590221829,619.7900000000001,3.128150684931507,10.938356164383562,15.03216894977169,16.98054794520548
13508,24,5.1925,9.2475,110.97,1,12,1.0,12.0,5.1925,24.0,9.2475,110.97,5.1925,2.0,9.2475,9.2475
13509,1106,1.3643181818181818,22.266363636363636,979.72,7,27,1.6296296296296295,6.285714285714286,3.0558571428571426,158.0,34.60547619047619,139.96,1.5595061728395063,40.96296296296296,22.30432098765432,36.28592592592593
13510,1386,2.385913043478261,15.578782608695652,1791.56,4,86,1.3372093023255813,28.75,2.32087891418269,346.5,15.498166661713572,447.89,2.513255813953488,16.11627906976744,15.723604651162791,20.832093023255812
13512,143,4.1353333333333335,16.747333333333334,251.21,1,15,1.0,15.0,4.1353333333333335,143.0,16.747333333333334,251.21,4.1353333333333335,9.533333333333333,16.747333333333334,16.747333333333334
13513,109,3.685,20.509999999999998,205.1,1,10,1.0,10.0,3.685,109.0,20.509999999999998,205.1,3.685,10.9,20.51,20.51
13514,40,4.175000000000001,38.050000000000004,152.20000000000002,1,4,1.0,4.0,4.175000000000001,40.0,38.050000000000004,152.20000000000002,4.175000000000001,10.0,38.050000000000004,38.050000000000004
13515,681,2.1654237288135594,15.103728813559322,891.12,4,50,1.18,14.75,2.1593108974358977,170.25,15.03030982905983,222.78,2.2862,13.62,15.168399999999998,17.822400000000002
13516,985,2.9477272727272723,31.5775,1389.41,3,43,1.0232558139534884,14.666666666666666,3.1746031746031744,328.3333333333333,54.7757859703021,463.1366666666667,2.9244186046511627,22.906976744186046,31.944418604651162,32.31186046511628
13517,1369,2.921631205673759,15.09517730496454,2128.42,3,125,1.128,47.0,3.02330259835194,456.3333333333333,15.363098086124403,709.4733333333334,2.698933333333333,10.952,14.896360000000001,17.02736
13518,392,2.7518421052631576,17.353684210526318,659.44,1,36,1.0555555555555556,38.0,2.7518421052631576,392.0,17.353684210526318,659.44,2.7094444444444448,10.88888888888889,17.42111111111111,18.317777777777778
13519,23,6.34375,15.34375,122.75,1,8,1.0,8.0,6.34375,23.0,15.34375,122.75,6.34375,2.875,15.34375,15.34375
13521,736,1.8141743119266056,2.508371559633028,1093.65,3,313,1.3929712460063899,145.33333333333334,1.8777700704078655,245.33333333333334,2.5801365607987528,364.55,1.9047923322683709,2.351437699680511,2.4790362087326945,3.49408945686901
13522,44,3.2700000000000005,25.160000000000004,125.80000000000001,1,5,1.0,5.0,3.2700000000000005,44.0,25.160000000000004,125.80000000000001,3.2700000000000005,8.8,25.160000000000004,25.160000000000004
13523,1752,6.2013372093023245,23.051627906976744,3964.88,5,157,1.0955414012738853,34.4,5.00525888487091,350.4,22.004754856614248,792.976,6.31515923566879,11.159235668789808,23.43564755838641,25.254012738853504
13524,324,3.4651851851851854,25.191851851851855,680.1800000000001,5,17,1.588235294117647,5.4,3.5829682539682537,64.8,27.918920634920635,136.036,2.7923529411764707,19.058823529411764,23.915686274509802,40.01058823529412
13525,394,3.901666666666667,104.79666666666667,628.78,2,5,1.2,3.0,3.2399999999999998,197.0,113.9575,314.39,4.392,78.8,79.356,125.756
13527,1692,2.858340807174888,10.257892376681616,2287.51,7,153,1.457516339869281,31.857142857142858,2.6287710840988283,241.71428571428572,12.065009573759573,326.7871428571429,2.6862745098039214,11.058823529411764,10.23204248366013,14.951045751633988
13529,74,5.598666666666667,20.517333333333333,307.76,2,15,1.0,7.5,5.728660714285715,37.0,20.851964285714285,153.88,5.598666666666667,4.933333333333334,20.517333333333333,20.517333333333333
13531,174,4.539545454545455,21.990909090909092,483.8,2,17,1.2941176470588236,11.0,4.367857142857143,87.0,22.92095238095238,241.89999999999998,4.7564705882352944,10.235294117647058,20.63235294117647,28.458823529411767
13532,129,2.223181818181818,3.1865151515151515,210.31,1,66,1.0,66.0,2.223181818181818,129.0,3.1865151515151515,210.31,2.223181818181818,1.9545454545454546,3.1865151515151515,3.1865151515151515
13533,204,1.9332894736842106,3.563026315789474,270.79,3,61,1.2459016393442623,25.333333333333332,2.011520202020202,68.0,4.3414570707070705,90.26333333333332,1.9554098360655738,3.3442622950819674,3.4704918032786884,4.439180327868852
13534,2961,2.811013513513514,19.83135135135135,5870.08,25,119,2.4873949579831933,11.84,3.2109190532480936,118.44,19.39403970733429,234.8032,3.0431368183637093,24.88235294117647,18.18760258648914,49.328403361344535
13536,2136,3.2182681564245814,19.264189944134078,3448.29,7,91,1.967032967032967,25.571428571428573,3.4746159431965005,305.14285714285717,21.68063179065677,492.61285714285714,2.9410714285714286,23.47252747252747,16.206153846153846,37.893296703296706
13538,175,7.4764,51.233999999999995,1280.85,7,10,2.5,3.5714285714285716,7.540285714285714,25.0,50.769999999999996,182.97857142857146,7.5027,17.5,47.894,128.08499999999998
13539,320,4.195135135135135,17.063243243243242,631.34,3,35,1.0571428571428572,12.333333333333334,3.9807840909090912,106.66666666666667,16.60126893939394,210.4466666666667,4.090571428571428,9.142857142857142,16.779714285714284,18.038285714285717
13544,127,2.943448275862069,3.349540229885058,291.41,2,76,1.144736842105263,43.5,3.042900107411386,63.5,3.4712889366272823,145.70499999999998,3.152368421052632,1.6710526315789473,3.5576973684210524,3.834342105263158
13546,359,2.204285714285714,6.397857142857143,626.99,3,72,1.3611111111111112,32.666666666666664,2.2226365999173017,119.66666666666667,6.478196881091617,208.99666666666667,2.090138888888889,4.986111111111111,5.961087962962963,8.708194444444445
13548,441,2.8149193548387097,5.503306451612903,682.41,2,114,1.087719298245614,62.0,2.8138758782201405,220.5,5.489074941451991,341.205,2.922543859649123,3.8684210526315788,5.43061403508772,5.986052631578947
13549,458,3.5321568627450985,18.00392156862745,918.2,7,37,1.3783783783783783,7.285714285714286,4.144364564007421,65.42857142857143,18.04792439703154,131.17142857142858,2.792162162162162,12.378378378378379,17.938851351351353,24.81621621621622
13551,12,7.65,22.950000000000003,91.80000000000001,1,4,1.0,4.0,7.65,12.0,22.950000000000003,91.80000000000001,7.65,3.0,22.950000000000003,22.950000000000003
13552,1417,3.9112844036697245,34.31256880733945,3740.07,12,82,1.329268292682927,9.083333333333334,3.701803451178451,118.08333333333333,33.25699549062049,311.6725,3.633219512195122,17.28048780487805,32.02880081300813,45.61060975609756
13555,2660,2.388235294117647,30.50941176470588,4149.28,4,128,1.0625,34.0,2.3410501749125436,665.0,30.981999150424787,1037.32,2.44765625,20.78125,30.5975,32.41625
13557,546,1.4773529411764705,17.17823529411765,584.0600000000001,2,31,1.096774193548387,17.0,1.4786458333333332,273.0,17.059583333333336,292.03,1.5196774193548388,17.612903225806452,17.21483870967742,18.840645161290322
13558,344,2.2094857142857145,3.457485714285714,605.06,4,123,1.4227642276422765,43.75,2.1705951330037667,86.0,3.4839801082862523,151.265,2.4047967479674797,2.796747967479675,3.618258807588076,4.9191869918699185
13560,64,2.9854545454545454,5.283939393939394,174.37,1,32,1.03125,33.0,2.9854545454545454,64.0,5.283939393939394,174.37,2.9865625000000002,2.0,5.3568750000000005,5.4490625
13561,83,3.5464285714285713,10.132857142857143,141.85999999999999,1,14,1.0,14.0,3.5464285714285713,83.0,10.132857142857143,141.85999999999999,3.5464285714285713,5.928571428571429,10.132857142857143,10.132857142857143
13562,757,3.83719512195122,21.943048780487807,1799.3300000000002,3,50,1.64,27.333333333333332,3.8604885057471265,252.33333333333334,22.12656609195402,599.7766666666666,4.0714,15.14,21.8066,35.9866
13563,209,8.512857142857143,15.867959183673468,777.53,2,49,1.0,24.5,16.04621794871795,104.5,27.318141025641026,388.765,8.512857142857143,4.26530612244898,15.867959183673468,15.867959183673468
13564,661,10.248795180722892,21.07253012048193,1749.02,3,68,1.2205882352941178,27.666666666666668,185.9857723577236,220.33333333333334,193.28959349593495,583.0066666666667,11.524117647058823,9.720588235294118,21.693970588235295,25.720882352941175
13565,172,1.7186842105263158,6.321578947368421,240.22,2,35,1.0857142857142856,19.0,1.684476923076923,86.0,6.838492307692308,120.10999999999999,1.7525714285714284,4.914285714285715,6.429857142857142,6.863428571428571
13566,575,1.8909090909090909,4.969943181818182,874.71,2,134,1.3134328358208955,88.0,1.8580840005618766,287.5,4.887149178255374,437.355,1.9429104477611943,4.291044776119403,4.884347014925374,6.52768656716418
13568,70,3.001136363636364,4.382954545454545,192.85,1,41,1.0731707317073171,44.0,3.001136363636364,70.0,4.382954545454545,192.85,2.9926829268292683,1.7073170731707317,4.165243902439024,4.703658536585365
13569,164,3.1531764705882352,4.397058823529412,373.75,2,73,1.1643835616438356,42.5,3.2194398907103823,82.0,4.558688524590163,186.875,3.136575342465753,2.2465753424657535,4.3556621004566205,5.11986301369863
13570,161,2.102592592592593,8.870000000000001,239.49,1,27,1.0,27.0,2.102592592592593,161.0,8.870000000000001,239.49,2.1025925925925923,5.962962962962963,8.870000000000001,8.870000000000001
13571,1759,1.7267741935483871,6.1358357771261005,2092.32,12,157,2.171974522292994,28.416666666666668,1.754835122665242,146.58333333333334,6.28471415017955,174.36,2.003312101910828,11.203821656050955,6.099664088565362,13.32687898089172
13572,534,4.502424242424243,41.946969696969695,1384.25,1,32,1.03125,33.0,4.502424242424243,534.0,41.946969696969695,1384.25,4.5571875,16.6875,42.163281250000004,43.2578125
13573,303,3.5473076923076925,11.323076923076924,294.40000000000003,2,24,1.0833333333333333,13.0,3.0368840579710144,151.5,11.004347826086956,147.2,3.51375,12.625,11.234375,12.266666666666666
13575,449,2.1478260869565218,15.914565217391305,732.07,5,41,1.1219512195121952,9.2,2.2323357142857145,89.8,16.045949999999998,146.414,2.201219512195122,10.951219512195122,15.996829268292682,17.855365853658537
13576,2646,3.223492063492064,53.312222222222225,6717.34,18,78,1.6153846153846154,7.0,3.104414780638465,147.0,76.26256282752335,373.18555555555554,3.409294871794872,33.92307692307692,20.532467948717947,86.11974358974359
13577,791,3.086987951807229,20.33253012048193,1687.6000000000001,4,61,1.360655737704918,20.75,3.0694603937728937,197.75,21.07451923076923,421.9,3.521106557377049,12.967213114754099,21.218715846994535,27.6655737704918
13579,176,4.260434782608695,20.30608695652174,467.04,2,19,1.2105263157894737,11.5,4.318095238095238,88.0,19.947857142857142,233.52,4.183684210526316,9.263157894736842,19.57315789473684,24.58105263157895
13581,30,4.48,11.8,118.0,1,10,1.0,10.0,4.48,30.0,11.8,118.0,4.48,3.0,11.8,11.8
13583,725,2.0120754716981133,14.736415094339621,781.03,1,53,1.0,53.0,2.0120754716981133,725.0,14.736415094339621,781.03,2.0120754716981133,13.679245283018869,14.736415094339621,14.736415094339621
13584,37,4.164583333333333,5.933333333333334,142.4,1,24,1.0,24.0,4.164583333333333,37.0,5.933333333333334,142.4,4.164583333333333,1.5416666666666667,5.933333333333334,5.933333333333334
13587,180,6.63625,89.05,712.4,1,8,1.0,8.0,6.63625,180.0,89.05,712.4,6.6362499999999995,22.5,89.05,89.05
13588,2606,1.376494252873563,14.246839080459768,2478.95,9,131,1.3282442748091603,19.333333333333332,1.4768379414705355,289.55555555555554,13.650338303638408,275.43888888888887,1.418473282442748,19.893129770992367,13.646641221374047,18.92328244274809
13589,114,6.701428571428571,18.07857142857143,379.65,2,21,1.0,10.5,6.847777777777777,57.0,17.860416666666666,189.825,6.701428571428571,5.428571428571429,18.07857142857143,18.07857142857143
13590,1848,1.8458620689655172,22.780689655172413,1981.92,6,70,1.2428571428571429,14.5,1.8461271367521366,308.0,23.735675417175415,330.32,1.8964285714285714,26.4,22.310285714285715,28.313142857142857
13591,485,3.979310344827586,19.26086206896552,1117.13,3,56,1.0357142857142858,19.333333333333332,3.982937198067633,161.66666666666666,19.35866183574879,372.3766666666666,3.6982142857142857,8.660714285714286,18.533125000000002,19.94875
13592,84,6.26,15.497499999999999,247.95999999999998,4,15,1.0666666666666667,4.0,6.904583333333333,21.0,18.944166666666668,61.989999999999995,5.947333333333334,5.6,15.070666666666666,16.53066666666667
13593,731,4.3735156250000005,15.914687500000001,2037.0800000000002,5,77,1.6623376623376624,25.6,3.636060950294084,146.2,16.01027443329617,407.41600000000005,4.055000000000001,9.493506493506494,14.674794372294373,26.45558441558442
13594,359,1.5953846153846152,15.268076923076924,396.97,1,26,1.0,26.0,1.5953846153846152,359.0,15.268076923076924,396.97,1.5953846153846152,13.807692307692308,15.268076923076924,15.268076923076924
13596,406,2.282951807228916,4.199036144578313,697.04,2,133,1.2481203007518797,83.0,2.1157394894894894,203.0,9.319429429429428,348.52,2.476466165413534,3.0526315789473686,4.500037593984962,5.240902255639098
13598,58,3.3560000000000003,4.504250000000001,180.17000000000002,1,33,1.2121212121212122,40.0,3.3560000000000003,58.0,4.504250000000001,180.17000000000002,3.0715151515151513,1.7575757575757576,4.102474747474747,5.45969696969697
13599,3294,2.7971659919028338,20.86506072874494,5153.67,21,171,1.4444444444444444,11.761904761904763,2.8645111946664903,156.85714285714286,26.37687028175255,245.41285714285715,2.952171052631579,19.263157894736842,19.205350877192984,30.13842105263158
13600,324,3.0642105263157893,11.553684210526317,219.52,1,19,1.0,19.0,3.0642105263157893,324.0,11.553684210526317,219.52,3.0642105263157893,17.05263157894737,11.553684210526317,11.553684210526317
13601,548,1.8624242424242423,7.003232323232324,693.32,2,90,1.1,49.5,1.8585964912280701,274.0,7.250927318295739,346.65999999999997,1.8203333333333336,6.088888888888889,6.681518518518519,7.703555555555556
13602,267,2.0608695652173914,18.647391304347824,428.89,1,23,1.0,23.0,2.0608695652173914,267.0,18.647391304347824,428.89,2.0608695652173914,11.608695652173912,18.647391304347824,18.647391304347824
13603,164,2.111851851851852,6.086666666666667,164.34,1,27,1.0,27.0,2.111851851851852,164.0,6.086666666666667,164.34,2.111851851851852,6.074074074074074,6.086666666666667,6.086666666666667
13606,279,2.2688372093023257,6.524186046511629,280.54,3,40,1.075,14.333333333333334,1.3383783783783783,93.0,12.751891891891892,93.51333333333332,2.3442499999999997,6.975,6.91875,7.0135000000000005
13607,290,3.150612244897959,6.918469387755102,678.01,1,93,1.053763440860215,98.0,3.150612244897959,290.0,6.918469387755102,678.01,3.2239784946236556,3.118279569892473,7.056774193548387,7.290430107526881
13610,516,2.8789823008849558,5.008318584070797,1131.88,7,165,1.3696969696969696,32.285714285714285,2.9693914393994016,73.71428571428571,5.07360417795502,161.69714285714286,3.175878787878788,3.1272727272727274,5.059883838383839,6.859878787878788
13611,766,2.35472972972973,15.835135135135134,1171.8,3,67,1.1044776119402986,24.666666666666668,2.4221101774042952,255.33333333333334,17.52392156862745,390.6000000000001,2.4149253731343285,11.432835820895523,15.982835820895524,17.48955223880597
13614,570,3.7748756218905473,8.01223880597015,1610.46,4,171,1.1754385964912282,50.25,5.635529519924597,142.5,13.342510603532194,402.615,3.37859649122807,3.3333333333333335,7.5745419103313845,9.417894736842106
13615,189,3.387391304347826,18.160434782608696,417.69,1,23,1.0,23.0,3.387391304347826,189.0,18.160434782608696,417.69,3.387391304347826,8.217391304347826,18.160434782608696,18.160434782608696
13617,300,2.789772727272727,12.367727272727272,544.18,3,31,1.4193548387096775,14.666666666666666,2.7631965811965813,100.0,12.293239316239315,181.39333333333335,2.9516129032258065,9.67741935483871,12.205537634408602,17.554193548387094
13618,246,1.0353846153846153,13.641538461538461,177.34,1,13,1.0,13.0,1.0353846153846153,246.0,13.641538461538461,177.34,1.0353846153846153,18.923076923076923,13.641538461538461,13.641538461538461
13621,343,1.1289473684210527,11.255263157894737,213.85,1,19,1.0,19.0,1.1289473684210527,343.0,11.255263157894737,213.85,1.1289473684210527,18.05263157894737,11.255263157894737,11.255263157894737
13623,294,3.594444444444444,9.231851851851852,747.78,5,75,1.08,16.2,3.758440196078431,58.8,10.136351960784314,149.55599999999998,3.4388000000000005,3.92,8.4202,9.9704
13626,209,2.1405263157894736,13.53842105263158,257.23,1,19,1.0,19.0,2.1405263157894736,209.0,13.53842105263158,257.23,2.1405263157894736,11.0,13.53842105263158,13.53842105263158
13627,1269,2.9745652173913046,17.80945652173913,1638.47,5,84,1.0952380952380953,18.4,3.2198515527950313,253.8,21.199941407867495,327.694,3.0387202380952383,15.107142857142858,16.478928571428572,19.50559523809524
13629,4372,2.3242372881355933,132.07389830508475,7792.36,11,28,2.107142857142857,5.363636363636363,1.9538030303030303,397.45454545454544,180.41830303030304,708.3963636363636,2.889079365079365,156.14285714285714,67.95968253968253,278.29857142857145
13630,1391,2.003098591549296,28.61661971830986,2031.78,7,51,1.392156862745098,10.142857142857142,2.1326259157509155,198.71428571428572,40.18023885836386,290.2542857142857,2.080045751633987,27.274509803921568,21.06134640522876,39.83882352941176
13631,467,6.16090909090909,279.1290909090909,3070.42,11,6,1.8333333333333333,1.0,6.16090909090909,42.45454545454545,279.1290909090909,279.1290909090909,6.600555555555555,77.83333333333333,404.47972222222216,511.7366666666667
13632,1037,3.1735616438356162,14.529246575342466,2121.27,5,121,1.2066115702479339,29.2,3.1351908652941862,207.4,15.791555074584858,424.254,3.068512396694215,8.570247933884298,14.507314049586777,17.531157024793387
13634,704,3.3305851063829786,8.378510638297874,1575.16,5,156,1.205128205128205,37.6,3.2161721908939014,140.8,8.130348872180452,315.032,3.092222222222222,4.512820512820513,7.892788461538462,10.097179487179488
13635,677,2.405806451612903,17.274677419354838,1071.03,1,62,1.0,62.0,2.405806451612903,677.0,17.274677419354838,1071.03,2.405806451612903,10.919354838709678,17.274677419354838,17.274677419354838
13636,592,3.785396825396825,15.065396825396826,949.12,5,57,1.105263157894737,12.6,3.9108598484848485,118.4,15.616810606060605,189.824,3.396578947368421,10.385964912280702,14.468333333333334,16.65122807017544
13637,409,2.365841584158416,8.024752475247524,810.5,3,79,1.2784810126582278,33.666666666666664,2.4627298850574717,136.33333333333334,10.450826149425287,270.1666666666667,2.5056962025316456,5.177215189873418,8.188924050632911,10.259493670886076
13638,93,2.9925,15.33,122.64,1,8,1.0,8.0,2.9925,93.0,15.33,122.64,2.9925,11.625,15.33,15.33
13639,800,1.443,25.833499999999997,1033.34,1,39,1.0256410256410255,40.0,1.443,800.0,25.833499999999997,1033.34,1.4587179487179487,20.512820512820515,25.8574358974359,26.495897435897433
13642,173,3.251212121212121,5.375757575757576,354.8,1,57,1.1578947368421053,66.0,3.251212121212121,173.0,5.375757575757576,354.8,3.3484210526315787,3.0350877192982457,5.478596491228069,6.224561403508772
13643,273,2.394642857142857,18.551428571428573,519.44,3,24,1.1666666666666667,9.333333333333334,2.3942261904761906,91.0,18.22059523809524,173.14666666666668,2.447083333333333,11.375,18.176666666666666,21.643333333333334
13644,2067,3.043013698630137,17.974383561643837,2624.26,4,144,1.0138888888888888,36.5,3.1295362366042516,516.75,17.858004631469704,656.065,2.9991666666666665,14.354166666666666,17.994166666666665,18.224027777777778
13645,158,3.3699999999999997,50.42,252.1,1,5,1.0,5.0,3.3699999999999997,158.0,50.42,252.1,3.3699999999999997,31.6,50.42,50.42
13647,895,3.3203797468354432,21.2420253164557,1678.1200000000001,4,65,1.2153846153846153,19.75,3.1788224213916436,223.75,23.759261335706416,419.53000000000003,3.5349230769230773,13.76923076923077,21.680307692307693,25.817230769230772
13649,139,3.191304347826087,15.069565217391306,346.6,2,23,1.0,11.5,3.0475000000000003,69.5,15.893333333333334,173.3,3.191304347826087,6.043478260869565,15.069565217391306,15.069565217391306
13650,922,3.1525,19.128541666666667,1836.3400000000001,6,79,1.2151898734177216,16.0,3.080449776401789,153.66666666666666,18.324643532851738,306.0566666666667,2.9562025316455696,11.670886075949367,19.01740506329114,23.24481012658228
13651,33,6.058333333333334,15.700000000000001,94.2,2,6,1.0,3.0,9.635,16.5,15.42,47.1,6.058333333333334,5.5,15.700000000000001,15.700000000000001
13652,578,3.1233333333333335,17.38222222222222,1095.08,3,48,1.3125,21.0,3.2109259259259257,192.66666666666666,17.30038518518519,365.02666666666664,3.1245833333333333,12.041666666666666,17.407500000000002,22.814166666666665
13654,2182,2.5266867469879517,16.30921686746988,2707.33,6,157,1.0573248407643312,27.666666666666668,2.7888599670194814,363.6666666666667,17.825557600859028,451.22166666666664,2.535668789808917,13.898089171974522,16.343757961783442,17.244140127388533
13655,605,3.3296428571428573,16.66017857142857,932.97,2,52,1.0769230769230769,28.0,3.725142857142857,302.5,16.981952380952382,466.485,3.364615384615384,11.634615384615385,16.502307692307692,17.94173076923077
13656,490,1.7189795918367348,7.747959183673469,379.65,2,49,1.0,24.5,1.729094982078853,245.0,8.650582437275986,189.825,1.7189795918367348,10.0,7.747959183673469,7.747959183673469
13657,209,2.993125,23.88375,382.14,2,16,1.0,8.0,3.1803968253968256,104.5,24.87761904761905,191.07,2.993125,13.0625,23.88375,23.88375
13658,1019,4.0226851851851855,24.43675925925926,2639.17,5,91,1.1868131868131868,21.6,3.6020360918151617,203.8,24.265845628209,527.8340000000001,4.119120879120879,11.197802197802197,23.79179487179487,29.001868131868132
13659,894,3.8291346153846155,15.126923076923077,1573.2,2,92,1.1304347826086956,52.0,3.861493855606759,447.0,14.713978494623657,786.6000000000001,4.023369565217391,9.717391304347826,16.105652173913043,17.1
13662,543,3.2800000000000002,16.938867924528303,897.76,3,50,1.06,17.666666666666668,3.272276688453159,181.0,16.87322440087146,299.25333333333333,3.3118,10.86,16.8992,17.9552
13663,91,4.5,14.574615384615385,189.47,1,13,1.0,13.0,4.5,91.0,14.574615384615385,189.47,4.5,7.0,14.574615384615385,14.574615384615385
13666,41,3.7416666666666667,7.054166666666667,84.65,3,12,1.0,4.0,3.116666666666667,13.666666666666666,10.595238095238095,28.21666666666667,3.7416666666666667,3.4166666666666665,7.054166666666667,7.054166666666667
13667,154,2.4348275862068967,3.505977011494253,305.02,1,82,1.0609756097560976,87.0,2.4348275862068967,154.0,3.505977011494253,305.02,2.5153658536585364,1.8780487804878048,3.6279268292682927,3.7197560975609756
13668,3742,2.976063829787234,13.539553191489363,6363.59,21,284,1.6549295774647887,22.38095238095238,2.9730752057457357,178.1904761904762,14.53371302106061,303.02809523809526,3.0067957746478875,13.17605633802817,13.239642857142858,22.40700704225352
13669,237,2.7511111111111113,24.283333333333335,218.55,2,9,1.0,4.5,3.6174999999999997,118.5,22.224999999999998,109.27499999999999,2.751111111111111,26.333333333333332,24.283333333333335,24.283333333333335
13670,282,1.8768,13.988,349.7,1,25,1.0,25.0,1.8768,282.0,13.988,349.7,1.8768,11.28,13.988,13.988
13672,57,4.463333333333334,31.065,186.39000000000001,2,4,1.5,3.0,4.463333333333334,28.5,31.065,93.19500000000001,5.035,14.25,33.42375,46.597500000000004
13673,119,3.301846153846154,6.106461538461539,396.92,2,47,1.3829787234042554,32.5,3.128094512195122,59.5,6.424044715447154,198.45999999999998,3.6025531914893616,2.5319148936170213,6.208900709219858,8.445106382978723
13675,330,1.9028,19.472800000000003,486.82000000000005,2,25,1.0,12.5,1.8515000000000001,165.0,19.200333333333333,243.41000000000003,1.9028,13.2,19.472800000000003,19.472800000000003
13678,924,0.39375,14.5375,232.6,1,16,1.0,16.0,0.39375,924.0,14.5375,232.6,0.39375000000000004,57.75,14.5375,14.5375
13680,1936,2.205230769230769,19.089333333333332,3722.42,4,164,1.1890243902439024,48.75,2.2450217613927292,484.0,27.86826521468803,930.605,2.225172764227642,11.804878048780488,18.99217987804878,22.69768292682927
13681,360,2.902456140350877,14.523333333333333,827.83,4,37,1.5405405405405406,14.25,2.9317225274725276,90.0,14.143335164835166,206.9575,2.9286486486486485,9.72972972972973,15.371576576576576,22.373783783783786
13682,10,7.083333333333333,19.833333333333332,59.5,1,3,1.0,3.0,7.083333333333333,10.0,19.833333333333332,59.5,7.083333333333333,3.3333333333333335,19.833333333333332,19.833333333333332
13684,39,1.7446666666666668,2.241,67.23,1,29,1.0344827586206897,30.0,1.7446666666666668,39.0,2.241,67.23,1.7324137931034485,1.3448275862068966,2.245862068965517,2.318275862068966
13685,5056,0.7007692307692308,79.98564102564103,3119.44,7,29,1.3448275862068966,5.571428571428571,0.9896092796092797,722.2857142857143,234.01103785103786,445.63428571428574,0.726551724137931,174.3448275862069,59.91896551724138,107.56689655172414
13686,70,1.1625,9.0,72.0,1,8,1.0,8.0,1.1625,70.0,9.0,72.0,1.1625,8.75,9.0,9.0
13689,512,1.7,151.66666666666666,910.0,1,6,1.0,6.0,1.7,512.0,151.66666666666666,910.0,1.7,85.33333333333333,151.66666666666666,151.66666666666666
13690,67,5.972222222222222,19.13888888888889,172.25,1,9,1.0,9.0,5.972222222222222,67.0,19.13888888888889,172.25,5.972222222222222,7.444444444444445,19.13888888888889,19.13888888888889
13692,1226,2.5984905660377358,28.081509433962264,1488.32,3,48,1.1041666666666667,17.666666666666668,6.432780337941627,408.6666666666667,23.983932411674346,496.10666666666674,2.809791666666667,25.541666666666668,29.581666666666667,31.006666666666664
13694,63312,1.5689964788732396,114.50637323943663,65039.62,50,366,1.5519125683060109,11.36,1.6820514557127653,1266.24,139.07019000644502,1300.7924,1.5220887327608639,172.98360655737704,102.49150403330732,177.70387978142077
13695,1603,2.646888888888889,27.823666666666668,2504.13,15,46,1.9565217391304348,6.0,2.5514666666666668,106.86666666666666,34.48942222222222,166.942,2.3556847826086957,34.84782608695652,23.601806418219464,54.43760869565217
13697,177,1.3933333333333333,12.608333333333334,151.3,1,12,1.0,12.0,1.3933333333333333,177.0,12.608333333333334,151.3,1.3933333333333333,14.75,12.608333333333334,12.608333333333334
13699,66,6.3064285714285715,22.041428571428575,308.58000000000004,1,14,1.0,14.0,6.3064285714285715,66.0,22.041428571428575,308.58000000000004,6.3064285714285715,4.714285714285714,22.041428571428575,22.041428571428575
13700,2304,1.585736040609137,11.498071065989848,2265.12,10,139,1.4172661870503598,19.7,1.602134648119494,230.4,14.59994001792586,226.512,1.5442494004796163,16.575539568345324,9.324856115107913,16.295827338129495
13703,10,9.95,99.5,99.5,1,1,1.0,1.0,9.95,10.0,99.5,99.5,9.95,10.0,99.5,99.5
13704,1531,3.328805970149254,17.224328358208954,2308.06,9,111,1.2072072072072073,14.88888888888889,3.157107323232323,170.11111111111111,16.522621212121212,256.4511111111111,3.212702702702703,13.792792792792794,17.154414414414415,20.793333333333333
13705,363,7.6085714285714285,25.423571428571428,711.86,3,25,1.12,9.333333333333334,7.220402597402597,121.0,25.81141991341991,237.28666666666666,8.3604,14.52,25.12213333333333,28.4744
13706,189,2.774,16.5395,330.79,1,20,1.0,20.0,2.774,189.0,16.5395,330.79,2.774,9.45,16.5395,16.5395
13707,351,4.463333333333334,16.800208333333334,806.41,2,48,1.0,24.0,4.56625,175.5,16.084531249999998,403.205,4.463333333333334,7.3125,16.800208333333334,16.800208333333334
13708,306,2.057450980392157,5.821176470588235,296.88,1,49,1.0408163265306123,51.0,2.057450980392157,306.0,5.821176470588235,296.88,2.0067346938775508,6.244897959183674,5.823061224489796,6.0587755102040814
13709,3516,3.551071428571429,18.833482142857143,6328.05,13,244,1.3770491803278688,25.846153846153847,3.7975654977875,270.46153846153845,23.491905297962106,486.7730769230769,3.5664344262295082,14.40983606557377,18.341591530054647,25.934631147540983
13710,176,1.16625,22.56,180.48,1,8,1.0,8.0,1.16625,176.0,22.56,180.48,1.16625,22.0,22.56,22.56
13711,140,3.7800000000000002,19.38923076923077,252.06,2,11,1.1818181818181819,6.5,4.313333333333333,70.0,19.63527777777778,126.03,3.5672727272727274,12.727272727272727,18.41909090909091,22.914545454545454
13712,352,1.2349999999999999,22.884,228.84,1,10,1.0,10.0,1.2349999999999999,352.0,22.884,228.84,1.2349999999999999,35.2,22.884,22.884
13715,563,2.284761904761905,10.279428571428571,1079.34,5,89,1.1797752808988764,21.0,3.0681107427055703,112.6,12.627588638373123,215.86800000000002,2.337752808988764,6.325842696629214,10.597696629213484,12.127415730337077
13716,138,1.4195238095238094,6.584761904761905,138.28,1,21,1.0,21.0,1.4195238095238094,138.0,6.584761904761905,138.28,1.4195238095238094,6.571428571428571,6.584761904761905,6.584761904761905
13717,1959,2.0434313725490196,14.166764705882352,1445.01,6,92,1.108695652173913,17.0,2.1061832399626517,326.5,14.354016573295986,240.835,1.804963768115942,21.293478260869566,14.088233695652175,15.706630434782609
13718,173,5.529166666666666,25.545833333333334,306.55,2,9,1.3333333333333333,6.0,5.632142857142857,86.5,27.396428571428572,153.275,4.688888888888889,19.22222222222222,21.802777777777777,34.06111111111111
13719,609,3.266,17.361333333333334,1041.68,5,56,1.0714285714285714,12.0,3.1356809523809526,121.8,18.312233333333335,208.336,3.309285714285714,10.875,16.97142857142857,18.601428571428574
13720,501,3.17906976744186,18.60232558139535,799.9,4,42,1.0238095238095237,10.75,3.998056498240322,125.25,20.80789498491704,199.975,3.2404761904761905,11.928571428571429,17.978571428571428,19.045238095238094
13721,316,2.8510714285714287,18.719285714285714,524.14,1,28,1.0,28.0,2.8510714285714287,316.0,18.719285714285714,524.14,2.8510714285714287,11.285714285714286,18.719285714285714,18.719285714285714
13722,1401,2.8843529411764703,27.945999999999998,2375.41,3,75,1.1333333333333333,28.333333333333332,2.596468883205456,467.0,29.43273742540494,791.8033333333333,2.9593333333333334,18.68,28.391333333333332,31.67213333333333
13723,43,5.283333333333333,33.30833333333334,199.85000000000002,1,6,1.0,6.0,5.283333333333333,43.0,33.30833333333334,199.85000000000002,5.283333333333333,7.166666666666667,33.30833333333334,33.30833333333334
13725,806,4.336057692307692,19.043846153846154,1980.56,8,95,1.0947368421052632,13.0,4.152734945271531,100.75,30.776943243409708,247.57,4.217105263157895,8.48421052631579,18.654315789473685,20.848
13726,1054,1.0761904761904761,25.70619047619048,1079.66,2,39,1.0769230769230769,21.0,1.0788558352402746,527.0,27.072608695652175,539.83,0.9801282051282052,27.025641025641026,22.24897435897436,27.683589743589746
13727,162,2.941,16.674,333.48,2,19,1.0526315789473684,10.0,2.945952380952381,81.0,17.16714285714286,166.74,2.835263157894737,8.526315789473685,16.379210526315788,17.551578947368423
13728,458,5.451746031746032,16.12920634920635,1016.14,6,38,1.6578947368421053,10.5,5.519384615384616,76.33333333333333,16.13961965811966,169.35666666666665,4.582236842105263,12.052631578947368,16.295263157894738,26.740526315789474
13730,488,3.238139534883721,17.50232558139535,752.6,2,38,1.131578947368421,21.5,3.2395238095238095,244.0,17.5870670995671,376.3,2.9263157894736844,12.842105263157896,16.90157894736842,19.80526315789474
13731,278,4.2894736842105265,16.068157894736842,610.59,2,36,1.0555555555555556,19.0,4.344972222222222,139.0,16.104944444444445,305.295,4.426666666666666,7.722222222222222,15.935277777777777,16.960833333333333
13732,498,1.58,14.904848484848486,491.86,1,33,1.0,33.0,1.58,498.0,14.904848484848486,491.86,1.58,15.090909090909092,14.904848484848486,14.904848484848486
13735,1130,4.036377551020408,14.72061224489796,2885.2400000000002,4,158,1.240506329113924,49.0,3.943935397279681,282.5,15.153962184024266,721.31,3.8317827004219405,7.151898734177215,14.428048523206751,18.26101265822785
13736,497,2.177696335078534,3.831937172774869,731.9,2,166,1.1506024096385543,95.5,2.235716819221968,248.5,3.9798667048054917,365.95,2.071024096385542,2.9939759036144578,3.7610240963855426,4.409036144578313
13737,125,3.848666666666667,11.32,339.6,1,29,1.0344827586206897,30.0,3.848666666666667,125.0,11.32,339.6,3.93,4.310344827586207,11.633275862068967,11.710344827586209
13739,54,5.483333333333333,72.3,216.9,1,3,1.0,3.0,5.483333333333333,54.0,72.3,216.9,5.483333333333333,18.0,72.3,72.3
13740,425,1.5960869565217393,15.25,350.75,1,23,1.0,23.0,1.5960869565217393,425.0,15.25,350.75,1.5960869565217393,18.47826086956522,15.25,15.25
13741,218,5.225588235294118,19.65970588235294,668.4300000000001,3,34,1.0,11.333333333333334,4.867738095238095,72.66666666666667,19.6193253968254,222.81000000000003,5.225588235294118,6.411764705882353,19.65970588235294,19.65970588235294
13742,1124,4.103551401869159,9.753956386292835,3131.02,12,200,1.605,26.75,4.842184354721079,93.66666666666667,15.228184881876992,260.91833333333335,3.704475,5.62,8.5884375,15.6551
13743,1776,1.1202439024390243,32.72195121951219,1341.6,7,8,5.125,5.857142857142857,1.0929251700680271,253.71428571428572,32.56918367346939,191.65714285714284,1.175,222.0,30.84857142857143,167.7
13744,1249,1.7072222222222222,16.060555555555553,1156.36,2,54,1.3333333333333333,36.0,1.9535749751737836,624.5,15.352353525322739,578.18,1.5348765432098763,23.12962962962963,17.602685185185184,21.414074074074072
13745,496,0.6456000000000001,12.001600000000002,300.04,1,25,1.0,25.0,0.6456000000000001,496.0,12.001600000000002,300.04,0.6456000000000001,19.84,12.001600000000002,12.001600000000002
13747,8,9.95,79.6,79.6,1,1,1.0,1.0,9.95,8.0,79.6,79.6,9.95,8.0,79.6,79.6
13748,439,3.9964285714285714,33.86607142857143,948.25,5,24,1.1666666666666667,5.6,4.002115384615385,87.8,62.23365384615384,189.65,3.3874999999999997,18.291666666666668,27.114583333333332,39.510416666666664
13750,516,5.020416666666667,68.63583333333334,1647.26,5,20,1.2,4.8,4.5517714285714295,103.2,159.8307142857143,329.452,5.346500000000001,25.8,36.8014,82.363
13751,152,3.5300000000000002,32.916666666666664,296.25,1,9,1.0,9.0,3.5300000000000002,152.0,32.916666666666664,296.25,3.53,16.88888888888889,32.916666666666664,32.916666666666664
13752,876,3.0701315789473687,15.608947368421052,1186.28,6,64,1.1875,12.666666666666666,3.111389718614719,146.0,21.146305627705626,197.71333333333337,3.11765625,13.6875,13.870703125,18.535625
13753,512,1.7942857142857143,21.178857142857144,741.26,1,35,1.0,35.0,1.7942857142857143,512.0,21.178857142857144,741.26,1.7942857142857143,14.628571428571428,21.178857142857144,21.178857142857144
13754,214,2.3375,23.55,282.6,2,11,1.0909090909090908,6.0,2.021875,107.0,25.575,141.3,2.4181818181818184,19.454545454545453,24.10909090909091,25.69090909090909
13755,1264,3.0728947368421053,6.319736842105263,2161.35,9,232,1.4741379310344827,38.0,3.614357892416226,140.44444444444446,13.680713833194098,240.14999999999998,3.0266091954022984,5.448275862068965,6.169221982758621,9.316163793103447
13756,3188,2.7371126760563382,36.54591549295775,5189.52,14,66,2.1515151515151514,10.142857142857142,2.494250007928579,227.71428571428572,51.26874388706532,370.68,3.2572011784511785,48.303030303030305,31.562264309764316,78.62909090909092
13758,1844,3.287948717948718,27.26965811965812,3190.55,7,104,1.125,16.714285714285715,3.1813787874917856,263.42857142857144,33.65402869077999,455.79285714285714,3.4165384615384613,17.73076923076923,25.297980769230772,30.678365384615386
13759,287,3.3627999999999996,26.376400000000004,659.4100000000001,2,24,1.0416666666666667,12.5,4.123333333333333,143.5,61.17520833333334,329.70500000000004,3.296666666666667,11.958333333333334,24.89729166666667,27.47541666666667
13760,197,1.984561403508772,5.03140350877193,286.79,2,50,1.14,28.5,1.980018472906404,98.5,5.027838669950739,143.395,1.9631999999999998,3.94,5.1045,5.7358
13761,642,2.9494285714285717,15.295000000000002,1070.65,2,68,1.0294117647058822,35.0,2.9887006578947366,321.0,15.300600328947368,535.325,2.955294117647059,9.441176470588236,15.149264705882354,15.744852941176472
13762,272,1.26,43.81714285714286,306.72,1,7,1.0,7.0,1.26,272.0,43.81714285714286,306.72,1.26,38.857142857142854,43.81714285714286,43.81714285714286
13763,728,2.598,114.33066666666667,1714.96,1,15,1.0,15.0,2.598,728.0,114.33066666666667,1714.96,2.598,48.53333333333333,114.33066666666667,114.33066666666667
13764,932,2.7239903846153846,7.3161538461538465,1521.76,3,183,1.1366120218579234,69.33333333333333,2.7256977225672876,310.6666666666667,7.311737060041408,507.25333333333333,2.776703096539162,5.092896174863388,7.402240437158469,8.315628415300546
13767,7322,3.713532608695652,46.79445652173913,17220.36,37,55,6.6909090909090905,9.945945945945946,3.7903194823194823,197.8918918918919,47.90108253908254,465.41513513513513,3.7654591124987546,133.12727272727273,46.853781914263635,313.0974545454546
13769,1163,3.727777777777778,20.71488888888889,2796.51,10,73,1.8493150684931507,13.5,3.624591039262595,116.3,21.941226662020473,279.651,4.014705479452055,15.931506849315069,17.80749902152642,38.30835616438357
13771,1477,2.6267226890756303,22.138235294117646,2634.45,4,114,1.043859649122807,29.75,2.848810211584634,369.25,22.847306422569027,658.6125,2.5739473684210528,12.956140350877194,22.251973684210526,23.10921052631579
13772,546,2.463898305084746,6.396214689265538,1132.13,3,141,1.2553191489361701,59.0,2.518402153662717,182.0,6.388474178403755,377.3766666666667,2.623191489361702,3.872340425531915,6.538510638297872,8.029290780141844
13774,192,3.290909090909091,15.681818181818182,345.0,1,22,1.0,22.0,3.290909090909091,192.0,15.681818181818182,345.0,3.290909090909091,8.727272727272727,15.681818181818182,15.681818181818182
13777,12897,2.269137055837563,131.86375634517768,25977.16,33,36,5.472222222222222,5.96969696969697,2.199110863131198,390.8181818181818,176.59008099277116,787.1866666666666,3.0308179413179412,358.25,127.53936822590988,721.5877777777778
13778,70,3.3,19.855555555555554,178.7,1,9,1.0,9.0,3.3,70.0,19.855555555555554,178.7,3.3000000000000003,7.777777777777778,19.855555555555554,19.855555555555554
13780,318,2.5831578947368423,6.315964912280702,360.01,2,56,1.0178571428571428,28.5,2.3724305555555554,159.0,8.998854166666668,180.00500000000002,2.5766071428571427,5.678571428571429,6.349732142857143,6.42875
13781,30,4.557058823529411,7.5200000000000005,127.84,1,17,1.0,17.0,4.557058823529411,30.0,7.5200000000000005,127.84,4.557058823529411,1.7647058823529411,7.5200000000000005,7.5200000000000005
13782,371,3.508521739130435,7.930434782608696,912.0,6,96,1.1979166666666667,19.166666666666668,3.784691254279489,61.833333333333336,9.43801104886399,152.0,3.591041666666667,3.8645833333333335,7.946979166666666,9.5
13784,2493,2.6380645161290324,79.44483870967741,2462.79,11,9,3.4444444444444446,2.8181818181818183,2.22280303030303,226.63636363636363,88.08181818181818,223.89,3.1684074074074076,277.0,87.1451111111111,273.6433333333333
13786,136,1.8928571428571428,32.91428571428572,230.4,1,7,1.0,7.0,1.8928571428571428,136.0,32.91428571428572,230.4,1.8928571428571428,19.428571428571427,32.91428571428571,32.91428571428571
13787,337,2.4777419354838712,9.969032258064518,309.04,2,24,1.2916666666666667,15.5,2.4780357142857143,168.5,11.821666666666667,154.51999999999998,2.845833333333333,14.041666666666666,11.145555555555555,12.876666666666667
13790,748,0.7717777777777777,7.75111111111111,348.79999999999995,1,45,1.0,45.0,0.7717777777777777,748.0,7.75111111111111,348.79999999999995,0.7717777777777779,16.622222222222224,7.751111111111111,7.751111111111111
13791,1200,1.2463636363636363,137.8181818181818,1516.0,2,7,1.5714285714285714,5.5,1.2117857142857142,600.0,139.30357142857144,758.0,1.3385714285714285,171.42857142857142,144.21428571428572,216.57142857142858
13792,92,3.5461538461538464,15.042307692307693,195.55,2,13,1.0,6.5,3.3805555555555555,46.0,16.044444444444444,97.775,3.5461538461538464,7.076923076923077,15.042307692307693,15.042307692307693
13798,23948,2.1165329512893982,106.4580229226361,37153.85,57,113,3.088495575221239,6.12280701754386,2.1795790096586494,420.140350877193,128.0206948878043,651.8219298245614,1.7163591110217218,211.92920353982302,84.33017539245415,328.79513274336284
13799,402,2.1302564102564103,17.663076923076922,688.86,2,32,1.21875,19.5,2.1518070652173913,201.0,18.225081521739128,344.42999999999995,2.3040625,12.5625,18.408125,21.526875
13800,331,2.553939393939394,16.91878787878788,558.32,1,33,1.0,33.0,2.553939393939394,331.0,16.91878787878788,558.32,2.553939393939394,10.030303030303031,16.91878787878788,16.91878787878788
13801,168,3.9543478260869565,14.121739130434783,324.8,1,23,1.0,23.0,3.9543478260869565,168.0,14.121739130434783,324.8,3.9543478260869565,7.304347826086956,14.121739130434783,14.121739130434783
13802,2572,2.6631666666666667,76.657,4599.42,3,55,1.0909090909090908,20.0,2.5711666666666666,857.3333333333334,82.68011111111112,1533.14,2.678818181818182,46.763636363636365,71.56436363636364,83.62581818181819
13803,121,2.922941176470588,16.298235294117646,277.07,1,17,1.0,17.0,2.922941176470588,121.0,16.298235294117646,277.07,2.9229411764705886,7.117647058823529,16.298235294117646,16.298235294117646
13804,1498,3.0835036496350363,19.23934306569343,2635.79,7,124,1.1048387096774193,19.571428571428573,3.1144304719670575,214.0,19.26885754508751,376.5414285714286,3.235483870967742,12.080645161290322,19.241129032258065,21.256370967741937
13805,1900,0.5930769230769231,71.12307692307692,924.5999999999999,2,10,1.3,6.5,0.6063095238095237,950.0,71.99809523809523,462.3,0.6809999999999999,190.0,79.284,92.46
13806,56,5.233,25.637999999999998,256.38,1,10,1.0,10.0,5.233,56.0,25.637999999999998,256.38,5.233,5.6,25.637999999999998,25.637999999999998
13807,36,5.1499999999999995,16.085714285714285,112.6,1,7,1.0,7.0,5.1499999999999995,36.0,16.085714285714285,112.6,5.1499999999999995,5.142857142857143,16.085714285714285,16.085714285714285
13808,782,3.7531578947368422,22.995526315789476,1747.66,5,70,1.0857142857142856,15.2,3.361424928774929,156.4,21.73972364672365,349.53200000000004,3.899142857142857,11.17142857142857,22.903000000000002,24.96657142857143
13819,1109,2.003611111111111,31.676388888888887,1140.35,3,26,1.3846153846153846,12.0,2.001909479409479,369.6666666666667,31.579205516705517,380.1166666666666,2.2830769230769232,42.65384615384615,30.226923076923075,43.85961538461538
13821,153,3.2916949152542374,6.536271186440678,385.64,2,51,1.1568627450980393,29.5,3.369621848739496,76.5,6.612836134453781,192.82,3.067549019607843,3.0,6.320784313725491,7.56156862745098
13822,611,1.7905208333333331,6.583333333333333,632.0,2,90,1.0666666666666667,48.0,1.4424945054945053,305.5,18.935516483516487,316.0,1.8305,6.788888888888889,5.800388888888889,7.022222222222222
13823,439,3.9204999999999997,23.941499999999998,957.66,2,39,1.0256410256410255,20.0,3.862692307692308,219.5,23.480934065934065,478.83,3.967179487179487,11.256410256410257,23.90923076923077,24.555384615384618
13824,768,2.7528260869565218,36.93347826086956,1698.94,5,34,1.3529411764705883,9.2,3.167475324675325,153.6,52.95013506493507,339.788,2.847450980392157,22.58823529411765,36.983039215686276,49.968823529411765
13826,82,5.7299999999999995,18.95,189.5,1,10,1.0,10.0,5.7299999999999995,82.0,18.95,189.5,5.7299999999999995,8.2,18.95,18.95
13827,141,3.7441935483870967,4.430645161290323,412.05,3,83,1.1204819277108433,31.0,3.742715097402597,47.0,4.400605609668109,137.35,3.8503614457831326,1.6987951807228916,4.574939759036145,4.964457831325301
13828,311,1.9046666666666667,13.966000000000001,209.49,1,15,1.0,15.0,1.9046666666666667,311.0,13.966000000000001,209.49,1.9046666666666667,20.733333333333334,13.966000000000001,13.966000000000001
13831,745,3.957432432432433,29.77013513513513,2202.99,6,58,1.2758620689655173,12.333333333333334,4.750382599580713,124.16666666666667,87.33307127882598,367.16499999999996,3.7964367816091955,12.844827586206897,15.890344827586206,37.98258620689655
13832,28,2.283333333333333,17.400000000000002,52.2,1,3,1.0,3.0,2.283333333333333,28.0,17.400000000000002,52.2,2.283333333333333,9.333333333333334,17.400000000000002,17.400000000000002
13833,118,4.8999999999999995,13.26896551724138,384.8,1,28,1.0357142857142858,29.0,4.8999999999999995,118.0,13.26896551724138,384.8,5.041071428571429,4.214285714285714,13.708928571428572,13.742857142857144
13835,442,3.2005454545454546,15.174000000000001,834.57,4,48,1.1458333333333333,13.75,3.2545860805860807,110.5,15.172567765567766,208.64249999999998,3.181875,9.208333333333334,15.1259375,17.386875
13837,183,2.1978947368421053,14.275789473684211,271.24,2,17,1.1176470588235294,9.5,2.222166666666667,91.5,14.193666666666667,135.62,1.9623529411764706,10.764705882352942,14.247941176470588,15.955294117647059
13838,263,3.102528735632184,3.975459770114943,691.73,4,144,1.2083333333333333,43.5,3.1282664183642446,65.75,3.964368311036789,172.9325,3.3065972222222224,1.8263888888888888,4.1594444444444445,4.803680555555555
13841,100,0.85,85.0,85.0,1,1,1.0,1.0,0.85,100.0,85.0,85.0,0.85,100.0,85.0,85.0
13842,1768,4.044271844660194,16.43504854368932,3385.62,9,155,1.3290322580645162,22.88888888888889,4.299882968093683,196.44444444444446,16.46312969141184,376.18,4.151741935483871,11.406451612903226,16.741741935483873,21.842709677419354
13844,196,2.4605,18.081,361.62,1,20,1.0,20.0,2.4605,196.0,18.081,361.62,2.4605,9.8,18.081,18.081
13845,182,1.9544444444444444,34.775555555555556,312.98,1,9,1.0,9.0,1.9544444444444444,182.0,34.775555555555556,312.98,1.9544444444444444,20.22222222222222,34.775555555555556,34.775555555555556
13846,388,3.524909090909091,15.728363636363637,865.0600000000001,3,55,1.0,18.333333333333332,3.992714285714286,129.33333333333334,16.096341269841272,288.35333333333335,3.524909090909091,7.054545454545455,15.728363636363637,15.728363636363637
13848,3700,0.462,251.0,1255.0,3,3,1.6666666666666667,1.6666666666666667,0.3988888888888889,1233.3333333333333,281.6666666666667,418.3333333333333,0.5566666666666666,1233.3333333333333,169.44444444444443,418.3333333333333
13849,1016,3.023960396039604,15.227227722772279,1537.95,2,97,1.041237113402062,50.5,3.0976837928153715,508.0,15.305263157894737,768.975,2.980618556701031,10.474226804123711,15.255670103092783,15.855154639175257
13850,944,2.4186021505376343,17.155698924731183,1595.48,1,93,1.0,93.0,2.4186021505376343,944.0,17.155698924731183,1595.48,2.4186021505376343,10.150537634408602,17.155698924731183,17.155698924731183
13851,1705,2.238888888888889,32.73407407407407,2651.46,3,77,1.051948051948052,27.0,2.325829562594268,568.3333333333334,47.98625691302161,883.82,2.1935064935064936,22.142857142857142,33.394285714285715,34.43454545454546
13853,312,4.546086956521739,47.39739130434782,1090.1399999999999,1,23,1.0,23.0,4.546086956521739,312.0,47.39739130434782,1090.1399999999999,4.546086956521739,13.565217391304348,47.39739130434782,47.39739130434782
13854,2296,4.628363636363637,73.72290909090908,8109.5199999999995,25,39,2.8205128205128207,4.4,4.97277,91.84,86.57366333333333,324.38079999999997,3.56267094017094,58.87179487179487,58.77667277167278,207.93641025641026
13856,494,1.06,27.75,388.5,3,10,1.4,4.666666666666667,1.1521428571428571,164.66666666666666,32.46468253968254,129.5,1.1691666666666667,49.4,22.681666666666665,38.85
13858,75,4.335454545454545,19.651818181818182,216.17000000000002,1,11,1.0,11.0,4.335454545454545,75.0,19.651818181818182,216.17000000000002,4.335454545454545,6.818181818181818,19.651818181818182,19.651818181818182
13859,129,2.887857142857143,7.184285714285714,201.16,1,27,1.037037037037037,28.0,2.887857142857143,129.0,7.184285714285714,201.16,2.917037037037037,4.777777777777778,7.1392592592592585,7.45037037037037
13860,591,3.514605263157895,16.39342105263158,1245.9,5,58,1.3103448275862069,15.2,4.023600558213716,118.2,15.911766347687399,249.18,3.120344827586207,10.189655172413794,16.00844827586207,21.481034482758623
13862,1688,1.6970503597122304,15.894676258992806,2209.36,8,97,1.4329896907216495,17.375,1.7397154957311207,211.0,15.937860073953825,276.17,1.5397250859106528,17.4020618556701,15.37278350515464,22.77690721649485
13863,224,2.5965,15.288999999999998,305.78,1,20,1.0,20.0,2.5965,224.0,15.288999999999998,305.78,2.5965,11.2,15.289000000000001,15.289000000000001
13865,204,3.902333333333333,16.718666666666667,501.56,4,26,1.1538461538461537,7.5,3.8653452380952382,51.0,16.80704761904762,125.39,3.7203846153846154,7.846153846153846,16.428461538461537,19.290769230769232
13866,57,3.375714285714286,20.81,145.67,1,7,1.0,7.0,3.375714285714286,57.0,20.81,145.67,3.375714285714286,8.142857142857142,20.810000000000002,20.810000000000002
13867,513,3.9440983606557376,16.644098360655736,1015.29,3,51,1.196078431372549,20.333333333333332,4.741234299516909,171.0,16.952213768115943,338.43,3.678235294117647,10.058823529411764,15.985098039215686,19.907647058823528
13868,1964,1.8542424242424242,96.74363636363637,3192.54,2,32,1.03125,16.5,1.823125,982.0,1350.4303125,1596.27,1.85171875,61.375,57.48875,99.766875
13869,1721,2.9445928338762215,10.11384364820847,3104.9500000000003,4,234,1.311965811965812,76.75,3.3045801470588234,430.25,11.51174569327731,776.2375,2.843119658119658,7.354700854700854,9.828215811965814,13.269017094017094
13870,1325,3.378608695652174,24.095130434782607,2770.94,8,91,1.2637362637362637,14.375,3.6651614583333334,165.625,25.94409099264706,346.3675,3.297032967032967,14.56043956043956,24.19087912087912,30.44989010989011
13871,2806,3.7608928571428573,19.057291666666668,6403.25,13,155,2.167741935483871,25.846153846153847,3.697484195417092,215.84615384615384,19.512730431783663,492.5576923076923,3.582049155145929,18.10322580645161,17.678226958525347,41.311290322580646
13873,140,4.609565217391304,16.93913043478261,389.6,3,21,1.0952380952380953,7.666666666666667,4.707089947089948,46.666666666666664,16.86772486772487,129.86666666666667,4.720000000000001,6.666666666666667,16.95714285714286,18.552380952380954
13874,180,5.5055555555555555,30.025000000000002,540.45,1,18,1.0,18.0,5.5055555555555555,180.0,30.025000000000002,540.45,5.5055555555555555,10.0,30.025000000000002,30.025000000000002
13875,1316,1.9584615384615385,17.180673076923078,1786.79,5,79,1.3164556962025316,20.8,2.0035250329380765,263.2,18.300035243741767,357.358,1.9841772151898733,16.658227848101266,18.006518987341774,22.617594936708862
13876,36,5.114285714285714,17.52857142857143,122.7,1,7,1.0,7.0,5.114285714285714,36.0,17.52857142857143,122.7,5.114285714285714,5.142857142857143,17.52857142857143,17.52857142857143
13877,108,1.1766666666666665,39.08,117.24,1,3,1.0,3.0,1.1766666666666665,108.0,39.08,117.24,1.1766666666666665,36.0,39.08,39.08
13878,475,4.655277777777778,35.598055555555554,1281.53,1,35,1.0285714285714285,36.0,4.655277777777778,475.0,35.598055555555554,1281.53,4.764571428571428,13.571428571428571,36.33057142857143,36.61514285714286
13880,1842,2.68830303030303,19.513757575757577,3219.77,13,125,1.32,12.692307692307692,2.8119628893981834,141.69230769230768,19.825950977127448,247.67461538461538,2.76808,14.736,19.351560000000003,25.75816
13881,10118,2.6765168539325845,96.40179775280899,17159.52,20,72,2.4722222222222223,8.9,2.508983174848887,505.9,129.02316520033114,857.976,2.9478322310405645,140.52777777777777,89.66140211640212,238.32666666666668
13882,953,3.381846153846154,18.325076923076924,1191.13,5,54,1.2037037037037037,13.0,3.547267532467532,190.6,18.91703116883117,238.22600000000003,3.2511111111111113,17.64814814814815,18.398703703703703,22.057962962962964
13883,1436,3.3760563380281687,18.834366197183098,2674.48,5,108,1.3148148148148149,28.4,3.3692672256233474,287.2,17.824247468968867,534.896,3.2839814814814816,13.296296296296296,18.480046296296297,24.763703703703705
13884,300,3.5635593220338984,13.349152542372881,787.6,5,45,1.3111111111111111,11.8,4.9199786324786325,60.0,17.26118131868132,157.52,3.5811111111111114,6.666666666666667,12.540370370370372,17.502222222222223
13885,182,3.960714285714286,18.1,506.8,2,28,1.0,14.0,4.770434782608695,91.0,19.44217391304348,253.40000000000003,3.960714285714286,6.5,18.1,18.1
13886,126,3.805,15.2225,243.56,1,16,1.0,16.0,3.805,126.0,15.2225,243.56,3.8049999999999997,7.875,15.2225,15.2225
13887,147,3.8542105263157898,18.397368421052633,349.55,1,19,1.0,19.0,3.8542105263157898,147.0,18.397368421052633,349.55,3.8542105263157898,7.7368421052631575,18.397368421052633,18.397368421052633
13888,258,4.1217500000000005,15.14075,605.63,2,38,1.0526315789473684,20.0,4.1217500000000005,129.0,15.14075,302.815,4.195526315789474,6.7894736842105265,15.170921052631579,15.937631578947368
13889,146,3.8333333333333335,27.793333333333337,416.90000000000003,1,15,1.0,15.0,3.8333333333333335,146.0,27.793333333333337,416.90000000000003,3.8333333333333335,9.733333333333333,27.793333333333337,27.793333333333337
13890,831,3.4015454545454546,17.125545454545453,1883.81,10,74,1.4864864864864864,11.0,3.384630633985897,83.1,17.326926141840616,188.381,3.1881081081081084,11.22972972972973,17.08144144144144,25.456891891891892
13892,983,1.1092592592592592,23.443333333333335,632.97,4,26,1.0384615384615385,6.75,1.3677380952380953,245.75,45.91035714285715,158.2425,1.0538461538461539,37.80769230769231,21.991153846153846,24.345000000000002
13893,190,6.199999999999999,39.1,821.1,1,21,1.0,21.0,6.199999999999999,190.0,39.1,821.1,6.199999999999999,9.047619047619047,39.1,39.1
13894,354,2.6707407407407406,20.911851851851853,564.62,3,25,1.08,9.0,2.1583333333333337,118.0,31.858333333333334,188.20666666666668,2.7722,14.16,19.366400000000002,22.5848
13895,1365,2.9353389830508476,21.975169491525424,2593.07,4,97,1.2164948453608246,29.5,2.943637218045113,341.25,22.275787593984962,648.2675,2.962852233676976,14.072164948453608,20.270927835051545,26.732680412371135
13897,200,1.9476470588235293,18.303529411764707,311.16,1,17,1.0,17.0,1.9476470588235293,200.0,18.303529411764707,311.16,1.9476470588235293,11.764705882352942,18.303529411764707,18.303529411764707
13898,133,2.6141666666666667,12.994166666666667,155.93,1,12,1.0,12.0,2.6141666666666667,133.0,12.994166666666667,155.93,2.6141666666666667,11.083333333333334,12.994166666666667,12.994166666666667
13899,156,3.0310526315789477,20.448421052631577,388.52,2,19,1.0,9.5,2.9591666666666665,78.0,21.2025,194.26,3.0310526315789477,8.210526315789474,20.448421052631577,20.448421052631577
13900,430,3.113720930232558,17.23139534883721,740.95,3,42,1.0238095238095237,14.333333333333334,4.882964743589743,143.33333333333334,15.088942307692308,246.98333333333335,3.1476190476190475,10.238095238095237,17.319761904761908,17.64166666666667
13901,1739,3.7404697986577182,19.24295302013423,2867.2000000000003,5,144,1.0347222222222223,29.8,4.663416600790514,347.8,18.44282190852626,573.44,3.791527777777778,12.07638888888889,19.149652777777778,19.91111111111111
13904,332,1.323846153846154,12.793846153846154,332.64,2,24,1.0833333333333333,13.0,1.4094771241830064,166.0,13.221960784313726,166.32,1.39375,13.833333333333334,12.8725,13.86
13908,1478,2.867540983606557,19.42254098360656,2369.55,4,104,1.1730769230769231,30.5,2.9535998964803314,369.5,19.42146545031056,592.3875,2.992980769230769,14.211538461538462,19.861634615384617,22.784134615384616
13911,2731,2.389189189189189,17.43858108108108,2580.91,9,120,1.2333333333333334,16.444444444444443,2.114443253968254,303.44444444444446,19.820289858906524,286.7677777777778,2.2961666666666667,22.758333333333333,16.1625,21.507583333333333
13914,380,2.5521212121212122,18.983333333333334,626.45,2,28,1.1785714285714286,16.5,2.5615073529411765,190.0,19.015202205882353,313.225,2.5564285714285715,13.571428571428571,18.482857142857142,22.373214285714287
13917,228,2.022222222222222,15.113333333333335,272.04,2,16,1.125,9.0,2.4147692307692306,114.0,14.486461538461537,136.01999999999998,1.93125,14.25,14.461875000000001,17.0025
13918,1140,2.1853333333333333,40.428000000000004,1212.8400000000001,2,30,1.0,15.0,2.2775,570.0,35.447500000000005,606.4200000000001,2.1853333333333333,38.0,40.428000000000004,40.428000000000004
13922,93,4.988571428571428,24.607142857142858,172.25,1,7,1.0,7.0,4.988571428571428,93.0,24.607142857142858,172.25,4.988571428571428,13.285714285714286,24.607142857142858,24.607142857142858
13923,185,2.9745,17.5565,351.13,1,20,1.0,20.0,2.9745,185.0,17.5565,351.13,2.9745,9.25,17.5565,17.5565
13924,1575,2.6076068376068373,15.716666666666669,1838.8500000000001,6,90,1.3,19.5,2.840747156982451,262.5,14.778033218415572,306.47499999999997,2.254666666666667,17.5,15.137166666666667,20.43166666666667
13925,331,5.914390243902439,16.54268292682927,678.25,4,28,1.4642857142857142,10.25,6.6823749999999995,82.75,19.140679166666665,169.5625,4.953571428571428,11.821428571428571,16.67791666666667,24.223214285714285
13926,104,6.533636363636364,20.35,223.85000000000002,1,11,1.0,11.0,6.533636363636364,104.0,20.35,223.85000000000002,6.533636363636364,9.454545454545455,20.35,20.35
13927,214,2.6957142857142857,16.61857142857143,348.99,1,21,1.0,21.0,2.6957142857142857,214.0,16.61857142857143,348.99,2.6957142857142857,10.19047619047619,16.61857142857143,16.61857142857143
13928,129,5.767407407407408,17.206296296296298,464.57,4,23,1.173913043478261,6.75,5.9738541666666665,32.25,17.59552083333333,116.14250000000001,5.818695652173914,5.608695652173913,17.854347826086954,20.198695652173914
13929,143,5.294444444444444,93.62777777777778,842.65,2,8,1.125,4.5,6.064285714285714,71.5,133.9125,421.32500000000005,4.7125,17.875,70.50625000000001,105.33125000000001
13930,274,1.6405882352941177,19.843529411764706,337.34,2,15,1.1333333333333333,8.5,1.7575000000000003,137.0,19.595714285714287,168.67000000000002,1.6293333333333335,18.266666666666666,20.569333333333336,22.48933333333333
13931,725,2.0460344827586208,21.336724137931036,1237.53,2,56,1.0357142857142858,29.0,2.079421052631579,362.5,20.762092105263157,618.7650000000001,2.047142857142857,12.946428571428571,21.379107142857144,22.09875
13932,72,6.103125,19.2125,307.4,1,16,1.0,16.0,6.103125,72.0,19.2125,307.4,6.103125,4.5,19.212500000000002,19.212500000000002
13933,205,3.460434782608696,26.469130434782606,608.79,2,23,1.0,11.5,3.4803968253968254,102.5,27.84964285714286,304.395,3.460434782608696,8.91304347826087,26.469130434782606,26.469130434782606
13934,390,3.1870967741935483,29.74516129032258,922.1,1,31,1.0,31.0,3.1870967741935483,390.0,29.74516129032258,922.1,3.1870967741935483,12.580645161290322,29.74516129032258,29.74516129032258
13936,330,1.5419230769230767,14.483846153846153,376.58,1,26,1.0,26.0,1.5419230769230767,330.0,14.483846153846153,376.58,1.541923076923077,12.692307692307692,14.483846153846153,14.483846153846153
13937,123,1.6944444444444444,17.65,158.85,1,9,1.0,9.0,1.6944444444444444,123.0,17.65,158.85,1.6944444444444444,13.666666666666666,17.65,17.65
13938,70,1.012857142857143,10.237142857142857,71.66,1,7,1.0,7.0,1.012857142857143,70.0,10.237142857142857,71.66,1.012857142857143,10.0,10.237142857142857,10.237142857142857
13939,847,1.1835555555555555,12.634444444444444,568.55,3,43,1.0465116279069768,15.0,1.3612626262626264,282.3333333333333,13.646060606060606,189.51666666666665,1.131627906976744,19.697674418604652,12.14418604651163,13.222093023255812
13940,516,3.121428571428571,17.12530612244898,839.14,4,39,1.2564102564102564,12.25,2.9812380952380955,129.0,18.222059523809524,209.785,2.921025641025641,13.23076923076923,16.380769230769232,21.516410256410257
13941,2364,3.8584444444444443,113.62133333333334,5112.96,5,24,1.875,9.0,3.927616161616162,472.8,114.89627272727273,1022.592,4.427222222222222,98.5,107.10979166666668,213.04
13946,443,1.679090909090909,51.051818181818184,561.57,3,11,1.0,3.6666666666666665,1.5036666666666667,147.66666666666666,48.4955,187.19000000000003,1.679090909090909,40.27272727272727,51.05181818181818,51.05181818181818
13947,44,2.93,18.12,90.60000000000001,1,5,1.0,5.0,2.93,44.0,18.12,90.60000000000001,2.93,8.8,18.12,18.12
13948,40,3.9499999999999997,34.0,102.0,1,3,1.0,3.0,3.9499999999999997,40.0,34.0,102.0,3.9499999999999997,13.333333333333334,34.0,34.0
13949,2474,1.456625,15.170750000000002,2427.32,6,124,1.2903225806451613,26.666666666666668,1.5236950337730633,412.3333333333333,16.05681105217825,404.55333333333334,1.308064516129032,19.951612903225808,13.250470430107528,19.575161290322583
13950,323,4.589714285714285,21.287428571428574,745.0600000000001,4,33,1.0606060606060606,8.75,4.623779761904762,80.75,21.16215773809524,186.265,4.725909090909091,9.787878787878787,20.233030303030304,22.577575757575758
13951,459,3.4892307692307694,17.293589743589745,674.45,3,38,1.0263157894736843,13.0,3.97418253968254,153.0,18.505468253968257,224.8166666666667,3.2455263157894736,12.078947368421053,17.07763157894737,17.748684210526317
13952,1431,3.9832919708029197,23.730445255474454,3251.071,2,120,1.1416666666666666,68.5,3.833820136852395,715.5,24.71338147605083,1625.5355,3.8938416666666664,11.925,23.599758333333334,27.092258333333334
13953,2724,2.293,175.784,3515.68,7,8,2.5,2.857142857142857,1.644387755102041,389.14285714285717,407.5792857142857,502.23999999999995,2.785,340.5,75.87821428571428,439.46
13954,150,5.4508,17.5968,439.92,2,24,1.0416666666666667,12.5,5.408717948717948,75.0,17.601121794871794,219.95999999999998,4.971666666666667,6.25,17.270625,18.330000000000002
13955,154,3.016060606060606,9.786666666666665,322.96,2,33,1.0,16.5,2.9222727272727274,77.0,12.001363636363635,161.48,3.016060606060606,4.666666666666667,9.786666666666665,9.786666666666665
13956,491,3.4226973684210527,6.752763157894737,1026.42,5,123,1.2357723577235773,30.4,3.6844764692479863,98.2,6.956888934146574,205.28400000000002,3.5508943089430893,3.991869918699187,6.686788617886179,8.344878048780489
13959,357,2.2039130434782606,6.502173913043479,598.2,3,79,1.1645569620253164,30.666666666666668,2.2852969348659005,119.0,8.244592911877396,199.4,2.211392405063291,4.518987341772152,6.125189873417721,7.572151898734178
13960,142,2.105,19.185,230.22,2,11,1.0909090909090908,6.0,2.411875,71.0,22.395,115.11,2.0281818181818183,12.909090909090908,19.319999999999997,20.92909090909091
13962,87,7.019090909090909,15.413636363636362,169.54999999999998,2,11,1.0,5.5,6.345892857142856,43.5,14.89375,84.775,7.019090909090909,7.909090909090909,15.413636363636362,15.413636363636362
13963,460,3.2680000000000002,18.986857142857144,664.54,4,35,1.0,8.75,3.6599236874236873,115.0,19.42579365079365,166.135,3.268,13.142857142857142,18.986857142857144,18.986857142857144
13967,42,3.6,40.35,80.7,1,2,1.0,2.0,3.6,42.0,40.35,80.7,3.6,21.0,40.35,40.35
13969,4542,2.954297124600639,14.463162939297126,9053.94,18,334,1.874251497005988,34.77777777777778,3.641587423926844,252.33333333333334,18.01967195357248,502.99666666666667,2.812623681209011,13.598802395209582,12.330654548046763,27.107604790419163
13971,1844,2.225167785234899,18.511812080536913,2758.26,8,118,1.2627118644067796,18.625,2.2788520453037675,230.5,18.809936184601433,344.7825,2.2332627118644073,15.627118644067796,17.963629943502827,23.375084745762713
13972,187,2.546,12.683333333333334,190.25,2,15,1.0,7.5,2.1727777777777777,93.5,11.801388888888889,95.125,2.546,12.466666666666667,12.683333333333334,12.683333333333334
13973,109,3.7563636363636363,24.063636363636363,264.7,1,11,1.0,11.0,3.7563636363636363,109.0,24.063636363636363,264.7,3.7563636363636363,9.909090909090908,24.063636363636363,24.063636363636363
13974,249,2.1967857142857143,14.77107142857143,413.59000000000003,1,28,1.0,28.0,2.1967857142857143,249.0,14.77107142857143,413.59000000000003,2.1967857142857143,8.892857142857142,14.77107142857143,14.77107142857143
13975,1732,2.1954142011834317,7.474201183431953,2526.28,6,240,1.4083333333333334,56.333333333333336,2.6793119149369153,288.6666666666667,12.337972041186326,421.0466666666667,2.1212534722222225,7.216666666666667,7.5552881944444445,10.526166666666667
13976,154,3.568,35.798,357.98,1,10,1.0,10.0,3.568,154.0,35.798,357.98,3.568,15.4,35.798,35.798
13978,315,1.2106666666666668,13.119333333333334,196.79,2,14,1.0714285714285714,7.5,1.6235714285714287,157.5,24.578214285714285,98.39500000000001,1.1471428571428572,22.5,12.256428571428572,14.05642857142857
13979,639,1.8322222222222222,16.108703703703704,869.87,1,54,1.0,54.0,1.8322222222222222,639.0,16.108703703703704,869.87,1.8322222222222222,11.833333333333334,16.108703703703704,16.108703703703704
13980,172,3.9145454545454546,18.19454545454545,200.14,1,11,1.0,11.0,3.9145454545454546,172.0,18.19454545454545,200.14,3.9145454545454546,15.636363636363637,18.194545454545455,18.194545454545455
13982,1136,2.232072072072072,16.863153153153153,1871.81,4,72,1.5416666666666667,27.75,2.2104061784897024,284.0,16.86176053420658,467.95250000000004,2.121111111111111,15.777777777777779,15.76570601851852,25.99736111111111
13983,1183,6.329999999999999,24.3311214953271,2603.43,12,91,1.1758241758241759,8.916666666666666,27.147364106753813,98.58333333333333,72.95708496732026,216.95250000000001,3.877252747252747,13.0,19.657445054945057,28.609120879120884
13984,679,2.10875,57.531875,920.51,5,14,1.1428571428571428,3.2,1.9204999999999999,135.8,114.45450000000001,184.102,2.1028571428571428,48.5,53.922142857142866,65.75071428571428
13985,3445,2.384498567335244,20.229598853868197,7060.13,15,108,3.2314814814814814,23.266666666666666,2.3626931725834273,229.66666666666666,20.5822703122645,470.67533333333336,2.4867431657848327,31.89814814814815,19.4914737654321,65.37157407407408
13986,430,1.8615384615384616,24.650769230769228,320.46,1,12,1.0833333333333333,13.0,1.8615384615384616,430.0,24.650769230769228,320.46,1.9816666666666667,35.833333333333336,22.224999999999998,26.705
13988,3044,2.99974358974359,17.726324786324785,4147.96,6,188,1.2446808510638299,39.0,3.149459222534105,507.3333333333333,17.867565711266423,691.3266666666667,2.947154255319149,16.19148936170213,17.19244680851064,22.063617021276595
13989,1313,2.6253658536585367,30.88,1266.08,2,33,1.2424242424242424,20.5,2.587886473429952,656.5,29.754214975845407,633.04,2.7527272727272725,39.78787878787879,34.24484848484848,38.36606060606061
13990,190,2.66,19.45625,311.3,1,16,1.0,16.0,2.66,190.0,19.45625,311.3,2.66,11.875,19.45625,19.45625
13991,998,1.4925000000000002,10.190119047619048,855.97,6,58,1.4482758620689655,14.0,1.6348037698412698,166.33333333333334,13.245923358585857,142.66166666666666,1.6732758620689654,17.20689655172414,9.617442528735632,14.758103448275863
13992,64,1.17,15.36,76.8,1,5,1.0,5.0,1.17,64.0,15.36,76.8,1.17,12.8,15.36,15.36
13993,900,5.586942148760331,28.647603305785125,3466.36,9,66,1.8333333333333333,13.444444444444445,6.087596881513548,100.0,39.28202996232163,385.1511111111111,5.578232323232323,13.636363636363637,28.64366161616162,52.52060606060606
13994,940,3.8118064516129033,14.923483870967742,2313.14,6,122,1.2704918032786885,25.833333333333332,4.139684398607928,156.66666666666666,19.890691456582633,385.5233333333333,3.6434426229508197,7.704918032786885,15.295245901639344,18.960163934426227
13995,879,2.227558139534884,16.205697674418605,1393.69,5,55,1.5636363636363637,17.2,2.363798600951852,175.8,16.51362185062959,278.738,2.174,15.981818181818182,15.291636363636362,25.33981818181818
13999,2243,2.274903846153846,18.758701923076924,3901.81,12,102,2.0392156862745097,17.333333333333332,2.301079011986036,186.91666666666666,19.259889743211726,325.15083333333337,2.237900326797386,21.99019607843137,17.89250350140056,38.25303921568627
14000,710,1.9493333333333334,42.37733333333333,635.66,1,15,1.0,15.0,1.9493333333333334,710.0,42.37733333333333,635.66,1.9493333333333334,47.333333333333336,42.37733333333333,42.37733333333333
14001,962,3.536153846153846,52.38666666666667,2043.0800000000002,3,34,1.1470588235294117,13.0,3.6534074074074074,320.6666666666667,49.864592592592594,681.0266666666666,3.6770588235294115,28.294117647058822,51.51117647058824,60.09058823529411
14002,877,2.411489361702128,11.270851063829788,529.73,2,47,1.0,23.5,3.720703463203463,438.5,12.648517316017315,264.865,2.411489361702128,18.659574468085108,11.270851063829788,11.270851063829788
14004,2668,2.8440350877192984,26.799064327485382,4582.64,7,102,1.6764705882352942,24.428571428571427,3.1336816400058938,381.14285714285717,27.284495180999816,654.6628571428572,3.060122549019608,26.15686274509804,27.772549019607844,44.927843137254904
14005,2478,2.205238095238095,34.22285714285714,2874.72,5,53,1.5849056603773586,16.8,2.089797619047619,495.6,27.00589761904762,574.944,1.9185377358490567,46.75471698113208,32.05679245283019,54.239999999999995
14006,641,2.3706666666666667,32.073,962.19,3,22,1.3636363636363635,10.0,2.176886446886447,213.66666666666666,33.67098901098901,320.73,2.632727272727273,29.136363636363637,36.08590909090909,43.7359090909091
14009,365,2.822142857142857,16.562142857142856,695.61,2,42,1.0,21.0,2.9207638888888887,182.5,16.67729166666667,347.805,2.822142857142857,8.69047619047619,16.562142857142856,16.562142857142856
14012,160,2.8318181818181816,29.89090909090909,328.8,1,11,1.0,11.0,2.8318181818181816,160.0,29.89090909090909,328.8,2.831818181818182,14.545454545454545,29.89090909090909,29.89090909090909
14013,462,1.3817647058823528,13.91235294117647,473.02,3,30,1.1333333333333333,11.333333333333334,1.4035757575757575,154.0,14.070671717171718,157.67333333333332,1.2571666666666665,15.4,13.185666666666666,15.767333333333333
14014,1076,0.5679487179487179,12.953333333333333,505.18,1,39,1.0,39.0,0.5679487179487179,1076.0,12.953333333333333,505.18,0.5679487179487179,27.58974358974359,12.953333333333333,12.953333333333333
14015,378,3.107,45.867000000000004,917.34,1,20,1.0,20.0,3.107,378.0,45.867000000000004,917.34,3.107,18.9,45.867000000000004,45.867000000000004
14019,1037,2.4148484848484846,21.539545454545458,1421.6100000000001,3,37,1.7837837837837838,22.0,2.427220588235294,345.6666666666667,21.91154640522876,473.87000000000006,2.45981981981982,28.027027027027028,21.13099099099099,38.42189189189189
14020,441,2.848974358974359,16.48205128205128,642.8,2,37,1.054054054054054,19.5,2.87718253968254,220.5,16.618809523809524,321.4,2.7543243243243243,11.91891891891892,16.282432432432433,17.37297297297297
14021,192,4.502272727272727,28.722727272727273,631.9,3,22,1.0,7.333333333333333,4.628055555555556,64.0,39.678888888888885,210.63333333333333,4.502272727272727,8.727272727272727,28.722727272727273,28.722727272727273
14022,487,1.2953571428571429,15.714285714285714,440.0,1,28,1.0,28.0,1.2953571428571429,487.0,15.714285714285714,440.0,1.2953571428571427,17.392857142857142,15.714285714285714,15.714285714285714
14023,345,2.870967741935484,18.840967741935486,584.07,2,30,1.0333333333333334,15.5,2.8669166666666666,172.5,18.89995833333333,292.03499999999997,2.8016666666666667,11.5,18.479,19.469
14024,150,3.70125,20.48125,327.7,2,16,1.0,8.0,3.1815384615384614,75.0,20.96923076923077,163.85,3.70125,9.375,20.48125,20.48125
14027,62,2.143333333333333,17.47,104.82,1,6,1.0,6.0,2.143333333333333,62.0,17.47,104.82,2.1433333333333335,10.333333333333334,17.47,17.47
14029,198,4.366,31.177333333333333,467.66,2,15,1.0,7.5,4.8966666666666665,99.0,30.57,233.82999999999998,4.366,13.2,31.177333333333333,31.177333333333333
14030,1479,4.054444444444445,9.712304526748971,2360.09,8,210,1.1571428571428573,30.375,4.726515348875263,184.875,9.549722063138011,295.01125,4.244190476190476,7.042857142857143,9.932253968253969,11.23852380952381
14031,5788,4.32708,69.14744,17286.86,19,119,2.100840336134454,13.157894736842104,4.671993212908373,304.63157894736844,211.12575472268006,909.8347368421053,3.769908963585434,48.63865546218487,50.637422969187675,145.26773109243697
14032,2032,2.38993006993007,20.80832167832168,2975.59,11,53,2.69811320754717,13.0,2.4978139550078406,184.72727272727272,29.52470093271022,270.5081818181818,2.3716936208445643,38.339622641509436,17.387695417789757,56.143207547169816
14034,423,2.354494382022472,7.323820224719101,651.8199999999999,3,82,1.0853658536585367,29.666666666666668,2.2369134963768116,141.0,10.646614583333333,217.2733333333333,2.46390243902439,5.158536585365853,7.423983739837398,7.949024390243902
14035,739,2.81030303030303,21.636666666666667,1428.02,5,41,1.6097560975609757,13.2,3.342638528138528,147.8,28.325207792207795,285.604,2.788211382113821,18.024390243902438,16.95665853658537,34.829756097560974
14036,268,4.371842105263158,16.49078947368421,626.65,1,38,1.0,38.0,4.371842105263158,268.0,16.49078947368421,626.65,4.371842105263158,7.052631578947368,16.49078947368421,16.49078947368421
14037,46,3.460714285714286,5.257142857142858,147.20000000000002,2,27,1.037037037037037,14.0,3.225,23.0,11.000000000000002,73.6,3.47962962962963,1.7037037037037037,5.069444444444445,5.451851851851853
14038,965,1.917717391304348,16.960652173913044,1560.38,3,64,1.4375,30.666666666666668,1.9578580246913582,321.6666666666667,17.325765432098766,520.1266666666667,1.9015625,15.078125,16.634375,24.3809375
14039,92,2.033333333333333,25.366666666666664,152.2,1,6,1.0,6.0,2.033333333333333,92.0,25.366666666666664,152.2,2.033333333333333,15.333333333333334,25.366666666666664,25.366666666666664
14040,1554,3.8171063829787233,15.38263829787234,3614.92,12,146,1.6095890410958904,19.583333333333332,3.4277357614524946,129.5,23.48986707667815,301.24333333333334,3.3703470319634703,10.643835616438356,13.580519406392694,24.75972602739726
14041,94,1.870952380952381,6.733809523809524,141.41,1,21,1.0,21.0,1.870952380952381,94.0,6.733809523809524,141.41,1.870952380952381,4.476190476190476,6.733809523809524,6.733809523809524
14044,308,2.5656937799043065,3.1235406698564594,652.82,4,165,1.2666666666666666,52.25,2.68429188436085,77.0,3.365706678857541,163.205,2.7113636363636364,1.8666666666666667,3.2459797979797984,3.9564848484848487
14045,535,4.233333333333333,276.625,1659.75,4,4,1.5,1.5,4.233333333333333,133.75,301.1375,414.9375,3.5875,133.75,254.28750000000002,414.9375
14046,460,0.5407142857142857,11.070714285714287,154.99,1,14,1.0,14.0,0.5407142857142857,460.0,11.070714285714287,154.99,0.5407142857142857,32.857142857142854,11.070714285714285,11.070714285714285
14047,381,4.8353125,40.894062500000004,1308.6100000000001,5,22,1.4545454545454546,6.4,4.9466212121212125,76.2,48.05054545454546,261.72200000000004,4.9362121212121215,17.318181818181817,36.696666666666665,59.482272727272736
14048,288,2.1890588235294115,4.822705882352941,409.93,1,83,1.0240963855421688,85.0,2.1890588235294115,288.0,4.822705882352941,409.93,2.2116867469879518,3.4698795180722892,4.868433734939759,4.938915662650603
14049,3870,2.570655737704918,11.642868852459017,5681.72,4,348,1.4022988505747127,122.0,2.5458044173832732,967.5,11.180618906216836,1420.4299999999998,2.863486590038314,11.120689655172415,11.216803160919541,16.326781609195404
14050,689,1.5387037037037037,13.821481481481483,746.36,2,49,1.1020408163265305,27.0,1.5762559618441971,344.5,14.225532591414945,373.18,1.4293877551020406,14.061224489795919,13.44204081632653,15.231836734693879
14051,3756,4.660714285714286,74.33519047619048,15610.390000000001,23,52,4.038461538461538,9.130434782608695,4.79845972867712,163.30434782608697,78.68095723117463,678.7126086956522,4.345827297702298,72.23076923076923,59.578154803529806,300.1998076923077
14052,89,2.882142857142857,4.024285714285714,225.35999999999999,1,56,1.0,56.0,2.882142857142857,89.0,4.024285714285714,225.35999999999999,2.882142857142857,1.5892857142857142,4.024285714285715,4.024285714285715
14053,215,1.3775,65.0625,260.25,2,2,2.0,2.0,1.2716666666666667,107.5,78.70833333333333,130.125,1.5683333333333334,107.5,53.125,130.125
14054,62,1.5133333333333334,15.410000000000002,92.46000000000001,1,6,1.0,6.0,1.5133333333333334,62.0,15.410000000000002,92.46000000000001,1.5133333333333334,10.333333333333334,15.410000000000002,15.410000000000002
14055,216,4.453,72.56400000000001,725.6400000000001,1,10,1.0,10.0,4.453,216.0,72.56400000000001,725.6400000000001,4.453,21.6,72.56400000000001,72.56400000000001
14056,4273,2.8268083182640145,7.427350813743218,8214.65,23,320,3.45625,48.08695652173913,2.8703304429909515,185.7826086956522,7.693194362077959,357.1586956521739,2.3794161458333334,13.353125,5.8424632567952886,25.670781249999997
14057,4876,1.9360211267605636,21.894225352112677,6217.96,17,179,1.5865921787709498,16.705882352941178,2.246074983141933,286.8235294117647,46.861744565680695,365.76235294117646,2.0524363749224084,27.24022346368715,18.338411545623835,34.737206703910616
14059,128,2.3125,22.95,183.6,1,8,1.0,8.0,2.3125,128.0,22.95,183.6,2.3125,16.0,22.95,22.95
14060,5386,1.4406930693069306,30.39811881188119,6140.42,19,86,2.3488372093023258,10.631578947368421,1.5035158820458234,283.4736842105263,37.156584837061985,323.18,1.2806744186046513,62.627906976744185,30.320261627906977,71.40023255813954
14062,5593,2.8256756756756753,94.27792792792793,10464.85,12,60,1.85,9.25,3.368858630952381,466.0833333333333,137.18116021825398,872.0708333333333,2.8328083333333334,93.21666666666667,73.29945833333333,174.41416666666666
14064,1788,1.58,16.92175,1353.74,5,59,1.3559322033898304,16.0,1.4998155594405596,357.6,23.032981643356642,270.748,1.6711299435028248,30.305084745762713,14.817485875706215,22.944745762711865
14066,45,4.364285714285715,21.792857142857144,152.55,1,7,1.0,7.0,4.364285714285715,45.0,21.792857142857144,152.55,4.364285714285715,6.428571428571429,21.792857142857144,21.792857142857144
14067,361,2.8625,7.2057692307692305,374.7,2,51,1.0196078431372548,26.0,2.903874074074074,180.5,7.271733333333333,187.35,2.910980392156863,7.078431372549019,7.117647058823529,7.347058823529411
14068,73,4.091666666666667,11.077083333333334,265.85,1,22,1.0909090909090908,24.0,4.091666666666667,73.0,11.077083333333334,265.85,4.113636363636363,3.3181818181818183,11.55909090909091,12.08409090909091
14071,995,2.4038271604938273,4.440802469135802,1438.82,8,271,1.1955719557195572,40.5,2.9437026259537165,124.375,6.979706159642662,179.8525,2.2402767527675276,3.6715867158671585,4.1659225092250916,5.30929889298893
14073,130,2.1415384615384614,11.618461538461538,151.04,1,13,1.0,13.0,2.1415384615384614,130.0,11.618461538461538,151.04,2.1415384615384614,10.0,11.618461538461538,11.618461538461538
14075,754,1.8132558139534884,21.913023255813954,942.26,3,33,1.303030303030303,14.333333333333334,1.8465087145969499,251.33333333333334,25.12805555555556,314.08666666666664,1.5607575757575758,22.848484848484848,20.21212121212121,28.553333333333335
14076,81,2.009130434782609,2.662391304347826,122.47,1,43,1.069767441860465,46.0,2.009130434782609,81.0,2.662391304347826,122.47,2.0318604651162793,1.8837209302325582,2.701627906976744,2.848139534883721
14077,268,2.665952380952381,11.890952380952381,499.42,5,33,1.2727272727272727,8.4,2.4878666666666667,53.6,21.839516666666665,99.88399999999999,2.9949999999999997,8.121212121212121,10.110757575757575,15.133939393939395
14078,310,2.6804615384615382,16.144153846153845,1049.37,6,46,1.4130434782608696,10.833333333333334,2.6387352462352465,51.666666666666664,16.59627391127391,174.89499999999998,2.556449275362319,6.739130434782608,10.547807971014493,22.812391304347823
14079,301,3.2733333333333334,31.258333333333336,375.1,1,12,1.0,12.0,3.2733333333333334,301.0,31.258333333333336,375.1,3.2733333333333334,25.083333333333332,31.258333333333336,31.258333333333336
14080,48,0.95,11.399999999999999,45.599999999999994,1,4,1.0,4.0,0.95,48.0,11.399999999999999,45.599999999999994,0.95,12.0,11.399999999999999,11.399999999999999
14081,596,3.0334640522875818,6.10797385620915,934.52,2,126,1.2142857142857142,76.5,3.0337370600414078,298.0,6.110652173913043,467.26,2.861666666666667,4.73015873015873,5.918148148148148,7.416825396825397
14082,110,2.587586206896552,6.2844827586206895,182.25,1,28,1.0357142857142858,29.0,2.587586206896552,110.0,6.2844827586206895,182.25,2.610357142857143,3.9285714285714284,6.369642857142857,6.508928571428571
14083,732,2.806243093922652,5.626685082872928,1018.43,9,162,1.117283950617284,20.11111111111111,3.0427268550163284,81.33333333333333,8.619299661190013,113.1588888888889,2.781111111111111,4.518518518518518,5.57320987654321,6.286604938271605
14085,3184,2.401177777777778,9.885644444444445,4448.54,18,272,1.6544117647058822,25.0,2.438012518271453,176.88888888888889,12.103059681200229,247.14111111111112,2.4833700980392157,11.705882352941176,9.513167892156861,16.354926470588236
14087,251,1.4207246376811595,2.8176811594202897,194.42,1,61,1.1311475409836065,69.0,1.4207246376811595,251.0,2.8176811594202897,194.42,1.447377049180328,4.114754098360656,2.8207103825136612,3.187213114754098
14088,12665,5.730696095076401,85.7246349745331,50491.81,13,379,1.554089709762533,45.30769230769231,4.732513722570751,974.2307692307693,77.5764500431805,3883.9853846153846,5.905052770448548,33.41688654353562,80.63069700967459,133.22377308707124
14089,134,2.207142857142857,11.5,161.0,1,13,1.0769230769230769,14.0,2.207142857142857,134.0,11.5,161.0,2.2038461538461536,10.307692307692308,12.211538461538462,12.384615384615385
14090,72,1.06,76.32000000000001,76.32000000000001,1,1,1.0,1.0,1.06,72.0,76.32000000000001,76.32000000000001,1.06,72.0,76.32000000000001,76.32000000000001
14092,2066,2.7328971962616824,19.050981308411217,4076.9100000000003,14,117,1.829059829059829,15.285714285714286,2.866393503521517,147.57142857142858,20.134124463854366,291.2078571428571,2.684957264957265,17.65811965811966,17.51480056980057,34.84538461538462
14093,406,1.4897142857142855,4.217619047619048,442.85,1,95,1.105263157894737,105.0,1.4897142857142855,406.0,4.217619047619048,442.85,1.538,4.273684210526316,4.444578947368421,4.6615789473684215
14096,16352,6.5217080806104475,12.749909998043435,65164.79,17,1119,4.567470956210903,300.6470588235294,5.716118058821492,961.8823529411765,11.456131138925906,3833.22294117647,5.79047953184984,14.613047363717605,9.934275068715417,58.2348436103664
14098,104,1.7047619047619047,7.016666666666667,147.35,1,21,1.0,21.0,1.7047619047619047,104.0,7.016666666666667,147.35,1.7047619047619047,4.9523809523809526,7.016666666666667,7.016666666666667
14099,2179,2.59356,12.41668,3104.17,11,167,1.4970059880239521,22.727272727272727,2.6829779741015978,198.0909090909091,12.929690828253497,282.1972727272727,2.6383383233532935,13.047904191616766,11.776575848303395,18.587844311377246
14100,64,3.388461538461539,7.496153846153846,194.9,1,24,1.0833333333333333,26.0,3.388461538461539,64.0,7.496153846153846,194.9,3.5083333333333333,2.6666666666666665,7.938541666666667,8.120833333333334
14101,6942,1.73,170.76542857142857,5976.79,6,15,2.3333333333333335,5.833333333333333,1.7380833333333332,1157.0,198.83208333333334,996.1316666666667,1.419,462.8,139.70133333333334,398.4526666666667
14102,961,2.0744303797468353,17.21873417721519,1360.28,5,35,2.257142857142857,15.8,1.885388888888889,192.2,21.047555555555554,272.056,2.9737142857142858,27.457142857142856,13.241163265306122,38.86514285714286
14104,72,7.933809523809523,10.295714285714286,216.21,2,21,1.0,10.5,27.860131578947367,36.0,29.165394736842106,108.105,7.933809523809523,3.4285714285714284,10.295714285714286,10.295714285714286
14105,800,2.9174324324324328,17.111216216216217,1266.23,1,74,1.0,74.0,2.9174324324324328,800.0,17.111216216216217,1266.23,2.9174324324324323,10.81081081081081,17.111216216216217,17.111216216216217
14107,1793,2.6591056910569106,21.977479674796747,2703.23,7,61,2.0163934426229506,17.571428571428573,2.579184916274202,256.14285714285717,22.572854046746905,386.17571428571426,2.9640983606557376,29.39344262295082,23.35306010928962,44.315245901639344
14108,381,3.093235294117647,17.585588235294118,597.91,2,33,1.0303030303030303,17.0,3.0628472222222225,190.5,17.62017361111111,298.955,3.1239393939393936,11.545454545454545,17.362121212121213,18.118484848484847
14109,88,2.466666666666667,16.022222222222222,144.2,1,9,1.0,9.0,2.466666666666667,88.0,16.022222222222222,144.2,2.466666666666667,9.777777777777779,16.022222222222222,16.022222222222222
14110,2445,2.3614193548387097,36.66548387096774,5683.15,12,94,1.648936170212766,12.916666666666666,2.5592622940761762,203.75,88.30710163440556,473.59583333333336,2.4545567375886526,26.01063829787234,26.260078014184398,60.45904255319149
14111,458,3.6799999999999997,69.285,692.85,4,10,1.0,2.5,3.5525,114.5,75.93,173.2125,3.6799999999999997,45.8,69.285,69.285
14112,1651,2.5103125,18.2196875,2915.15,7,117,1.3675213675213675,22.857142857142858,3.7717797214413493,235.85714285714286,22.39564541272681,416.45,2.6728988603988606,14.11111111111111,18.262150997150997,24.915811965811965
14113,745,2.481176470588235,54.13,1840.42,4,26,1.3076923076923077,8.5,2.7861525974025976,186.25,90.41071428571428,460.105,2.3667307692307693,28.653846153846153,32.589230769230774,70.78538461538461
14114,101,6.312666666666667,25.768666666666665,386.53,2,15,1.0,7.5,9.538181818181817,50.5,32.79454545454545,193.265,6.312666666666667,6.733333333333333,25.768666666666665,25.768666666666665
14116,707,3.251666666666667,19.204722222222223,1382.74,5,61,1.180327868852459,14.4,3.432286119711043,141.4,19.953778379772963,276.548,3.243114754098361,11.59016393442623,18.592704918032787,22.667868852459016
14117,72,1.25,30.0,90.0,1,3,1.0,3.0,1.25,72.0,30.0,90.0,1.25,24.0,30.0,30.0
14121,2082,2.2942138364779874,17.485220125786164,2780.15,4,148,1.0743243243243243,39.75,2.024586797699849,520.5,16.57189950980392,695.0375,2.2690878378378376,14.067567567567568,17.194256756756758,18.7847972972973
14124,1618,0.358,83.916,419.58,1,4,1.25,5.0,0.358,1618.0,83.916,419.58,0.35875,404.5,84.10499999999999,104.895
14125,1640,3.1613173652694613,16.409760479041914,2740.43,3,159,1.050314465408805,55.666666666666664,3.1619071773636995,546.6666666666666,16.152682194616975,913.4766666666666,3.1287421383647795,10.314465408805031,16.47487421383648,17.235408805031444
14126,508,4.040666666666667,47.07533333333334,706.1300000000001,3,14,1.0714285714285714,5.0,2.386388888888889,169.33333333333334,89.79250000000002,235.3766666666667,4.24,36.285714285714285,45.97357142857144,50.43785714285714
14127,321,3.9595454545454545,16.129772727272726,709.71,3,39,1.1282051282051282,14.666666666666666,4.260037037037037,107.0,16.061907407407407,236.57000000000002,3.7932051282051282,8.23076923076923,16.32871794871795,18.197692307692307
14128,564,1.895,13.858695652173912,637.5,2,40,1.15,23.0,1.8885227272727272,282.0,13.859924242424242,318.75,1.7715,14.1,13.214500000000001,15.9375
14129,592,2.734423076923077,21.61269230769231,1123.8600000000001,5,31,1.6774193548387097,10.4,2.9786,118.4,20.848816666666668,224.77200000000002,2.496451612903226,19.096774193548388,22.443870967741937,36.25354838709677
14130,258,2.865373134328358,7.221791044776119,483.86,1,66,1.0151515151515151,67.0,2.865373134328358,258.0,7.221791044776119,483.86,2.8640909090909092,3.909090909090909,7.286515151515152,7.331212121212121
14132,3368,1.71775,17.93015,3586.03,11,100,2.0,18.181818181818183,1.697804901523339,306.1818181818182,18.874853705389395,326.00272727272727,1.61195,33.68,16.1916,35.8603
14133,348,3.7950000000000004,21.63,605.64,3,25,1.12,9.333333333333334,2.6959469696969696,116.0,21.377727272727274,201.88,4.0484,13.92,21.6996,24.2256
14135,3850,2.472462686567164,35.00231343283583,4690.31,15,95,1.4105263157894736,8.933333333333334,2.9665409466350643,256.6666666666667,40.242318830274584,312.68733333333336,2.1031578947368423,40.526315789473685,31.20536842105263,49.37168421052632
14138,610,2.3117021276595744,20.901702127659576,982.38,2,40,1.175,23.5,2.5219805194805196,305.0,21.9616341991342,491.19000000000005,2.2350000000000003,15.25,20.330125000000002,24.5595
14139,510,1.4576923076923076,15.993076923076924,415.82,1,26,1.0,26.0,1.4576923076923076,510.0,15.993076923076924,415.82,1.4576923076923076,19.615384615384617,15.993076923076924,15.993076923076924
14140,811,1.823939393939394,14.167424242424241,935.05,2,60,1.1,33.0,1.8181346153846154,405.5,14.340451923076923,467.525,1.7946666666666669,13.516666666666667,14.099166666666667,15.584166666666667
14141,355,3.5195,22.87825,915.13,4,27,1.4814814814814814,10.0,3.5428437500000003,88.75,24.529375,228.78250000000003,3.33,13.148148148148149,21.938148148148148,33.8937037037037
14142,313,1.7704545454545455,14.173181818181819,311.81,1,22,1.0,22.0,1.7704545454545455,313.0,14.173181818181819,311.81,1.7704545454545455,14.227272727272727,14.173181818181819,14.173181818181819
14143,30,5.485714285714286,16.54285714285714,115.8,1,7,1.0,7.0,5.485714285714286,30.0,16.54285714285714,115.8,5.485714285714286,4.285714285714286,16.54285714285714,16.54285714285714
14145,756,4.95,340.2,3742.2,4,6,1.8333333333333333,2.75,4.95,189.0,387.3375,935.55,4.95,126.0,310.2,623.6999999999999
14146,2437,2.6339047619047617,19.957142857142856,4191.0,5,183,1.1475409836065573,42.0,2.7088499911047856,487.4,20.697279969163255,838.2,2.6598907103825136,13.316939890710383,19.924426229508196,22.901639344262296
14147,108,4.55,96.67999999999999,483.4,2,4,1.25,2.5,4.6625,54.0,95.80000000000001,241.70000000000002,3.5625,27.0,78.35,120.85000000000001
14148,16,7.55,52.4,157.2,1,3,1.0,3.0,7.55,16.0,52.4,157.2,7.55,5.333333333333333,52.4,52.4
14149,218,2.9699999999999998,15.950714285714286,446.62,1,28,1.0,28.0,2.9699999999999998,218.0,15.950714285714286,446.62,2.9699999999999998,7.785714285714286,15.950714285714286,15.950714285714286
14150,496,1.6823076923076923,25.33230769230769,658.64,2,23,1.1304347826086956,13.0,1.6620833333333334,248.0,25.345357142857143,329.32,1.5739130434782609,21.565217391304348,20.50695652173913,28.636521739130433
14152,711,1.143469387755102,12.67938775510204,621.29,2,47,1.0425531914893618,24.5,1.1529396551724138,355.5,13.092086206896553,310.645,1.171063829787234,15.127659574468085,12.966595744680852,13.218936170212766
14154,465,7.893076923076923,25.87730769230769,1345.62,2,52,1.0,26.0,7.320590111642743,232.5,25.07427432216906,672.81,7.893076923076923,8.942307692307692,25.87730769230769,25.87730769230769
14155,25,5.45,19.791666666666668,118.75,1,6,1.0,6.0,5.45,25.0,19.791666666666668,118.75,5.45,4.166666666666667,19.791666666666668,19.791666666666668
14157,284,2.1975000000000002,9.018333333333333,432.88,2,45,1.0666666666666667,24.0,2.8531623931623935,142.0,12.204017094017095,216.44,2.254666666666667,6.311111111111111,9.398666666666667,9.619555555555555
14158,781,1.5365853658536586,12.381951219512194,507.65999999999997,1,41,1.0,41.0,1.5365853658536586,781.0,12.381951219512194,507.65999999999997,1.5365853658536586,19.048780487804876,12.381951219512194,12.381951219512194
14159,4408,1.4932392026578072,3.8978488372093025,4693.01,11,501,2.403193612774451,109.45454545454545,1.523435767003742,400.72727272727275,3.891542596165959,426.6372727272728,1.6565429141716568,8.798403193612774,3.9899099974653867,9.367285429141717
14161,455,3.1771296296296296,10.282592592592593,1110.52,3,87,1.2413793103448276,36.0,3.095609086819613,151.66666666666666,10.437503643724696,370.17333333333335,3.3712643678160923,5.2298850574712645,10.829233716475096,12.764597701149425
14162,142,3.8892,11.5744,289.36,2,25,1.0,12.5,3.8990384615384617,71.0,11.487179487179487,144.68,3.8892,5.68,11.5744,11.5744
14163,893,4.738076923076923,47.036730769230765,2445.91,4,36,1.4444444444444444,13.0,4.658919117647059,223.25,49.65638235294118,611.4775,5.108611111111111,24.805555555555557,40.33965277777778,67.94194444444445
14164,1033,1.5541379310344827,56.26793103448276,1631.77,2,28,1.0357142857142858,14.5,1.667857142857143,516.5,201.74589285714285,815.885,1.5457142857142858,36.892857142857146,48.68821428571429,58.277499999999996
14165,54,3.2376,4.901599999999999,122.53999999999999,1,23,1.0869565217391304,25.0,3.2376,54.0,4.901599999999999,122.53999999999999,3.316956521739131,2.347826086956522,5.070217391304348,5.327826086956521
14167,150,4.298461538461539,11.054615384615385,574.84,4,27,1.9259259259259258,13.0,4.352231240981241,37.5,11.615294011544012,143.71,3.9137037037037037,5.555555555555555,8.118611111111111,21.290370370370372
14171,167,2.8863793103448274,6.272241379310345,363.79,1,57,1.0175438596491229,58.0,2.8863793103448274,167.0,6.272241379310345,363.79,2.9224561403508775,2.9298245614035086,6.360438596491228,6.382280701754386
14173,150,4.376896551724138,15.546206896551723,450.84,4,28,1.0357142857142858,7.25,3.523371212121212,37.5,18.142859848484846,112.71000000000001,4.399285714285714,5.357142857142857,13.28892857142857,16.101428571428574
14174,94,1.9373076923076922,5.171538461538462,134.46,1,26,1.0,26.0,1.9373076923076922,94.0,5.171538461538462,134.46,1.9373076923076922,3.6153846153846154,5.171538461538462,5.171538461538462
14175,1515,3.7063758389261743,21.626174496644296,3222.3,3,139,1.0719424460431655,49.666666666666664,3.6359487510766577,505.0,21.0363710163652,1074.1000000000001,3.7584532374100714,10.899280575539569,21.509460431654677,23.18201438848921
14176,209,3.574193548387097,18.609677419354842,576.9000000000001,4,28,1.1071428571428572,7.75,3.2164062500000004,52.25,23.853038194444444,144.22500000000002,3.6410714285714287,7.464285714285714,17.758928571428573,20.603571428571428
14177,205,4.346666666666667,13.319285714285714,559.41,4,37,1.135135135135135,10.5,4.1669583333333335,51.25,26.73752777777778,139.8525,4.304324324324324,5.54054054054054,10.881351351351352,15.11918918918919
14178,1505,1.7031192660550458,4.9569724770642205,1620.93,7,191,1.712041884816754,46.714285714285715,1.7823928936805575,215.0,5.528540956665092,231.5614285714286,1.769842931937173,7.87958115183246,4.622831588132635,8.486544502617802
14179,330,2.813575757575758,4.36230303030303,719.78,2,135,1.2222222222222223,82.5,2.533305,165.0,4.30797,359.89000000000004,2.95762962962963,2.4444444444444446,4.32091975308642,5.331703703703703
14180,719,9.311208333333333,19.785500000000003,4748.52,25,112,2.142857142857143,9.6,9.154912814636344,28.76,20.356331553087433,189.94080000000002,9.136815476190476,6.419642857142857,19.745235969387753,42.3975
14184,127,5.418333333333333,18.870416666666667,452.89,1,24,1.0,24.0,5.418333333333333,127.0,18.870416666666667,452.89,5.418333333333333,5.291666666666667,18.870416666666667,18.870416666666667
14185,6,59.73333333333333,65.88333333333334,197.65,1,3,1.0,3.0,59.73333333333333,6.0,65.88333333333334,197.65,59.73333333333333,2.0,65.88333333333334,65.88333333333334
14188,1162,1.975076923076923,31.605538461538462,2054.36,6,34,1.911764705882353,10.833333333333334,1.9611801346801345,193.66666666666666,31.698358585858585,342.3933333333334,1.9592352941176472,34.1764705882353,27.69436274509804,60.42235294117648
14189,3937,2.158,17.56256603773585,4654.08,15,176,1.5056818181818181,17.666666666666668,2.131812096399377,262.46666666666664,17.930403339805093,310.272,1.7927840909090909,22.369318181818183,16.962632575757574,26.44363636363636
14191,3662,1.9932818532818533,18.08787644787645,4684.76,13,145,1.7862068965517242,19.923076923076923,2.238451287592323,281.6923076923077,19.033627671361334,360.36615384615385,1.8293103448275863,25.255172413793105,17.192603174603175,32.308689655172415
14193,445,2.724047619047619,20.318809523809524,853.39,2,35,1.2,21.0,2.723192219679634,222.5,20.523810068649887,426.69500000000005,2.6752857142857143,12.714285714285714,19.768285714285714,24.382571428571428
14194,5840,3.387288428324698,19.601934369602763,11349.52,21,269,2.1524163568773234,27.571428571428573,3.7385822426345823,278.0952380952381,22.39641144938049,540.4533333333334,3.413088953797132,21.71003717472119,20.022945477075588,42.19152416356877
14195,760,5.992857142857143,144.57142857142858,1012.0,2,7,1.0,3.5,6.49,380.0,128.74,506.0,5.992857142857143,108.57142857142857,144.57142857142858,144.57142857142858
14196,142,3.265,55.919999999999995,335.52,1,6,1.0,6.0,3.265,142.0,55.919999999999995,335.52,3.265,23.666666666666668,55.919999999999995,55.919999999999995
14198,290,4.7356410256410255,17.984615384615385,701.4,4,35,1.1142857142857143,9.75,4.774027777777778,72.5,18.32767361111111,175.35000000000002,4.488285714285714,8.285714285714286,17.410476190476192,20.04
14199,28,5.8999999999999995,92.69999999999999,185.39999999999998,1,2,1.0,2.0,5.8999999999999995,28.0,92.69999999999999,185.39999999999998,5.8999999999999995,14.0,92.69999999999999,92.69999999999999
14201,590,2.545945945945946,20.20108108108108,747.44,7,32,1.15625,5.285714285714286,2.428027210884354,84.28571428571429,20.243027210884353,106.77714285714286,2.6040625,18.4375,18.051875,23.3575
14204,82,2.4050000000000002,3.659772727272727,161.03,1,36,1.2222222222222223,44.0,2.4050000000000002,82.0,3.659772727272727,161.03,2.6624999999999996,2.2777777777777777,3.9943981481481483,4.473055555555556
14205,204,4.167916666666667,19.445833333333333,466.7,2,23,1.0434782608695652,12.0,4.184357142857143,102.0,20.150714285714287,233.35000000000002,3.9969565217391305,8.869565217391305,19.22826086956522,20.291304347826088
14206,276,1.797,16.407999999999998,328.15999999999997,1,20,1.0,20.0,1.797,276.0,16.407999999999998,328.15999999999997,1.797,13.8,16.407999999999998,16.407999999999998
14208,114,3.5269999999999997,15.174000000000001,151.74,1,10,1.0,10.0,3.5269999999999997,114.0,15.174000000000001,151.74,3.5269999999999997,11.4,15.174000000000001,15.174000000000001
14209,691,5.291494252873563,23.83252873563218,2073.43,6,55,1.5818181818181818,14.5,5.352229157294946,115.16666666666667,25.121317523241867,345.5716666666667,5.6374545454545455,12.563636363636364,20.296499999999998,37.69872727272727
14210,760,3.816372549019608,18.684705882352944,1905.8400000000001,6,66,1.5454545454545454,17.0,3.8546490641711233,126.66666666666667,18.837028186274512,317.64000000000004,3.688409090909091,11.515151515151516,18.308762626262627,28.87636363636364
14211,1242,2.7716964285714285,20.009821428571428,2241.1,9,87,1.2873563218390804,12.444444444444445,3.00502730294397,138.0,21.168476970560302,249.0111111111111,2.6492528735632184,14.275862068965518,19.91,25.759770114942526
14212,1152,1.2522222222222221,118.94222222222223,1070.48,1,9,1.0,9.0,1.2522222222222221,1152.0,118.94222222222223,1070.48,1.2522222222222223,128.0,118.94222222222223,118.94222222222223
14214,751,2.3407462686567166,14.990746268656716,1004.38,5,64,1.046875,13.4,1.988989666136725,150.2,13.95069157392687,200.876,2.32703125,11.734375,14.95984375,15.6934375
14215,1358,2.221111111111111,16.57148148148148,1789.72,6,98,1.1020408163265305,18.0,2.187491826241826,226.33333333333334,18.227607371982373,298.2866666666667,2.2653061224489797,13.857142857142858,16.46795918367347,18.262448979591838
14216,594,4.716271186440678,31.17457627118644,1839.3,4,47,1.2553191489361701,14.75,5.502371794871794,148.5,38.03692948717949,459.825,4.735319148936171,12.638297872340425,24.756382978723405,39.13404255319149
14217,689,5.4955,20.0498,2004.98,17,78,1.2820512820512822,5.882352941176471,5.584644257703082,40.529411764705884,21.63372549019608,117.94,5.599294871794872,8.833333333333334,19.63301282051282,25.704871794871796
14218,160,1.4400000000000002,14.123333333333335,169.48000000000002,1,12,1.0,12.0,1.4400000000000002,160.0,14.123333333333335,169.48000000000002,1.4400000000000002,13.333333333333334,14.123333333333335,14.123333333333335
14219,78,2.2885714285714287,12.848571428571429,89.94,1,7,1.0,7.0,2.2885714285714287,78.0,12.848571428571429,89.94,2.2885714285714287,11.142857142857142,12.848571428571429,12.848571428571429
14220,272,3.3961904761904766,30.114285714285717,632.4000000000001,2,21,1.0,10.5,3.386045454545455,136.0,30.197363636363637,316.20000000000005,3.3961904761904766,12.952380952380953,30.114285714285714,30.114285714285714
14221,2191,3.2711398963730574,17.78652849740933,3432.8,9,123,1.5691056910569106,21.444444444444443,3.0140354188236222,243.44444444444446,18.186232673423635,381.4222222222222,3.518373983739837,17.8130081300813,18.386463414634147,27.908943089430895
14222,607,1.706829268292683,16.662682926829266,683.17,1,41,1.0,41.0,1.706829268292683,607.0,16.662682926829266,683.17,1.706829268292683,14.804878048780488,16.662682926829266,16.662682926829266
14223,585,3.8998333333333335,16.518833333333333,991.13,3,50,1.2,20.0,3.941375661375661,195.0,16.53883597883598,330.37666666666667,3.5432,11.7,16.2145,19.8226
14224,514,3.8577966101694914,8.899322033898306,1050.1200000000001,4,105,1.1238095238095238,29.5,4.188091245644599,128.5,11.031963922764227,262.53,4.01,4.895238095238096,8.436714285714286,10.001142857142856
14226,1308,2.8997014925373135,33.31626865671642,2232.19,5,64,1.046875,13.4,5.699888888888888,261.6,28.082611111111113,446.438,2.9870312500000002,20.4375,34.16515625,34.87796875
14227,1820,2.8489714285714287,19.148342857142858,3350.96,10,117,1.4957264957264957,17.5,2.6103498642533935,182.0,21.234966854219948,335.096,2.860391737891738,15.555555555555555,18.305099715099715,28.64068376068376
14229,610,3.22,38.68,1547.2,3,29,1.3793103448275863,13.333333333333334,3.6744761904761902,203.33333333333334,43.26164285714285,515.7333333333332,2.681724137931034,21.03448275862069,37.15362068965517,53.351724137931036
14231,409,3.6696000000000004,18.514200000000002,925.71,3,47,1.0638297872340425,16.666666666666668,3.8719736842105266,136.33333333333334,19.390116959064326,308.57,3.7077659574468087,8.702127659574469,18.528936170212766,19.69595744680851
14232,1941,1.8238260869565217,17.80930434782609,2048.07,5,81,1.4197530864197532,23.0,1.660582573454914,388.2,18.922725937183383,409.61400000000003,1.9855555555555557,23.962962962962962,16.782654320987653,25.284814814814816
14233,680,2.7905714285714285,41.792,1462.72,4,30,1.1666666666666667,8.75,3.0255555555555556,170.0,43.72825,365.68,2.7733333333333334,22.666666666666668,39.889,48.757333333333335
14234,963,1.591069182389937,4.877106918238994,775.46,4,122,1.3032786885245902,39.75,1.2525765176299528,240.75,11.695591784805526,193.86499999999998,1.7075409836065574,7.89344262295082,5.015280054644808,6.356229508196722
14235,1959,2.017974683544304,39.80835443037975,3144.86,5,65,1.2153846153846153,15.8,2.2082792250233423,391.8,43.915601447245564,628.972,1.9433076923076922,30.138461538461538,36.565538461538466,48.38246153846154
14236,310,2.0653333333333332,32.724000000000004,490.86,2,15,1.0,7.5,3.3720833333333333,155.0,44.115,245.43,2.0653333333333332,20.666666666666668,32.724,32.724
14237,38,7.122222222222222,17.88888888888889,161.0,1,9,1.0,9.0,7.122222222222222,38.0,17.88888888888889,161.0,7.122222222222222,4.222222222222222,17.88888888888889,17.88888888888889
14238,111,2.2874999999999996,18.35625,146.85,1,8,1.0,8.0,2.2874999999999996,111.0,18.35625,146.85,2.2875,13.875,18.35625,18.35625
14239,993,3.6066964285714285,21.257589285714285,2380.85,11,83,1.3493975903614457,10.181818181818182,3.423168889043221,90.27272727272727,22.759729668726994,216.4409090909091,3.524819277108434,11.963855421686747,21.028614457831324,28.684939759036148
14240,418,3.439761904761905,21.19857142857143,890.34,2,37,1.135135135135135,21.0,3.81796875,209.0,21.70953125,445.17,3.2221621621621623,11.297297297297296,19.96527027027027,24.063243243243242
14241,146,1.955,21.37,213.70000000000002,1,10,1.0,10.0,1.955,146.0,21.37,213.70000000000002,1.955,14.6,21.37,21.37
14242,123,3.720625,17.534375,280.55,2,13,1.2307692307692308,8.0,3.720625,61.5,17.534374999999997,140.27499999999998,4.101153846153846,9.461538461538462,17.515384615384615,21.58076923076923
14243,1221,3.9612765957446805,18.360070921985816,2588.77,10,99,1.4242424242424243,14.1,3.8005010822510825,122.1,19.272690749105966,258.877,3.8150505050505052,12.333333333333334,17.484015151515152,26.149191919191917
14245,976,3.1289814814814814,15.680092592592594,1693.45,2,107,1.0093457943925233,54.0,3.186394248270841,488.0,15.895258463778667,846.725,3.1213084112149536,9.121495327102803,15.678971962616822,15.826635514018692
14246,804,2.9734666666666665,19.654133333333334,1474.06,3,57,1.3157894736842106,25.0,2.97327094017094,268.0,19.63714871794872,491.3533333333333,3.0850877192982455,14.105263157894736,19.31605263157895,25.860701754385964
14247,47,3.912,6.838500000000001,136.77,1,19,1.0526315789473684,20.0,3.912,47.0,6.838500000000001,136.77,4.031052631578947,2.473684210526316,7.024736842105263,7.19842105263158
14248,102,3.0525,37.8225,302.58,1,8,1.0,8.0,3.0525,102.0,37.8225,302.58,3.0525,12.75,37.8225,37.8225
14250,1200,2.487207207207207,17.153603603603603,1904.05,3,94,1.1808510638297873,37.0,2.502854217854218,400.0,17.46440158340158,634.6833333333333,2.365744680851064,12.76595744680851,16.549468085106383,20.255851063829788
14251,1674,2.0692307692307694,36.91923076923077,2879.7000000000003,5,37,2.108108108108108,15.6,2.0626957264957264,334.8,37.90632307692307,575.9399999999999,2.2175675675675675,45.24324324324324,35.27567567567568,77.82972972972972
14256,414,4.05188679245283,18.284150943396227,969.0600000000001,2,51,1.0392156862745099,26.5,4.307328869047619,207.0,18.785312500000003,484.53000000000003,4.0210784313725485,8.117647058823529,18.03794117647059,19.001176470588238
14257,1682,2.838867924528302,29.242641509433966,3099.7200000000003,5,88,1.2045454545454546,21.2,3.1219106902636318,336.4,36.73165671424495,619.9440000000001,2.7713068181818183,19.113636363636363,27.196534090909093,35.22409090909091
14258,7100,3.8380180180180177,114.14396396396396,12669.98,9,58,1.9137931034482758,12.333333333333334,4.151359169653524,788.8888888888889,122.22512435284746,1407.7755555555555,3.8020977011494255,122.41379310344827,109.38346469622333,218.44793103448276
14259,68,2.83,24.0,120.0,1,5,1.0,5.0,2.83,68.0,24.0,120.0,2.83,13.6,24.0,24.0
14261,406,5.064038461538461,22.37403846153846,1163.45,2,52,1.0,26.0,7.666841269841269,203.0,26.17896825396825,581.725,5.064038461538461,7.8076923076923075,22.37403846153846,22.37403846153846
14262,1645,2.090699300699301,18.3093006993007,2618.23,8,87,1.6436781609195403,17.875,2.126329861111111,205.625,19.584872685185186,327.27875,2.0464942528735635,18.908045977011493,17.143084291187737,30.094597701149425
14264,70,6.62,19.64529411764706,333.97,2,15,1.1333333333333333,8.5,6.733750000000001,35.0,20.664583333333333,166.985,6.642666666666667,4.666666666666667,19.884666666666664,22.264666666666667
14267,530,4.3910909090909085,27.568,1516.24,3,25,2.2,18.333333333333332,4.433822222222222,176.66666666666666,27.650844444444445,505.41333333333336,4.1988,21.2,27.1952,60.6496
14270,197,4.570689655172414,16.98793103448276,492.65000000000003,1,29,1.0,29.0,4.570689655172414,197.0,16.98793103448276,492.65000000000003,4.570689655172414,6.793103448275862,16.98793103448276,16.98793103448276
14271,88,2.491,11.232000000000001,112.32000000000001,1,10,1.0,10.0,2.491,88.0,11.232000000000001,112.32000000000001,2.491,8.8,11.232,11.232
14272,599,2.2675757575757576,13.271515151515151,437.96,2,33,1.0,16.5,2.8527750000000003,299.5,14.373025,218.98000000000002,2.2675757575757576,18.151515151515152,13.271515151515151,13.271515151515151
14273,264,2.4848275862068965,19.309310344827587,559.97,4,22,1.3181818181818181,7.25,2.300416666666667,66.0,18.950454545454548,139.9925,2.611818181818182,12.0,19.130454545454544,25.453181818181818
14276,744,2.2271875,17.4959375,1119.74,3,52,1.2307692307692308,21.333333333333332,2.2934732664995825,248.0,17.591361737677527,373.24666666666667,2.3797115384615384,14.307692307692308,17.3825,21.533461538461538
14280,52,4.73375,16.755,134.04,1,8,1.0,8.0,4.73375,52.0,16.755,134.04,4.73375,6.5,16.755,16.755
14282,2668,1.600320512820513,23.906025641025643,3729.34,15,70,2.2285714285714286,10.4,1.5958765477986068,177.86666666666667,23.85231502549738,248.62266666666667,1.5303833333333334,38.114285714285714,19.945561224489797,53.27628571428571
14284,161,4.821875,18.6015625,595.25,2,24,1.3333333333333333,16.0,4.874898785425101,80.5,18.726417004048585,297.625,4.866666666666666,6.708333333333333,18.446875000000002,24.802083333333332
14285,541,4.82037037037037,70.74111111111111,1910.01,4,18,1.5,6.75,3.7266875,135.25,53.79665625,477.50250000000005,5.773703703703704,30.055555555555557,72.67944444444444,106.11166666666666
14286,4338,1.5431785714285713,16.53125,4628.75,3,220,1.2727272727272727,93.33333333333333,1.4824175146469318,1446.0,16.41930773974715,1542.9166666666667,1.54525,19.71818181818182,17.153886363636364,21.039772727272727
14287,261,1.913333333333333,19.625555555555554,176.63,3,9,1.0,3.0,1.3022222222222222,87.0,19.316666666666666,58.876666666666665,1.913333333333333,29.0,19.625555555555554,19.625555555555554
14288,188,3.00625,26.6625,426.6,1,16,1.0,16.0,3.00625,188.0,26.6625,426.6,3.00625,11.75,26.6625,26.6625
14289,292,5.346382978723404,19.388510638297873,911.26,6,33,1.4242424242424243,7.833333333333333,5.828675438596491,48.666666666666664,21.573777777777778,151.87666666666667,4.657727272727273,8.848484848484848,17.225757575757576,27.613939393939393
14290,915,3.6530693069306936,22.917326732673267,2314.65,5,89,1.1348314606741574,20.2,3.878301393086879,183.0,22.111912917538557,462.93,3.6688764044943825,10.280898876404494,23.36,26.007303370786516
14291,2749,2.5928691983122363,16.385021097046412,3883.25,11,145,1.6344827586206896,21.545454545454547,2.6908123739405685,249.9090909090909,17.175299336306608,353.02272727272725,2.8641379310344828,18.958620689655174,16.89303448275862,26.78103448275862
14292,1663,3.346,48.719300000000004,4871.93,9,64,1.5625,11.11111111111111,2.9827733423736476,184.77777777777777,45.74464742774811,541.3255555555556,3.056640625,25.984375,38.34325520833333,76.12390625
14293,709,2.206393442622951,17.15672131147541,1046.56,4,51,1.196078431372549,15.25,2.2354603174603174,177.25,18.063011904761904,261.64,2.2149019607843137,13.901960784313726,17.08921568627451,20.52078431372549
14295,84,1.9300000000000002,33.24,166.20000000000002,1,5,1.0,5.0,1.9300000000000002,84.0,33.24,166.20000000000002,1.9300000000000002,16.8,33.24,33.24
14297,865,2.3419354838709676,21.053709677419352,1305.33,4,48,1.2916666666666667,15.5,3.179605914918415,216.25,19.55339889277389,326.3325,2.3233333333333333,18.020833333333332,20.553541666666664,27.194374999999997
14298,58343,1.4979780085522296,31.476664630421503,51527.3,44,884,1.8518099547511313,37.20454545454545,1.604311798196698,1325.9772727272727,51.16805348709868,1171.075,1.5333010935143288,65.99886877828054,28.580897166558934,58.28880090497738
14299,2149,3.091818181818182,27.73160839160839,3965.62,9,94,1.5212765957446808,15.88888888888889,3.9725641379554424,238.77777777777777,53.085347371898095,440.6244444444444,3.06968085106383,22.861702127659573,23.701028368794326,42.187446808510636
14300,32,1.383333333333333,14.4,43.2,1,3,1.0,3.0,1.383333333333333,32.0,14.4,43.2,1.383333333333333,10.666666666666666,14.4,14.4
14301,606,1.3523076923076922,49.24153846153846,640.14,1,13,1.0,13.0,1.3523076923076922,606.0,49.24153846153846,640.14,1.3523076923076922,46.61538461538461,49.24153846153846,49.24153846153846
14304,139,4.885294117647058,22.555882352941175,383.45,1,17,1.0,17.0,4.885294117647058,139.0,22.555882352941175,383.45,4.885294117647058,8.176470588235293,22.555882352941175,22.555882352941175
14305,1089,2.3532380952380954,17.70438095238095,1858.96,3,96,1.09375,35.0,2.9411264720942136,363.0,13.46326420890937,619.6533333333333,2.3227083333333334,11.34375,17.37359375,19.364166666666666
14306,1075,4.135151515151516,63.4339393939394,2093.32,2,33,1.0,16.5,5.874065934065934,537.5,60.63313186813187,1046.66,4.135151515151516,32.57575757575758,63.4339393939394,63.4339393939394
14307,2058,2.4864444444444445,16.64288888888889,2995.7200000000003,6,150,1.2,30.0,2.449780719066179,343.0,16.477143307664537,499.2866666666667,2.465266666666667,13.72,16.673733333333335,19.971466666666668
14309,1633,2.456153846153846,20.10709401709402,2352.53,9,74,1.5810810810810811,13.0,2.56820524691358,181.44444444444446,20.947432098765432,261.39222222222224,2.1746734234234237,22.06756756756757,17.291644144144144,31.79094594594595
14311,146,5.084,15.513,310.26,1,20,1.0,20.0,5.084,146.0,15.513,310.26,5.084,7.3,15.513,15.513
14312,1012,3.5480459770114945,18.52402298850575,1611.5900000000001,6,74,1.1756756756756757,14.5,3.5657563058748405,168.66666666666666,18.233643438697317,268.59833333333336,3.7754054054054054,13.675675675675675,18.375878378378378,21.778243243243246
14314,296,0.66625,15.0,120.0,1,8,1.0,8.0,0.66625,296.0,15.0,120.0,0.66625,37.0,15.0,15.0
14315,1021,3.71,24.565643564356435,2481.13,6,64,1.578125,16.833333333333332,3.6674138755980863,170.16666666666666,24.72804270777955,413.5216666666667,4.085598958333334,15.953125,23.422473958333335,38.76765625
14317,255,3.0975,21.190833333333334,508.58,1,24,1.0,24.0,3.0975,255.0,21.190833333333334,508.58,3.0975,10.625,21.190833333333334,21.190833333333334
14320,325,1.957741935483871,15.412580645161292,477.79,2,29,1.0689655172413792,15.5,1.787690217391304,162.5,15.493260869565217,238.89499999999998,1.9765517241379311,11.206896551724139,15.386206896551723,16.47551724137931
14321,2406,1.41869918699187,12.445121951219512,1530.75,5,111,1.1081081081081081,24.6,1.3799763925729445,481.2,12.758434119782214,306.15,1.422117117117117,21.675675675675677,12.403603603603603,13.79054054054054
14323,350,2.996388888888889,16.807222222222222,605.0600000000001,2,32,1.125,18.0,3.0449071207430336,175.0,16.86764705882353,302.53,2.7615625,10.9375,16.4096875,18.908125000000002
14326,103,2.8000000000000003,22.98125,183.85,1,8,1.0,8.0,2.8000000000000003,103.0,22.98125,183.85,2.8,12.875,22.981250000000003,22.981250000000003
14327,139,2.5875,25.970833333333335,311.65000000000003,1,12,1.0,12.0,2.5875,139.0,25.970833333333335,311.65000000000003,2.5875,11.583333333333334,25.970833333333335,25.970833333333335
14329,3095,2.8467181467181466,19.362316602316604,5014.84,7,218,1.188073394495413,37.0,2.506249072937446,442.14285714285717,18.966832622488504,716.4057142857143,2.8012385321100917,14.197247706422019,19.235389908256884,23.003853211009176
14331,252,3.019285714285714,16.52357142857143,462.66,2,27,1.037037037037037,14.0,3.8185416666666665,126.0,17.867916666666666,231.33,2.8162962962962967,9.333333333333334,16.19111111111111,17.135555555555555
14332,481,2.1165384615384615,33.31961538461539,866.3100000000001,3,22,1.1818181818181819,8.666666666666666,2.1139523809523815,160.33333333333334,40.30804761904762,288.77000000000004,2.1422727272727276,21.863636363636363,34.24704545454546,39.37772727272728
14333,58,8.063333333333334,27.68,415.2,1,15,1.0,15.0,8.063333333333334,58.0,27.68,415.2,8.063333333333334,3.8666666666666667,27.68,27.68
14334,1731,3.291543209876543,15.754382716049383,2552.21,8,98,1.653061224489796,20.25,3.3192159565604897,216.375,15.804331250069197,319.02625,2.94984693877551,17.663265306122447,15.118044217687075,26.04295918367347
14336,1759,1.6151111111111112,17.943444444444445,1614.91,4,77,1.1688311688311688,22.5,1.6741465964166533,439.75,18.21901164984904,403.7275,1.5457575757575759,22.844155844155843,17.180779220779222,20.972857142857144
14338,335,3.6470967741935483,18.97483870967742,588.22,2,30,1.0333333333333334,15.5,5.871833333333333,167.5,13.791166666666667,294.11,3.493666666666667,11.166666666666666,19.194833333333335,19.607333333333333
14339,168,2.032857142857143,22.10857142857143,309.52000000000004,1,14,1.0,14.0,2.032857142857143,168.0,22.10857142857143,309.52000000000004,2.032857142857143,12.0,22.108571428571427,22.108571428571427
14340,58,2.9333333333333336,22.45,134.7,1,6,1.0,6.0,2.9333333333333336,58.0,22.45,134.7,2.9333333333333336,9.666666666666666,22.45,22.45
14341,1403,2.553875968992248,16.916899224806205,2182.28,8,109,1.18348623853211,16.125,2.74418501984127,175.375,19.09026984126984,272.785,2.6722400611620793,12.871559633027523,16.454051987767585,20.02091743119266
14342,347,2.8904761904761904,31.836190476190477,668.5600000000001,4,18,1.1666666666666667,5.25,2.777642857142857,86.75,30.38189285714286,167.14,3.161111111111111,19.27777777777778,29.047777777777778,37.142222222222216
14344,477,4.225633802816901,12.534225352112676,889.9300000000001,8,56,1.2678571428571428,8.875,5.006418395915679,59.625,17.392183794466405,111.24125000000001,4.27625,8.517857142857142,11.378303571428573,15.891607142857143
14345,50,3.49,18.163333333333334,108.98,1,6,1.0,6.0,3.49,50.0,18.163333333333334,108.98,3.49,8.333333333333334,18.163333333333334,18.163333333333334
14346,605,4.602333333333333,17.026333333333334,1021.58,2,55,1.0909090909090908,30.0,4.57530779753762,302.5,16.546032831737346,510.78999999999996,4.5227272727272725,11.0,17.237272727272728,18.57418181818182
14348,183,2.962222222222222,22.753888888888888,409.57,1,18,1.0,18.0,2.962222222222222,183.0,22.753888888888888,409.57,2.962222222222222,10.166666666666666,22.753888888888888,22.753888888888888
14349,86,2.3193548387096774,4.306451612903226,133.5,1,31,1.0,31.0,2.3193548387096774,86.0,4.306451612903226,133.5,2.3193548387096774,2.774193548387097,4.306451612903226,4.306451612903226
14350,183,2.2866666666666666,15.718333333333334,282.93,1,18,1.0,18.0,2.2866666666666666,183.0,15.718333333333334,282.93,2.286666666666667,10.166666666666666,15.718333333333334,15.718333333333334
14351,12,4.25,51.0,51.0,1,1,1.0,1.0,4.25,12.0,51.0,51.0,4.25,12.0,51.0,51.0
14352,538,3.8659574468085105,22.95659574468085,1078.96,4,44,1.0681818181818181,11.75,3.86495894909688,134.5,24.964347290640394,269.74,3.9284090909090907,12.227272727272727,22.912727272727274,24.521818181818183
14353,64,1.3666666666666665,15.1,90.6,1,6,1.0,6.0,1.3666666666666665,64.0,15.1,90.6,1.3666666666666665,10.666666666666666,15.1,15.1
14354,210,1.2377777777777779,18.18,163.62,2,9,1.0,4.5,1.2275,105.0,19.955000000000002,81.81,1.2377777777777779,23.333333333333332,18.18,18.18
14355,92,2.85,15.854545454545455,174.4,1,11,1.0,11.0,2.85,92.0,15.854545454545455,174.4,2.85,8.363636363636363,15.854545454545455,15.854545454545455
14356,277,3.9027272727272724,21.24939393939394,701.23,2,33,1.0,16.5,3.918403846153846,138.5,22.32575,350.615,3.9027272727272724,8.393939393939394,21.24939393939394,21.24939393939394
14357,148,1.9502439024390246,5.506585365853659,225.77,1,39,1.0512820512820513,41.0,1.9502439024390246,148.0,5.506585365853659,225.77,2.0235897435897434,3.7948717948717947,5.742307692307692,5.788974358974358
14359,371,3.922727272727273,16.585090909090912,912.1800000000001,3,44,1.25,18.333333333333332,3.7883521303258143,123.66666666666667,16.333634085213035,304.06,4.027272727272727,8.431818181818182,16.672272727272727,20.73136363636364
14360,1151,3.1004237288135594,18.035847457627117,2128.23,4,104,1.1346153846153846,29.5,3.5293114863699104,287.75,19.659918154761904,532.0575,3.1754166666666666,11.067307692307692,18.3524358974359,20.46375
14362,100,2.3285365853658537,3.9317073170731707,161.2,1,37,1.1081081081081081,41.0,2.3285365853658537,100.0,3.9317073170731707,161.2,2.318108108108108,2.7027027027027026,4.094594594594595,4.356756756756757
14364,1967,3.0260869565217394,53.87463768115942,3717.35,8,61,1.1311475409836065,8.625,3.4263833527583527,245.875,61.250709134615384,464.66875,2.8825136612021858,32.24590163934426,52.69535519125683,60.94016393442623
14367,4438,3.1757251908396946,17.67465648854962,9261.52,16,270,1.9407407407407407,32.75,3.1498560083641074,277.375,19.60039508147598,578.845,3.0605123456790126,16.437037037037037,15.34189991181658,34.30192592592593
14368,36,6.125,19.375,155.0,1,8,1.0,8.0,6.125,36.0,19.375,155.0,6.125,4.5,19.375,19.375
14371,34,3.775,25.125,100.5,1,4,1.0,4.0,3.775,34.0,25.125,100.5,3.775,8.5,25.125,25.125
14373,17,11.625,19.1375,76.55,1,4,1.0,4.0,11.625,17.0,19.1375,76.55,11.625,4.25,19.1375,19.1375
14375,194,1.8789333333333331,3.4357333333333333,257.68,1,57,1.3157894736842106,75.0,1.8789333333333331,194.0,3.4357333333333333,257.68,1.9414035087719297,3.4035087719298245,3.6963333333333335,4.520701754385965
14377,219,9.15,56.095454545454544,617.05,2,11,1.0,5.5,8.014285714285714,109.5,60.92857142857143,308.525,9.15,19.90909090909091,56.095454545454544,56.095454545454544
14379,292,2.1617391304347824,7.567391304347827,348.1,2,39,1.1794871794871795,23.0,2.1019878296146044,146.0,7.35239350912779,174.05,2.2243589743589745,7.487179487179487,7.459957264957265,8.925641025641026
14381,146,1.627857142857143,3.619285714285714,202.68,1,56,1.0,56.0,1.627857142857143,146.0,3.619285714285714,202.68,1.627857142857143,2.607142857142857,3.619285714285714,3.619285714285714
14382,1237,1.6106870229007633,4.779160305343511,626.07,1,121,1.0826446280991735,131.0,1.6106870229007633,1237.0,4.779160305343511,626.07,1.6186776859504133,10.223140495867769,4.9606198347107435,5.174132231404959
14383,817,3.32593220338983,21.14728813559322,1247.69,3,49,1.2040816326530612,19.666666666666668,3.49001452432825,272.3333333333333,20.190235294117645,415.8966666666667,3.1636734693877555,16.6734693877551,18.99326530612245,25.463061224489795
14385,159,1.6164285714285715,14.43642857142857,202.10999999999999,3,13,1.0769230769230769,4.666666666666667,1.5915,53.0,14.393333333333333,67.37,1.580769230769231,12.23076923076923,13.946923076923078,15.546923076923077
14386,54,3.885714285714286,20.342857142857145,142.4,1,7,1.0,7.0,3.885714285714286,54.0,20.342857142857145,142.4,3.8857142857142857,7.714285714285714,20.342857142857145,20.342857142857145
14387,819,3.382142857142857,12.646857142857142,1770.56,3,125,1.12,46.666666666666664,3.421111658456486,273.0,12.386092501368362,590.1866666666666,3.3908,6.552,12.478200000000001,14.16448
14388,1941,2.7180645161290324,17.273333333333333,3212.84,8,124,1.5,23.25,2.761274322597692,242.625,17.44794771600682,401.605,2.4304733102918585,15.653225806451612,16.206500576036866,25.91
14389,729,2.1333333333333333,23.188000000000002,1043.46,2,33,1.3636363636363635,22.5,2.141244939271255,364.5,22.270971659919027,521.73,2.318636363636364,22.09090909090909,22.65787878787879,31.62
14390,2136,3.07986013986014,16.268601398601398,4652.82,9,135,2.1185185185185187,31.77777777777778,2.794734810222005,237.33333333333334,15.91741091504673,516.98,3.2297345679012346,15.822222222222223,13.912925308641976,34.46533333333334
14393,13,5.390000000000001,13.59,67.95,1,5,1.0,5.0,5.390000000000001,13.0,13.59,67.95,5.390000000000001,2.6,13.59,13.59
14395,1693,2.787057142857143,10.02202857142857,3507.71,9,181,1.9337016574585635,38.888888888888886,2.7347441099944025,188.11111111111111,10.159074798879917,389.74555555555554,2.5910297290186795,9.353591160220995,8.888125230202577,19.37961325966851
14396,225,2.626849315068493,6.684794520547945,487.99,2,71,1.028169014084507,36.5,2.6506749622926096,112.5,6.464332579185521,243.995,2.6233802816901406,3.1690140845070425,6.51887323943662,6.8730985915492955
14397,1890,2.0789655172413792,30.034022988505747,2612.96,19,18,4.833333333333333,4.578947368421052,2.3125566188197766,99.47368421052632,32.18645864661654,137.52421052631578,1.868587962962963,105.0,22.061223544973544,145.16444444444446
14400,454,1.7368000000000001,22.988000000000003,574.7,1,25,1.0,25.0,1.7368000000000001,454.0,22.988000000000003,574.7,1.7368000000000001,18.16,22.988000000000003,22.988000000000003
14401,4507,1.3996153846153845,22.26087912087912,4051.48,13,113,1.6106194690265487,14.0,1.6472242889463478,346.6923076923077,26.086627044072067,311.6523076923077,1.2769026548672566,39.88495575221239,17.8171592920354,35.85380530973451
14403,519,6.2535,73.7905,1475.81,4,17,1.1764705882352942,5.0,7.639166666666666,129.75,117.53714285714287,368.9525,5.707058823529412,30.529411764705884,62.012352941176474,86.81235294117648
14404,839,3.066116504854369,14.31378640776699,1474.32,6,70,1.4714285714285715,17.166666666666668,3.1182700541417643,139.83333333333334,17.085348467322152,245.72,2.960380952380952,11.985714285714286,13.840761904761905,21.061714285714285
14406,77,3.795,19.59375,156.75,1,8,1.0,8.0,3.795,77.0,19.59375,156.75,3.795,9.625,19.59375,19.59375
14407,1415,3.5512328767123287,29.557945205479452,2157.73,6,67,1.0895522388059702,12.166666666666666,5.382694931773879,235.83333333333334,36.17609770955166,359.62166666666667,3.2525373134328355,21.119402985074625,26.476641791044774,32.20492537313433
14408,1616,1.8925233644859814,24.360093457943925,2606.53,7,60,1.7833333333333334,15.285714285714286,1.8683338598944188,230.85714285714286,35.642846123166,372.3614285714286,2.081827777777778,26.933333333333334,18.555366666666668,43.44216666666667
14409,1230,2.8044444444444445,38.137962962962966,2059.4500000000003,6,40,1.35,9.0,2.2489871212121213,205.0,73.54197272727274,343.24166666666673,3.1220833333333333,30.75,40.336666666666666,51.486250000000005
14410,571,2.3759067357512955,5.725751295336787,1105.07,9,153,1.261437908496732,21.444444444444443,3.001242063492063,63.44444444444444,11.06059126984127,122.78555555555555,2.4426143790849677,3.7320261437908497,5.697570806100218,7.222679738562091
14411,196,8.175,75.92857142857143,1063.0,1,14,1.0,14.0,8.175,196.0,75.92857142857143,1063.0,8.175,14.0,75.92857142857143,75.92857142857143
14412,786,2.304418604651163,17.90767441860465,770.03,2,43,1.0,21.5,2.8925714285714283,393.0,18.51070238095238,385.015,2.304418604651163,18.27906976744186,17.90767441860465,17.90767441860465
14413,68,2.8065217391304347,5.334782608695653,122.7,1,22,1.0454545454545454,23.0,2.8065217391304347,68.0,5.334782608695653,122.7,2.859090909090909,3.090909090909091,5.502272727272727,5.577272727272727
14414,2512,0.9145360824742267,15.432783505154639,1496.98,7,79,1.2278481012658229,13.857142857142858,1.0347216553287981,358.85714285714283,16.347850340136056,213.8542857142857,0.9610126582278481,31.79746835443038,15.217569620253164,18.949113924050632
14415,3011,2.9509661016949154,10.000474576271186,5900.28,13,283,2.0848056537102475,45.38461538461539,2.8522712222126936,231.6153846153846,11.718799685650366,453.8676923076924,2.8963640978181613,10.639575971731448,9.341595182006843,20.849045936395758
14416,326,1.6685714285714286,35.01571428571429,490.22,2,13,1.0769230769230769,7.0,1.9854545454545454,163.0,37.945757575757575,245.11,1.6592307692307693,25.076923076923077,26.143076923076926,37.70923076923077
14418,1711,2.1406451612903226,15.622983870967742,1937.25,3,114,1.087719298245614,41.333333333333336,1.9514131173686824,570.3333333333334,14.281183491515675,645.75,2.263684210526316,15.008771929824562,16.128391812865498,16.99342105263158
14419,487,2.5041747572815534,5.13621359223301,1058.06,6,112,1.8392857142857142,34.333333333333336,2.508132053448093,81.16666666666667,5.243133642019283,176.34333333333333,2.440267857142857,4.348214285714286,4.950030824829932,9.446964285714285
14420,334,1.5313793103448274,13.362758620689654,387.52,1,29,1.0,29.0,1.5313793103448274,334.0,13.362758620689654,387.52,1.5313793103448274,11.517241379310345,13.362758620689654,13.362758620689654
14421,365,2.6351851851851853,30.115185185185187,813.11,2,25,1.08,13.5,2.6505,182.5,30.086416666666665,406.555,2.45,14.6,25.891399999999997,32.5244
14422,2906,2.810225225225225,19.205585585585588,4263.64,6,189,1.1746031746031746,37.0,2.942847027062191,484.3333333333333,19.487655702676197,710.6066666666667,2.776984126984127,15.375661375661375,19.042795414462084,22.558941798941802
14423,120,1.9833333333333332,88.39999999999999,265.2,1,3,1.0,3.0,1.9833333333333332,120.0,88.39999999999999,265.2,1.9833333333333332,40.0,88.39999999999999,88.39999999999999
14424,48,6.71,322.08,322.08,1,1,1.0,1.0,6.71,48.0,322.08,322.08,6.71,48.0,322.08,322.08
14426,2699,3.2663392857142854,20.007455357142856,4481.67,10,183,1.2240437158469946,22.4,4.273538461302848,269.9,26.452615426318964,448.16700000000003,3.0486885245901636,14.748633879781421,18.76360655737705,24.490000000000002
14427,228,1.9870588235294118,21.37294117647059,363.34000000000003,2,16,1.0625,8.5,2.030625,114.0,30.854375,181.67000000000002,1.9812500000000002,14.25,20.75875,22.708750000000002
14428,436,4.181319444444444,8.644652777777777,1244.83,5,108,1.3333333333333333,28.8,5.110247435897437,87.2,15.41683547008547,248.96599999999998,4.031342592592592,4.037037037037037,7.801388888888888,11.526203703703702
14431,130,4.69,27.668235294117647,470.36,1,17,1.0,17.0,4.69,130.0,27.668235294117647,470.36,4.69,7.647058823529412,27.668235294117647,27.668235294117647
14432,2070,1.4508115183246075,5.904476439790576,2255.51,6,256,1.4921875,63.666666666666664,1.7176625779857397,345.0,11.149311352495545,375.91833333333335,1.4359765625,8.0859375,5.25845703125,8.8105859375
14434,368,4.451666666666667,114.39999999999999,1372.8,6,3,4.0,2.0,4.683055555555556,61.333333333333336,117.2333333333333,228.79999999999995,4.226666666666667,122.66666666666667,110.24,457.5999999999999
14436,129,2.1177777777777775,9.895555555555555,89.06,1,9,1.0,9.0,2.1177777777777775,129.0,9.895555555555555,89.06,2.1177777777777775,14.333333333333334,9.895555555555555,9.895555555555555
14437,60,1.05,12.6,63.0,1,5,1.0,5.0,1.05,60.0,12.6,63.0,1.05,12.0,12.6,12.6
14438,82,1.5944444444444443,14.655555555555557,131.9,1,9,1.0,9.0,1.5944444444444443,82.0,14.655555555555557,131.9,1.5944444444444443,9.11111111111111,14.655555555555557,14.655555555555557
14440,588,4.7023636363636365,42.86690909090909,2357.68,5,33,1.6666666666666667,11.0,5.560490287490287,117.6,45.5648142968143,471.53600000000006,4.0878282828282835,17.818181818181817,37.32590909090909,71.44484848484849
14441,446,5.544117647058823,33.58607843137255,1712.89,4,43,1.186046511627907,12.75,5.0907966711650925,111.5,33.207316464237515,428.2225,5.800930232558139,10.372093023255815,33.28360465116279,39.8346511627907
14443,938,2.5386021505376344,15.270967741935484,1420.2,4,84,1.1071428571428572,23.25,2.5040437391555814,234.5,15.316938259109312,355.05,2.5665476190476193,11.166666666666666,15.15595238095238,16.90714285714286
14446,933,1.8383276450511945,3.548054607508532,1039.58,4,233,1.257510729613734,73.25,1.864617592894099,233.25,3.6262184567097218,259.895,1.8049356223175965,4.0042918454935625,3.6108226037196,4.461716738197425
14447,571,2.576571428571429,16.617571428571427,1163.23,5,54,1.2962962962962963,14.0,2.5425333333333335,114.2,16.143164285714285,232.64600000000002,2.401111111111111,10.574074074074074,16.29685185185185,21.541296296296295
14448,104,2.7175000000000002,18.767500000000002,375.35,2,20,1.0,10.0,3.265277777777778,52.0,71.09305555555555,187.675,2.7175000000000002,5.2,18.767500000000002,18.767500000000002
14449,757,1.6575968992248062,3.5158914728682173,907.1,4,201,1.2835820895522387,64.5,1.6984407596835789,189.25,3.665952096074885,226.775,1.637313432835821,3.7661691542288556,3.406948590381426,4.5129353233830845
14450,241,2.7905,12.08125,483.25,3,32,1.25,13.333333333333334,2.7882843137254905,80.33333333333333,12.083520499108735,161.08333333333334,2.4959375,7.53125,11.558854166666666,15.1015625
14451,389,1.9695412844036697,6.078807339449542,662.59,2,86,1.2674418604651163,54.5,1.98126012145749,194.5,6.115836707152496,331.295,2.0512790697674417,4.523255813953488,6.213362403100775,7.704534883720931
14452,119,3.127741935483871,4.26516129032258,264.44,2,55,1.1272727272727272,31.0,3.1364270833333334,59.5,4.264552083333333,132.22,3.2027272727272726,2.1636363636363636,4.406181818181818,4.808
14453,49,3.777272727272727,5.451363636363637,119.93,1,22,1.0,22.0,3.777272727272727,49.0,5.451363636363637,119.93,3.777272727272727,2.227272727272727,5.451363636363637,5.451363636363637
14456,2908,1.7757628865979382,3.1571134020618556,3062.4,9,580,1.6724137931034482,107.77777777777777,1.7116565919693467,323.1111111111111,3.036537699549948,340.26666666666665,1.8525183908045977,5.0137931034482754,3.3395201559934318,5.28
14457,88,1.2550000000000001,28.41,113.64,1,4,1.0,4.0,1.2550000000000001,88.0,28.41,113.64,1.2550000000000001,22.0,28.41,28.41
14459,760,3.4364864864864866,49.67351351351351,1837.92,1,37,1.0,37.0,3.4364864864864866,760.0,49.67351351351351,1837.92,3.4364864864864866,20.54054054054054,49.67351351351351,49.67351351351351
14460,881,0.6643749999999999,27.14625,434.34,3,14,1.1428571428571428,5.333333333333333,0.822037037037037,293.6666666666667,27.897777777777776,144.78,0.7085714285714285,62.92857142857143,28.570714285714285,31.024285714285714
14461,766,3.721833333333333,11.683666666666666,2103.06,3,173,1.0404624277456647,60.0,3.854301324696545,255.33333333333334,15.708957020308121,701.02,3.7809248554913295,4.427745664739884,11.522697495183044,12.156416184971098
14462,964,2.8845416666666663,8.350083333333334,2004.02,11,150,1.6,21.818181818181817,3.495806828572041,87.63636363636364,12.080627495500453,182.18363636363637,2.7753111111111113,6.426666666666667,8.457755555555556,13.360133333333334
14463,179,5.976666666666667,88.27,529.62,3,6,1.0,2.0,5.976666666666667,59.666666666666664,88.27,176.54,5.976666666666667,29.833333333333332,88.27,88.27
14465,405,2.8282307692307693,8.14323076923077,1058.6200000000001,3,107,1.2149532710280373,43.333333333333336,2.880605532398636,135.0,30.927117973980042,352.8733333333333,2.750841121495327,3.7850467289719627,6.725077881619938,9.893644859813083
14466,1006,3.7937499999999997,31.561111111111114,2272.4,7,35,2.057142857142857,10.285714285714286,3.977535321821036,143.71428571428572,32.86997645211931,324.62857142857143,2.9357142857142855,28.742857142857144,25.90954761904762,64.92571428571429
14467,278,2.7585555555555556,6.652888888888889,598.76,4,67,1.3432835820895523,22.5,2.9206831983805666,69.5,6.868957489878542,149.69,2.863731343283582,4.149253731343284,6.542935323383085,8.936716417910448
14470,193,4.8388372093023255,10.725348837209303,461.19,2,43,1.0,21.5,5.120375,96.5,14.473875,230.595,4.8388372093023255,4.488372093023256,10.725348837209303,10.725348837209303
14472,1160,2.7660142348754446,6.892669039145908,1936.84,8,153,1.8366013071895424,35.125,2.9244432043089046,145.0,7.582557073212254,242.10500000000002,2.9655555555555555,7.5816993464052285,7.585865234982882,12.659084967320261
14473,88,4.107142857142857,33.47714285714286,234.34,2,7,1.0,3.5,5.9375,44.0,54.945,117.17,4.107142857142857,12.571428571428571,33.47714285714286,33.47714285714286
14474,140,6.527931034482759,18.884827586206896,547.66,1,29,1.0,29.0,6.527931034482759,140.0,18.884827586206896,547.66,6.527931034482759,4.827586206896552,18.884827586206896,18.884827586206896
14475,447,3.125238095238095,22.04404761904762,925.85,3,35,1.2,14.0,3.1173015873015877,149.0,22.384156746031746,308.6166666666667,3.071857142857143,12.771428571428572,20.757142857142856,26.452857142857145
14476,132,3.2710526315789474,11.352631578947367,215.7,1,17,1.1176470588235294,19.0,3.2710526315789474,132.0,11.352631578947367,215.7,3.5323529411764705,7.764705882352941,11.352941176470589,12.688235294117646
14477,720,1.8920000000000001,130.95999999999998,1309.6,4,7,1.4285714285714286,2.5,1.8395833333333333,180.0,142.35833333333332,327.4,1.862857142857143,102.85714285714286,144.68571428571428,187.08571428571426
14479,117,4.016666666666667,17.569444444444443,316.25,2,18,1.0,9.0,4.075,58.5,17.585625,158.125,4.016666666666667,6.5,17.569444444444443,17.569444444444443
14480,143,3.0015384615384617,21.465384615384615,279.05,1,13,1.0,13.0,3.0015384615384617,143.0,21.465384615384615,279.05,3.0015384615384613,11.0,21.465384615384615,21.465384615384615
14481,489,1.994,21.217,636.51,2,25,1.2,15.0,1.9191666666666667,244.5,21.88722222222222,318.255,2.0292000000000003,19.56,19.8636,25.4604
14482,1646,2.442361111111111,14.362152777777778,2068.15,6,110,1.309090909090909,24.0,2.0738039332974223,274.3333333333333,22.923853144925904,344.69166666666666,2.7389545454545456,14.963636363636363,9.969204545454545,18.801363636363636
14483,97,1.8522222222222224,15.233333333333333,137.1,1,9,1.0,9.0,1.8522222222222224,97.0,15.233333333333333,137.1,1.8522222222222224,10.777777777777779,15.233333333333333,15.233333333333333
14484,210,2.0957142857142856,22.994285714285716,321.92,1,14,1.0,14.0,2.0957142857142856,210.0,22.994285714285716,321.92,2.0957142857142856,15.0,22.994285714285716,22.994285714285716
14485,71,2.682978723404255,3.526595744680851,165.75,1,44,1.0681818181818181,47.0,2.682978723404255,71.0,3.526595744680851,165.75,2.723181818181818,1.6136363636363635,3.5864772727272727,3.7670454545454546
14487,735,2.496111111111111,8.307847222222222,1196.33,6,112,1.2857142857142858,24.0,3.0046742163125635,122.5,7.995679259181311,199.38833333333332,2.8262500000000004,6.5625,8.489650297619047,10.681517857142856
14488,799,2.131304347826087,23.136521739130433,1064.28,1,46,1.0,46.0,2.131304347826087,799.0,23.136521739130433,1064.28,2.1313043478260867,17.369565217391305,23.136521739130433,23.136521739130433
14489,299,1.7770000000000001,15.446,463.38,1,30,1.0,30.0,1.7770000000000001,299.0,15.446,463.38,1.7770000000000001,9.966666666666667,15.446,15.446
14491,139,4.54235294117647,20.05470588235294,340.93,2,17,1.0,8.5,4.406538461538462,69.5,24.120384615384616,170.465,4.54235294117647,8.176470588235293,20.05470588235294,20.05470588235294
14493,1285,3.024583333333333,19.860333333333337,2383.2400000000002,5,95,1.263157894736842,24.0,2.972475079920357,257.0,19.7966126222603,476.64799999999997,3.170421052631579,13.526315789473685,19.359298245614035,25.086736842105264
14494,92,1.6614285714285713,19.937142857142856,139.56,1,7,1.0,7.0,1.6614285714285713,92.0,19.937142857142856,139.56,1.6614285714285713,13.142857142857142,19.937142857142856,19.937142857142856
14495,62,2.0083333333333333,20.633333333333336,123.80000000000001,2,6,1.0,3.0,1.9725000000000001,31.0,20.55,61.900000000000006,2.0083333333333333,10.333333333333334,20.633333333333336,20.633333333333336
14496,159,5.65421052631579,28.35842105263158,538.8100000000001,2,16,1.1875,9.5,5.558999999999999,79.5,38.807928571428576,269.40500000000003,5.27875,9.9375,24.2228125,33.675625000000004
14497,235,4.478620689655172,16.392068965517243,475.37,1,29,1.0,29.0,4.478620689655172,235.0,16.392068965517243,475.37,4.478620689655172,8.10344827586207,16.392068965517243,16.392068965517243
14498,1098,2.807720207253886,10.141554404145078,1957.32,5,162,1.191358024691358,38.6,3.2920129819260255,219.6,10.546492160483464,391.464,2.9054814814814813,6.777777777777778,9.848246913580246,12.082222222222223
14499,501,1.9600515463917525,4.2026804123711345,815.32,3,146,1.3287671232876712,64.66666666666667,2.019496855345912,167.0,4.207661520869068,271.77333333333337,1.8959246575342465,3.4315068493150687,4.032853881278538,5.584383561643836
14500,117,6.214285714285714,50.978571428571435,356.85,3,6,1.1666666666666667,2.3333333333333335,6.86,39.0,42.99,118.95,6.483333333333333,19.5,48.5,59.475
14501,161,2.175,25.121000000000002,251.21,2,9,1.1111111111111112,5.0,2.2904166666666668,80.5,23.72291666666667,125.605,2.088888888888889,17.88888888888889,24.962222222222223,27.912222222222223
14502,1498,2.378974358974359,3.9594070512820516,2470.67,11,368,1.6956521739130435,56.72727272727273,3.803480136618242,136.1818181818182,19.274776122333773,224.60636363636365,2.4571459627329193,4.070652173913044,3.927622929606625,6.713777173913043
14503,2004,2.6662195121951218,21.605243902439025,3543.26,6,113,1.4513274336283186,27.333333333333332,2.693053774928775,334.0,26.212575142450145,590.5433333333334,2.586165191740413,17.734513274336283,19.049926253687318,31.35628318584071
14504,308,3.4827102803738317,6.2921495327102805,673.26,4,85,1.2588235294117647,26.75,3.507309591450216,77.0,7.199465976731602,168.315,3.566470588235294,3.623529411764706,5.996941176470588,7.920705882352941
14505,2759,2.888247809762203,7.391289111389237,5905.64,8,540,1.4796296296296296,99.875,3.0804136799017847,344.875,7.725469124792502,738.205,3.009125925925926,5.109259259259259,7.486893827160494,10.936370370370371
14506,730,3.365221518987342,6.367626582278481,2012.17,5,204,1.5490196078431373,63.2,4.085086487050961,146.0,8.309690476190477,402.434,3.347745098039216,3.5784313725490198,6.235567810457517,9.863578431372549
14507,600,3.1722916666666667,14.408125,1383.18,6,79,1.2151898734177216,16.0,3.587384178321678,100.0,49.29430631868132,230.53,3.206645569620253,7.594936708860759,13.22898734177215,17.50860759493671
14508,131,3.432280701754386,4.849473684210526,276.42,2,52,1.0961538461538463,28.5,3.51844696969697,65.5,4.969772727272727,138.21,3.4892307692307694,2.519230769230769,4.970673076923077,5.315769230769231
14511,784,2.501764705882353,19.33544117647059,1314.81,5,53,1.2830188679245282,13.6,2.617817930856553,156.8,19.888222807017545,262.962,2.6026415094339623,14.79245283018868,17.841320754716982,24.807735849056602
14512,122,4.611739130434782,11.968695652173912,275.28,2,19,1.2105263157894737,11.5,4.766984126984127,61.0,12.786984126984127,137.64,3.8384210526315785,6.421052631578948,11.422105263157894,14.488421052631578
14513,361,2.4391666666666665,37.965833333333336,455.59000000000003,3,11,1.0909090909090908,4.0,1.9495238095238097,120.33333333333333,71.85619047619048,151.86333333333334,2.601818181818182,32.81818181818182,39.02409090909091,41.41727272727273
14514,589,3.2264383561643837,14.456849315068492,1055.35,3,65,1.123076923076923,24.333333333333332,3.259555052790347,196.33333333333334,13.458227752639518,351.7833333333333,3.1035384615384616,9.061538461538461,14.331153846153846,16.236153846153844
14515,1134,2.7978217821782176,20.812772277227726,2102.09,6,68,1.4852941176470589,16.833333333333332,2.722473602484472,189.0,20.167354554865423,350.34833333333336,3.0397549019607846,16.676470588235293,19.594191176470588,30.91308823529412
14517,91,5.333333333333333,18.358333333333334,330.45,2,17,1.0588235294117647,9.0,5.299107142857143,45.5,18.76607142857143,165.225,5.179411764705883,5.352941176470588,18.03529411764706,19.438235294117646
14518,278,2.699375,10.898125,174.37,1,16,1.0,16.0,2.699375,278.0,10.898125,174.37,2.699375,17.375,10.898125,10.898125
14520,146,3.2075,67.65,270.6,2,3,1.3333333333333333,2.0,2.6883333333333335,73.0,100.1,135.3,3.655,48.666666666666664,52.300000000000004,90.2
14522,525,2.531764705882353,57.32588235294117,974.54,4,15,1.1333333333333333,4.25,3.3001785714285714,131.25,78.47575892857142,243.635,2.302333333333333,35.0,52.88733333333334,64.96933333333334
14523,251,2.72,20.090833333333332,241.09,1,12,1.0,12.0,2.72,251.0,20.090833333333332,241.09,2.72,20.916666666666668,20.090833333333332,20.090833333333332
14524,676,4.042660098522167,9.20039408866995,1867.68,9,161,1.2608695652173914,22.555555555555557,4.395971813226715,75.11111111111111,14.589882668166982,207.52,4.25187370600414,4.198757763975156,9.181521739130433,11.600496894409938
14525,2696,3.239209621993127,14.887285223367696,4332.2,9,217,1.3410138248847927,32.333333333333336,2.774776234347663,299.55555555555554,20.6573418856276,481.35555555555555,3.39957757296467,12.423963133640553,10.759877112135177,19.96405529953917
14527,2089,5.357716049382716,8.753930041152262,8508.82,55,330,2.9454545454545453,17.672727272727272,5.557939977540382,37.981818181818184,8.8542796191522,154.7058181818182,4.548298427498428,6.33030303030303,7.093923581889491,25.78430303030303
14528,278,1.973888888888889,20.234444444444442,364.21999999999997,1,18,1.0,18.0,1.973888888888889,278.0,20.234444444444442,364.21999999999997,1.973888888888889,15.444444444444445,20.234444444444446,20.234444444444446
14529,348,1.9686026200873363,2.707598253275109,620.04,3,177,1.2937853107344632,76.33333333333333,1.9538532828282829,116.0,2.7123920875420873,206.67999999999998,2.0701129943502825,1.9661016949152543,2.770291902071563,3.5030508474576267
14530,1410,4.156435185185185,13.54587962962963,2925.91,6,140,1.542857142857143,36.0,4.193802749719416,235.0,13.608666386083053,487.65166666666664,4.016380952380952,10.071428571428571,13.805333333333333,20.89935714285714
14532,284,5.6234375000000005,14.57578125,932.85,4,45,1.4222222222222223,16.0,6.044067460317461,71.0,15.415605158730159,233.21250000000003,4.641111111111111,6.311111111111111,11.896666666666667,20.73
14533,4019,1.4325806451612904,31.44709677419355,1949.72,7,53,1.169811320754717,8.857142857142858,1.570673469387755,574.1428571428571,32.00118424036281,278.5314285714286,1.4833962264150944,75.83018867924528,31.871698113207547,36.78716981132076
14534,2047,3.3136030828516376,8.56849710982659,4447.05,18,331,1.56797583081571,28.833333333333332,3.310192361760207,113.72222222222223,8.73671376739354,247.05833333333334,3.2167673716012084,6.18429003021148,8.369690332326284,13.435196374622357
14535,1831,2.5123333333333333,8.679363636363636,2864.19,3,280,1.1785714285714286,110.0,2.5772618184487066,610.3333333333334,8.668702315328138,954.73,2.48625,6.539285714285715,8.611553571428573,10.22925
14536,40,4.8315789473684205,9.042105263157895,171.8,1,18,1.0555555555555556,19.0,4.8315789473684205,40.0,9.042105263157895,171.8,5.052777777777778,2.2222222222222223,9.497222222222222,9.544444444444444
14537,120,2.963,35.556,355.56,1,10,1.0,10.0,2.963,120.0,35.556,355.56,2.963,12.0,35.556,35.556
14538,155,3.318947368421053,20.43421052631579,388.25,2,19,1.0,9.5,3.5753125000000003,77.5,26.5546875,194.125,3.318947368421053,8.157894736842104,20.43421052631579,20.43421052631579
14539,428,2.0790625,16.79625,537.48,2,31,1.032258064516129,16.0,2.1658,214.0,14.459142857142858,268.74,2.1251612903225805,13.806451612903226,17.08645161290323,17.338064516129034
14540,421,3.8622368421052626,13.108684210526315,996.26,3,64,1.1875,25.333333333333332,3.9186,140.33333333333334,16.167896969696972,332.08666666666664,3.90140625,6.578125,13.086927083333334,15.5665625
14541,647,2.464054054054054,13.168018018018019,1461.65,8,71,1.5633802816901408,13.875,2.9003896358543417,80.875,25.30637976190476,182.70625,2.480985915492958,9.112676056338028,11.047676056338029,20.586619718309862
14542,19,5.41,20.65,103.25,1,5,1.0,5.0,5.41,19.0,20.65,103.25,5.41,3.8,20.65,20.65
14543,679,6.137222222222222,50.42125,3630.33,16,43,1.6744186046511629,4.5,5.492510416666667,42.4375,50.136859375,226.895625,6.436744186046511,15.790697674418604,50.45302325581395,84.42627906976745
14544,1543,2.4168421052631577,17.758333333333333,2024.45,2,97,1.175257731958763,57.0,2.4168421052631577,771.5,17.758333333333333,1012.225,2.3655670103092783,15.907216494845361,16.855051546391753,20.870618556701032
14546,1317,2.679122807017544,6.4613784461152886,2578.09,5,250,1.596,79.8,2.7427160977940614,263.4,6.718028350766903,515.618,2.6242533333333338,5.268,5.951556666666667,10.31236
14547,2668,2.8737704918032785,10.949562841530055,4007.54,8,198,1.8484848484848484,45.75,2.6505476913354946,333.5,13.6247188635815,500.9425,2.9433670033670034,13.474747474747474,10.292289562289563,20.24010101010101
14548,256,2.55,163.2,652.8,2,2,2.0,2.0,2.55,128.0,163.2,326.4,2.55,128.0,163.2,326.4
14549,136,3.2125,5.165,289.24,1,56,1.0,56.0,3.2125,136.0,5.165,289.24,3.2125,2.4285714285714284,5.165,5.165
14550,394,2.184375,15.950416666666667,765.62,2,38,1.263157894736842,24.0,2.211346153846154,197.0,16.20888111888112,382.81000000000006,2.275,10.368421052631579,15.92934210526316,20.147894736842105
14551,106,4.702,18.622999999999998,186.23,2,9,1.1111111111111112,5.0,3.9728571428571424,53.0,19.092619047619046,93.11500000000001,5.085555555555556,11.777777777777779,17.358888888888888,20.69222222222222
14552,91,1.8751724137931036,2.8460344827586206,165.07,1,57,1.0175438596491229,58.0,1.8751724137931036,91.0,2.8460344827586206,165.07,1.8931578947368422,1.5964912280701755,2.8810526315789473,2.895964912280702
14553,493,3.723628318584071,7.604159292035398,859.27,5,103,1.0970873786407767,22.6,5.605050468883206,98.6,9.26311862745098,171.85399999999998,3.8357281553398055,4.786407766990291,7.473220064724919,8.34242718446602
14554,1478,2.756851851851852,11.023333333333333,2381.04,4,147,1.469387755102041,54.0,2.842522425186899,369.5,15.897133137330506,595.26,2.801048752834467,10.054421768707483,10.31564058956916,16.197551020408163
14555,130,3.0109523809523813,15.435238095238095,324.14,2,18,1.1666666666666667,10.5,3.450625,65.0,18.805625,162.07,3.187777777777778,7.222222222222222,16.13416666666667,18.007777777777775
14557,510,1.59,49.27375,788.38,1,16,1.0,16.0,1.59,510.0,49.27375,788.38,1.59,31.875,49.27375,49.27375
14560,1260,4.907027027027027,30.240135135135134,2237.77,22,39,1.8974358974358974,3.3636363636363638,4.880205627705627,57.27272727272727,35.22742424242424,101.71681818181818,3.7127838827838824,32.30769230769231,24.764688644688643,57.37871794871795
14561,1014,1.9856521739130433,15.6631884057971,1080.76,3,67,1.0298507462686568,23.0,2.1264810606060607,338.0,15.56472095959596,360.25333333333333,2.0076119402985073,15.134328358208956,15.682985074626865,16.130746268656715
14562,1834,3.4981560283687942,11.997092198581562,5074.77,18,187,2.2620320855614975,23.5,3.637566382256747,101.88888888888889,15.293793704266363,281.9316666666667,3.3025935828877007,9.807486631016042,11.473043035395978,27.13780748663102
14565,1540,3.911732283464567,24.40251968503937,3099.12,4,111,1.1441441441441442,31.75,4.411053240740741,385.0,25.79151060334528,774.78,3.2286636636636636,13.873873873873874,23.978738738738738,27.919999999999998
14567,412,3.7118181818181815,46.374545454545455,1530.3600000000001,2,33,1.0,16.5,3.8926923076923075,206.0,49.03846153846154,765.1800000000001,3.711818181818182,12.484848484848484,46.374545454545455,46.374545454545455
14569,79,3.92,18.949166666666667,227.39,1,10,1.2,12.0,3.92,79.0,18.949166666666667,227.39,4.199,7.9,21.8765,22.739
14570,95,3.372068965517242,7.519310344827586,218.06,2,29,1.0,14.5,3.886972222222222,47.5,6.983861111111111,109.03,3.372068965517242,3.2758620689655173,7.519310344827586,7.519310344827586
14572,1428,2.987888888888889,10.492,2832.84,7,190,1.4210526315789473,38.57142857142857,4.240991832546109,204.0,17.503282149685113,404.6914285714286,2.8391578947368425,7.515789473684211,9.920087719298245,14.909684210526317
14573,544,4.4331489361702126,7.035829787234043,1653.42,9,127,1.8503937007874016,26.11111111111111,4.40787429430451,60.44444444444444,7.341273990948951,183.71333333333334,3.921968503937008,4.283464566929134,6.005313085864267,13.019055118110236
14576,12,2.95,35.400000000000006,35.400000000000006,1,1,1.0,1.0,2.95,12.0,35.400000000000006,35.400000000000006,2.95,12.0,35.400000000000006,35.400000000000006
14577,353,2.643333333333333,6.989512195121952,859.71,4,86,1.430232558139535,30.75,2.5845742908407385,88.25,6.7528767230576445,214.9275,2.660562015503876,4.104651162790698,7.295077519379845,9.996627906976745
14578,240,2.45125,7.02625,168.63,1,24,1.0,24.0,2.45125,240.0,7.02625,168.63,2.45125,10.0,7.02625,7.02625
14581,217,1.5829411764705883,8.152941176470588,138.6,1,16,1.0625,17.0,1.5829411764705883,217.0,8.152941176470588,138.6,1.60375,13.5625,8.2328125,8.6625
14582,73,3.39,19.018333333333334,114.11,1,6,1.0,6.0,3.39,73.0,19.018333333333334,114.11,3.39,12.166666666666666,19.018333333333334,19.018333333333334
14583,792,1.9964545454545455,3.1895454545454545,1052.55,5,243,1.3580246913580247,66.0,2.0291312736205596,158.4,3.2345772042705967,210.51,2.065987654320988,3.259259259259259,3.2706066529492457,4.3314814814814815
14584,383,3.5141000000000004,10.4226,1042.26,4,68,1.4705882352941178,25.0,3.464426694215917,95.75,11.079884217555088,260.565,3.5041176470588233,5.632352941176471,10.457794117647058,15.327352941176471
14585,91,1.9896551724137932,5.415517241379311,157.05,1,29,1.0,29.0,1.9896551724137932,91.0,5.415517241379311,157.05,1.9896551724137932,3.1379310344827585,5.415517241379311,5.415517241379311
14586,444,0.6984210526315789,12.492631578947368,237.35999999999999,1,19,1.0,19.0,0.6984210526315789,444.0,12.492631578947368,237.35999999999999,0.6984210526315789,23.36842105263158,12.492631578947368,12.492631578947368
14587,761,2.3890339425587466,4.180522193211488,1601.14,9,170,2.2529411764705882,42.55555555555556,2.601053911873509,84.55555555555556,4.581906264085585,177.90444444444444,2.4194901960784314,4.476470588235294,4.208455882352941,9.418470588235293
14589,5,7.95,13.25,39.75,1,3,1.0,3.0,7.95,5.0,13.25,39.75,7.95,1.6666666666666667,13.25,13.25
14591,1297,2.8107106598984775,7.345888324873097,1447.14,4,138,1.4275362318840579,49.25,2.6694556793321094,324.25,8.706930836008638,361.785,2.7471014492753625,9.398550724637682,7.216281055900621,10.486521739130435
14592,415,2.0446341463414632,3.4784146341463416,570.46,3,132,1.2424242424242424,54.666666666666664,2.167497435897436,138.33333333333334,3.519769230769231,190.15333333333334,2.0226515151515154,3.143939393939394,3.466022727272727,4.321666666666667
14593,332,2.0631578947368423,4.065723684210527,617.99,3,127,1.1968503937007875,50.666666666666664,2.5784845673061474,110.66666666666667,5.213764259776985,205.99666666666667,2.116456692913386,2.6141732283464565,4.295551181102362,4.866062992125984
14594,185,3.3492452830188677,7.166603773584906,379.83,2,48,1.1041666666666667,26.5,3.418900293255132,92.5,6.949948680351906,189.915,3.163680555555555,3.8541666666666665,7.089409722222222,7.913125
14595,978,2.9027450980392153,17.064705882352943,1740.6000000000001,6,94,1.0851063829787233,17.0,3.131179971988795,163.0,19.505524042950515,290.09999999999997,2.885531914893617,10.404255319148936,17.238847517730495,18.517021276595745
14597,577,1.4760000000000002,16.05727272727273,883.15,2,45,1.2222222222222223,27.5,1.4323397435897438,288.5,34.42099358974359,441.575,1.4306666666666665,12.822222222222223,18.75611111111111,19.625555555555554
14598,189,1.5216,4.4394,221.97,1,49,1.0204081632653061,50.0,1.5216,189.0,4.4394,221.97,1.5189795918367346,3.857142857142857,4.479489795918368,4.53
14600,125,5.3628,15.733200000000002,393.33000000000004,1,25,1.0,25.0,5.3628,125.0,15.733200000000002,393.33000000000004,5.3628,5.0,15.733200000000002,15.733200000000002
14601,168,1.4342857142857142,30.565714285714286,213.96,1,7,1.0,7.0,1.4342857142857142,168.0,30.565714285714286,213.96,1.4342857142857142,24.0,30.565714285714286,30.565714285714286
14603,400,1.65,330.0,660.0,1,2,1.0,2.0,1.65,400.0,330.0,660.0,1.65,200.0,330.0,330.0
14606,6224,2.8132407407407407,4.502462962962963,12156.65,93,819,3.2967032967032965,29.032258064516128,3.1959770371972462,66.9247311827957,6.084662462480176,130.71666666666667,3.106226724994582,7.599511599511599,4.832319504967234,14.843284493284493
14607,11766,2.1001162790697676,192.66860465116278,16569.5,14,38,2.263157894736842,6.142857142857143,2.6268697175840034,840.4285714285714,309.9715840032983,1183.5357142857142,2.1432894736842103,309.63157894736844,193.04473684210527,436.0394736842105
14608,437,4.225,89.25750000000001,1785.15,4,8,2.5,5.0,4.239285714285714,109.25,113.3875,446.2875,4.171875,54.625,78.83333333333333,223.14374999999998
14609,7026,0.1225,150.39,601.56,4,2,2.0,1.0,0.1225,1756.5,150.39,150.39,0.1225,3513.0,150.39,300.78
14616,104,3.44,135.36,406.08000000000004,3,2,1.5,1.0,3.44,34.666666666666664,135.36,135.36,2.685,52.0,104.04,203.04
14618,264,4.274375,34.59,553.44,3,10,1.6,5.333333333333333,4.657222222222223,88.0,34.205,184.48000000000002,4.474,26.4,35.333999999999996,55.343999999999994
14619,152,4.706,19.722,394.44,1,20,1.0,20.0,4.706,152.0,19.722,394.44,4.706,7.6,19.722,19.722
14620,214,3.4223076923076925,15.876153846153848,412.78000000000003,2,26,1.0,13.0,3.182727272727272,107.0,15.91,206.39,3.4223076923076925,8.23076923076923,15.876153846153848,15.876153846153848
14621,993,3.0166304347826083,19.438695652173916,1788.3600000000001,5,80,1.15,18.4,2.9774434221964645,198.6,20.06187916545929,357.672,3.048,12.4125,19.2173125,22.3545
14622,146,3.212380952380953,15.265714285714287,320.58000000000004,1,21,1.0,21.0,3.212380952380953,146.0,15.265714285714287,320.58000000000004,3.212380952380953,6.9523809523809526,15.265714285714287,15.265714285714287
14623,419,3.0276119402985073,6.6361940298507465,889.25,5,108,1.2407407407407407,26.8,3.524977965631929,83.8,8.898825018477458,177.85,3.0987037037037037,3.8796296296296298,7.111481481481481,8.233796296296296
14624,162,2.0707692307692307,17.373076923076923,225.85,2,13,1.0,6.5,1.4195833333333332,81.0,16.560416666666665,112.925,2.0707692307692307,12.461538461538462,17.373076923076923,17.373076923076923
14625,335,4.738490566037736,16.974150943396225,899.63,2,51,1.0392156862745099,26.5,5.151439628482972,167.5,16.876524767801858,449.815,4.660588235294117,6.568627450980392,17.01529411764706,17.639803921568628
14626,1403,3.4078688524590164,22.87926229508197,2791.27,4,108,1.1296296296296295,30.5,3.552104756115532,350.75,22.725591911042343,697.8175,3.4939814814814816,12.99074074074074,21.522345679012346,25.845092592592593
14628,272,4.545416666666667,27.998333333333335,671.96,2,22,1.0909090909090908,12.0,4.545416666666667,136.0,27.998333333333335,335.98,4.456363636363636,12.363636363636363,26.65727272727273,30.543636363636367
14629,380,3.738815789473684,6.309276315789473,959.01,2,133,1.1428571428571428,76.0,3.6692086834733892,190.0,6.204443277310925,479.505,3.6733834586466165,2.857142857142857,6.228045112781955,7.210601503759398
14631,622,2.38390243902439,24.56048780487805,1006.98,3,38,1.0789473684210527,13.666666666666666,2.428386752136752,207.33333333333334,24.669305555555557,335.66,2.322763157894737,16.36842105263158,23.52315789473684,26.49947368421053
14632,96,2.54,14.32,114.56,1,8,1.0,8.0,2.54,96.0,14.32,114.56,2.54,12.0,14.32,14.32
14633,96,5.4025,17.245,344.90000000000003,1,20,1.0,20.0,5.4025,96.0,17.245,344.90000000000003,5.4025,4.8,17.245,17.245
14636,241,3.038214285714286,21.780357142857145,609.85,2,27,1.037037037037037,14.0,3.013541666666667,120.5,22.2834375,304.925,3.0896296296296297,8.925925925925926,21.48703703703704,22.58703703703704
14638,166,4.159375,27.725,443.6,1,16,1.0,16.0,4.159375,166.0,27.725,443.6,4.159375,10.375,27.725,27.725
14639,1431,4.691860465116279,17.35168604651163,2984.4900000000002,6,138,1.2463768115942029,28.666666666666668,4.961831158515348,238.5,18.16899541249331,497.41499999999996,4.453454106280193,10.369565217391305,17.030797101449274,21.626739130434785
14640,886,3.9412264150943392,20.047924528301888,2125.08,6,87,1.2183908045977012,17.666666666666668,4.0302718253968255,147.66666666666666,21.43163029100529,354.18,3.5548275862068963,10.183908045977011,19.573045977011496,24.426206896551722
14641,90,1.2900000000000003,15.780000000000001,110.46000000000001,1,7,1.0,7.0,1.2900000000000003,90.0,15.780000000000001,110.46000000000001,1.2899999999999998,12.857142857142858,15.780000000000001,15.780000000000001
14642,76,3.005,48.06,96.12,1,2,1.0,2.0,3.005,76.0,48.06,96.12,3.005,38.0,48.06,48.06
14643,815,1.586774193548387,22.380967741935486,693.8100000000001,2,30,1.0333333333333334,15.5,1.589375,407.5,22.42727083333333,346.905,1.5696666666666668,27.166666666666668,20.607000000000003,23.127000000000002
14644,258,4.341538461538462,31.95230769230769,830.76,2,26,1.0,13.0,3.9133333333333336,129.0,29.587083333333332,415.38,4.341538461538462,9.923076923076923,31.95230769230769,31.95230769230769
14645,381,3.622,19.903000000000002,597.09,2,28,1.0714285714285714,15.0,3.572857142857143,190.5,21.838650793650796,298.545,3.762857142857143,13.607142857142858,19.556785714285716,21.32464285714286
14647,95,2.372,8.107333333333333,243.22,1,24,1.25,30.0,2.372,95.0,8.107333333333333,243.22,2.4075,3.9583333333333335,9.124375,10.134166666666667
14649,1018,2.547989949748744,7.122060301507537,1417.29,4,148,1.3445945945945945,49.75,3.2075224130708007,254.5,8.874633195433598,354.3225,2.7652027027027026,6.878378378378378,6.832894144144144,9.576283783783783
14651,344,2.8968627450980393,6.41764705882353,654.6,2,95,1.0736842105263158,51.0,2.7648333333333333,172.0,6.306,327.3,2.9041052631578945,3.6210526315789475,6.099052631578947,6.890526315789474
14652,53,2.986206896551724,3.937241379310345,114.18,1,29,1.0,29.0,2.986206896551724,53.0,3.937241379310345,114.18,2.9862068965517246,1.8275862068965518,3.9372413793103447,3.9372413793103447
14653,950,3.3198312236286918,8.217510548523206,1947.55,7,154,1.5389610389610389,33.857142857142854,4.1934935048499415,135.71428571428572,10.364918772638415,278.2214285714286,3.3259740259740265,6.1688311688311686,8.280449134199134,12.64642857142857
14655,1089,2.686938775510204,39.43326530612245,1932.23,4,35,1.4,12.25,2.762900641025641,272.25,38.71253250915751,483.0575,2.752857142857143,31.114285714285714,40.84442857142857,55.20657142857143
14656,120,2.7685,3.638125,291.05,2,73,1.095890410958904,40.0,2.937579445571332,60.0,3.84343137254902,145.525,2.7456164383561643,1.643835616438356,3.5801369863013703,3.986986301369863
14657,466,2.7334920634920636,6.7319047619047625,848.22,4,103,1.2233009708737863,31.5,2.5740953243467475,116.5,6.881893959930013,212.055,2.9272815533980583,4.524271844660194,6.562977346278317,8.235145631067962
14658,47,5.588275862068966,8.522413793103448,247.15,2,27,1.0740740740740742,14.5,5.629952380952382,23.5,8.53152380952381,123.575,5.561481481481481,1.7407407407407407,8.049999999999999,9.153703703703703
14659,1195,2.9375098814229252,9.999723320158102,2529.93,9,147,1.7210884353741496,28.11111111111111,3.0549556560483335,132.77777777777777,9.924353741035358,281.1033333333333,2.821768707482993,8.129251700680273,9.618951247165533,17.210408163265306
14660,228,2.3586666666666667,9.524666666666667,285.74,2,24,1.25,15.0,2.3886160714285714,114.0,9.505044642857143,142.87,2.3229166666666665,9.5,8.004166666666666,11.905833333333334
14661,35,3.95,26.9875,107.95,1,4,1.0,4.0,3.95,35.0,26.9875,107.95,3.95,8.75,26.9875,26.9875
14662,602,2.380238095238095,4.590297619047619,771.17,4,143,1.1748251748251748,42.0,2.786930974377433,150.5,5.139888634485149,192.79250000000002,2.478041958041958,4.20979020979021,4.859650349650349,5.392797202797203
14664,466,1.9827272727272727,6.443333333333333,637.89,2,78,1.2692307692307692,49.5,2.0816666666666666,233.0,6.717727272727273,318.945,1.9670512820512822,5.9743589743589745,5.998269230769231,8.178076923076922
14665,740,4.328333333333333,20.39666666666667,1835.7,5,63,1.4285714285714286,18.0,4.017635128205128,148.0,32.01995853479853,367.14,4.2030158730158735,11.746031746031745,19.694920634920635,29.13809523809524
14666,161,1.857142857142857,13.946428571428571,195.25,1,14,1.0,14.0,1.857142857142857,161.0,13.946428571428571,195.25,1.8571428571428572,11.5,13.946428571428571,13.946428571428571
14667,5385,3.113298429319372,16.127748691099477,9241.2,25,354,1.61864406779661,22.92,3.1198302681353653,215.4,17.825998989730955,369.648,3.238226224105461,15.211864406779661,14.610837099811675,26.105084745762714
14669,775,2.706,7.470529411764706,1269.99,3,158,1.0759493670886076,56.666666666666664,2.7218139329806,258.3333333333333,7.483919312169312,423.33,2.7429746835443036,4.905063291139241,7.708354430379747,8.037911392405062
14670,337,1.6325,3.1176515151515147,411.53,2,107,1.233644859813084,66.0,1.6432431749241658,168.5,2.8961046511627906,205.765,1.6681308411214955,3.149532710280374,3.3208037383177573,3.84607476635514
14672,454,2.921639344262295,12.55,765.5500000000001,2,58,1.0517241379310345,30.5,2.8829248366013074,227.0,13.089183006535947,382.775,3.0236206896551723,7.827586206896552,12.428448275862069,13.199137931034482
14673,1004,2.395,23.464864864864865,1736.4,5,39,1.8974358974358974,14.8,2.416746031746032,200.8,23.853299999999997,347.28000000000003,2.217820512820513,25.743589743589745,21.289358974358976,44.52307692307693
14675,341,2.230098039215686,5.928921568627451,604.75,1,93,1.096774193548387,102.0,2.230098039215686,341.0,5.928921568627451,604.75,2.2331182795698927,3.6666666666666665,6.0804838709677425,6.502688172043011
14676,2500,1.7133333333333336,60.672380952380955,2548.2400000000002,6,29,1.4482758620689655,7.0,1.7656094276094276,416.6666666666667,71.01290235690236,424.7066666666667,1.9825862068965519,86.20689655172414,61.35655172413793,87.87034482758621
14680,13476,2.4156976744186047,111.45003875968993,28754.11,16,73,3.5342465753424657,16.125,2.430578035681357,842.25,115.80777014823693,1797.131875,2.4252836980371226,184.6027397260274,93.87810072347743,393.8919178082192
14681,76,7.207142857142857,71.27857142857142,498.95,3,6,1.1666666666666667,2.3333333333333335,5.363333333333333,25.333333333333332,61.26333333333333,166.31666666666666,7.783333333333334,12.666666666666666,74.40833333333333,83.15833333333333
14682,80,0.65,26.0,52.0,2,1,2.0,1.0,0.65,40.0,26.0,26.0,0.65,80.0,26.0,52.0
14684,853,1.6946555819477436,2.9365320665083137,1236.28,5,231,1.8225108225108224,84.2,1.7573538200112093,170.6,3.1476622998840496,247.256,1.9215007215007216,3.6926406926406927,3.1587662337662334,5.351861471861472
14687,470,2.27,41.892,628.38,1,15,1.0,15.0,2.27,470.0,41.892,628.38,2.27,31.333333333333332,41.892,41.892
14688,3621,2.131039755351682,17.219785932721713,5630.87,21,148,2.2094594594594597,15.571428571428571,2.0765651186286056,172.42857142857142,24.497518216792088,268.13666666666666,2.3684362934362935,24.466216216216218,12.56042479086229,38.04641891891892
14689,76,2.180769230769231,8.676923076923078,112.80000000000001,1,13,1.0,13.0,2.180769230769231,76.0,8.676923076923078,112.80000000000001,2.180769230769231,5.846153846153846,8.676923076923076,8.676923076923076
14690,170,2.8594,7.434,371.7,2,40,1.25,25.0,2.8217159277504105,85.0,7.426617405582923,185.85000000000002,2.6345,4.25,6.671541666666667,9.2925
14691,707,3.6664788732394364,29.779295774647885,2114.33,5,50,1.42,14.2,4.317618931710615,141.4,38.41124823078657,422.866,3.8885,14.14,30.3209,42.2866
14692,265,2.932352941176471,8.699264705882353,591.55,4,53,1.2830188679245282,17.0,2.985760582010582,66.25,8.573852513227513,147.88750000000002,2.922641509433962,5.0,8.923270440251573,11.16132075471698
14693,34,3.475,21.6125,172.9,1,8,1.0,8.0,3.475,34.0,21.6125,172.9,3.475,4.25,21.6125,21.6125
14696,1630,2.4591538461538462,15.991923076923076,2078.95,7,117,1.1111111111111112,18.571428571428573,2.5463794452563633,232.85714285714286,16.23225442495839,296.99285714285713,2.4485042735042737,13.931623931623932,16.05213675213675,17.76880341880342
14697,181,3.2372727272727273,8.57318181818182,188.61,2,22,1.0,11.0,3.3038333333333334,90.5,8.603750000000002,94.305,3.2372727272727273,8.227272727272727,8.57318181818182,8.57318181818182
14698,615,2.8727142857142858,5.9559999999999995,1250.76,5,148,1.4189189189189189,42.0,2.792881730060654,123.0,5.979006303497535,250.152,3.0333445945945945,4.155405405405405,6.066097972972973,8.451081081081082
14699,77,2.21125,13.641250000000001,109.13000000000001,1,8,1.0,8.0,2.21125,77.0,13.641250000000001,109.13000000000001,2.21125,9.625,13.641250000000001,13.641250000000001
14700,1342,2.36695652173913,19.437391304347827,2235.3,3,80,1.4375,38.333333333333336,2.3524362256993836,447.3333333333333,19.489635490753912,745.1,2.603791666666667,16.775,16.88725,27.941250000000004
14701,932,3.124985074626866,7.610059701492537,2549.37,9,268,1.25,37.22222222222222,3.778894999430681,103.55555555555556,8.594929451155998,283.2633333333333,3.0592350746268657,3.4776119402985075,7.220478855721393,9.512574626865671
14702,1454,3.795850144092219,9.487435158501441,3292.14,17,196,1.7704081632653061,20.41176470588235,3.9572024209372216,85.52941176470588,10.058609553863121,193.65529411764706,3.4600595238095235,7.418367346938775,9.294817176870747,16.796632653061224
14703,183,2.0513636363636363,14.462272727272728,318.17,1,22,1.0,22.0,2.0513636363636363,183.0,14.462272727272728,318.17,2.0513636363636363,8.318181818181818,14.462272727272728,14.462272727272728
14704,1082,2.2325542168674697,3.7274939759036148,1546.91,9,288,1.4409722222222223,46.111111111111114,5.098954156178903,120.22222222222223,6.113830695094949,171.8788888888889,2.457523148148148,3.7569444444444446,3.9525752314814815,5.371215277777778
14705,100,1.79,179.0,179.0,1,1,1.0,1.0,1.79,100.0,179.0,179.0,1.79,100.0,179.0,179.0
14708,621,3.0003571428571427,40.227500000000006,1126.3700000000001,3,25,1.12,9.333333333333334,4.031547619047619,207.0,68.78412698412698,375.45666666666665,2.4288,24.84,32.74386666666667,45.05480000000001
14709,2484,2.75515306122449,25.10734693877551,4921.04,13,71,2.76056338028169,15.076923076923077,2.63349475687711,191.07692307692307,24.88537473963945,378.54153846153844,3.3794276212832552,34.985915492957744,19.941432483791637,69.31042253521127
14710,378,2.0762589928057555,4.360647482014389,606.13,4,124,1.1209677419354838,34.75,2.134385540423066,94.5,4.342163648217908,151.5325,2.098790322580645,3.0483870967741935,4.444838709677419,4.888145161290322
14711,978,4.756078431372549,8.035854341736695,2868.8,11,221,1.6153846153846154,32.45454545454545,8.650312945912848,88.9090909090909,11.832969120031748,260.8,4.822585218702866,4.425339366515837,7.682562594268477,12.980995475113122
14712,315,3.3080000000000003,36.6828,917.07,3,21,1.1904761904761905,8.333333333333334,3.4929670329670324,105.0,46.39021978021978,305.69,3.064285714285714,15.0,28.35571428571429,43.67
14713,1615,2.4739823008849555,7.865368731563422,2666.36,11,146,2.3219178082191783,30.818181818181817,2.5625501076519255,146.8181818181818,8.594732758933485,242.39636363636365,2.45133039791259,11.061643835616438,8.490659572733202,18.262739726027398
14714,229,3.287,16.019,160.19,1,10,1.0,10.0,3.287,229.0,16.019,160.19,3.287,22.9,16.019,16.019
14715,521,3.3422535211267608,12.21661971830986,867.38,4,60,1.1833333333333333,17.75,3.4018625356125356,130.25,12.008360204610204,216.845,3.325,8.683333333333334,11.320916666666667,14.456333333333333
14716,604,1.3956363636363638,5.9941818181818185,329.68,2,46,1.1956521739130435,27.5,1.3887296195652175,302.0,6.304130434782609,164.84,1.5456521739130433,13.130434782608695,6.258260869565217,7.166956521739131
14719,1032,2.360253164556962,6.7600421940928275,1602.13,5,177,1.3389830508474576,47.4,2.3392269469469467,206.4,6.7475624252824264,320.42600000000004,2.3818644067796613,5.830508474576271,6.3126459510357815,9.051581920903956
14720,219,5.744594594594595,17.94081081081081,663.81,3,34,1.088235294117647,12.333333333333334,5.830923076923077,73.0,17.898216524216526,221.26999999999998,5.797058823529412,6.4411764705882355,18.16941176470588,19.523823529411764
14722,120,3.029310344827586,6.4799999999999995,187.92,1,28,1.0357142857142858,29.0,3.029310344827586,120.0,6.4799999999999995,187.92,3.0035714285714286,4.285714285714286,6.4435714285714285,6.711428571428571
14723,695,2.247482014388489,4.1665467625899275,1158.3,6,193,1.4404145077720207,46.333333333333336,2.377354750979673,115.83333333333333,4.6187599609517855,193.04999999999998,2.3967012089810016,3.6010362694300517,4.395863557858377,6.001554404145078
14725,593,4.396153846153846,13.80923076923077,718.08,1,45,1.1555555555555554,52.0,4.396153846153846,593.0,13.80923076923077,718.08,3.54,13.177777777777777,13.860111111111111,15.957333333333334
14727,62,7.0840000000000005,26.857999999999997,268.58,1,10,1.0,10.0,7.0840000000000005,62.0,26.857999999999997,268.58,7.0840000000000005,6.2,26.857999999999997,26.857999999999997
14729,197,2.159154929577465,4.415352112676056,313.49,1,69,1.0289855072463767,71.0,2.159154929577465,197.0,4.415352112676056,313.49,2.160869565217391,2.8550724637681157,4.433550724637682,4.543333333333334
14730,1132,2.525788423153693,4.0021157684630735,2005.06,8,317,1.5804416403785488,62.625,2.6588305024887102,141.5,4.443229585388281,250.6325,2.586893796004206,3.5709779179810726,4.092162685894547,6.325110410094637
14731,256,2.102222222222222,8.444888888888888,380.02,3,38,1.1842105263157894,15.0,2.1272222222222226,85.33333333333333,11.493055555555555,126.67333333333333,2.128947368421053,6.7368421052631575,7.780921052631579,10.000526315789473
14732,1405,3.386326530612245,18.384285714285717,2702.4900000000002,8,105,1.4,18.375,3.4987734601516043,175.625,19.07793718634956,337.81125000000003,3.36915873015873,13.380952380952381,17.77426984126984,25.738000000000003
14733,3764,3.932920792079208,47.455,9585.91,12,102,1.9803921568627452,16.833333333333332,4.165440398245545,313.6666666666667,45.633503714966956,798.8258333333333,3.771439309056956,36.90196078431372,43.33622292250234,93.97950980392157
14735,2264,3.750824742268041,31.266443298969076,6065.6900000000005,32,99,1.9595959595959596,6.0625,3.6866453993055557,70.75,34.3978087797619,189.55281250000002,3.89236050986051,22.86868686868687,29.649487734487735,61.26959595959597
14737,345,3.614117647058823,68.50294117647059,1164.55,3,15,1.1333333333333333,5.666666666666667,3.2170833333333335,115.0,62.72857142857143,388.18333333333334,3.3459999999999996,23.0,64.75333333333334,77.63666666666667
14738,601,3.318703703703704,24.34166666666667,1314.45,7,39,1.3846153846153846,7.714285714285714,2.9965525664811383,85.85714285714286,23.490330241187387,187.77857142857144,3.546089743589744,15.41025641025641,21.342307692307692,33.70384615384616
14739,3820,2.065166666666667,65.038,3902.28,7,47,1.2765957446808511,8.571428571428571,2.235595238095238,545.7142857142857,64.79666666666667,557.4685714285714,2.193085106382979,81.27659574468085,63.25276595744681,83.02723404255319
14740,735,2.8922471910112364,16.272022471910113,1448.21,3,85,1.0470588235294118,29.666666666666668,2.8141568627450977,245.0,16.19013725490196,482.7366666666667,2.9154117647058824,8.647058823529411,16.38835294117647,17.037764705882353
14741,841,2.6030508474576273,23.734576271186445,1400.3400000000001,6,35,1.6857142857142857,9.833333333333334,2.5683878205128203,140.16666666666666,23.599943019943023,233.39,2.818,24.02857142857143,23.451785714285716,40.00971428571428
14744,627,3.009230769230769,42.30692307692308,1099.98,7,21,1.2380952380952381,3.7142857142857144,2.9329285714285716,89.57142857142857,40.425619047619044,157.14000000000001,3.3731746031746033,29.857142857142858,32.0979365079365,52.38
14745,1038,1.6594202898550725,17.684927536231886,1220.26,5,46,1.5,13.8,1.7032163742690059,207.6,20.54319068504595,244.052,1.6986956521739132,22.565217391304348,17.76391304347826,26.527391304347827
14747,84,5.800000000000001,18.233333333333334,328.2,1,18,1.0,18.0,5.800000000000001,84.0,18.233333333333334,328.2,5.800000000000001,4.666666666666667,18.233333333333334,18.233333333333334
14748,1223,1.8602247191011236,15.907303370786517,1415.75,5,87,1.0229885057471264,17.8,1.7779390718174746,244.6,17.0278364013482,283.15,1.8744827586206898,14.057471264367816,15.930919540229885,16.272988505747126
14752,260,2.504,77.92800000000001,389.64000000000004,1,5,1.0,5.0,2.504,260.0,77.92800000000001,389.64000000000004,2.504,52.0,77.928,77.928
14753,211,3.5983333333333336,18.771666666666665,563.15,1,30,1.0,30.0,3.5983333333333336,211.0,18.771666666666665,563.15,3.5983333333333336,7.033333333333333,18.771666666666665,18.771666666666665
14754,486,2.238048780487805,15.562195121951218,638.05,2,38,1.0789473684210527,20.5,2.351,243.0,15.489384615384616,319.02500000000003,2.233421052631579,12.789473684210526,15.229736842105263,16.79078947368421
14755,2219,3.9911489361702124,21.320340425531914,5010.28,11,128,1.8359375,21.363636363636363,3.8481081055654585,201.72727272727272,21.324178431372548,455.47999999999996,3.9684505208333336,17.3359375,20.346979166666667,39.1428125
14756,416,3.4794736842105265,19.446315789473687,738.96,1,38,1.0,38.0,3.4794736842105265,416.0,19.446315789473687,738.96,3.4794736842105265,10.947368421052632,19.446315789473687,19.446315789473687
14757,160,3.9242105263157896,22.13157894736842,420.5,1,19,1.0,19.0,3.9242105263157896,160.0,22.13157894736842,420.5,3.9242105263157896,8.421052631578947,22.13157894736842,22.13157894736842
14758,419,6.657605633802817,20.90225352112676,1484.06,4,54,1.3148148148148149,17.75,6.448294986263736,104.75,20.231909340659342,371.015,6.592407407407408,7.7592592592592595,21.079814814814814,27.482592592592592
14759,569,5.394117647058824,15.940882352941177,1625.97,3,92,1.108695652173913,34.0,5.3035966386554625,189.66666666666666,16.339035294117647,541.99,5.397826086956521,6.184782608695652,15.877391304347826,17.67358695652174
14760,40,2.87,17.84,89.2,1,5,1.0,5.0,2.87,40.0,17.84,89.2,2.87,8.0,17.84,17.84
14761,118,2.272727272727273,23.263636363636365,255.9,2,11,1.0,5.5,2.388392857142857,59.0,26.764285714285716,127.95,2.272727272727273,10.727272727272727,23.263636363636365,23.263636363636365
14762,341,1.3342857142857143,14.310476190476189,300.52,1,21,1.0,21.0,1.3342857142857143,341.0,14.310476190476189,300.52,1.3342857142857143,16.238095238095237,14.310476190476189,14.310476190476189
14764,190,1.4916666666666665,46.38333333333333,278.3,1,6,1.0,6.0,1.4916666666666665,190.0,46.38333333333333,278.3,1.4916666666666665,31.666666666666668,46.38333333333333,46.38333333333333
14765,135,2.9766666666666666,6.515641025641026,254.11,3,38,1.0263157894736843,13.0,3.4717818740399387,45.0,10.538817204301075,84.70333333333333,3.03,3.5526315789473686,6.649605263157895,6.687105263157895
14766,1349,2.6556296296296296,18.321259259259257,2473.37,6,111,1.2162162162162162,22.5,3.045925740925741,224.83333333333334,20.220410145410145,412.2283333333333,2.6353453453453453,12.153153153153154,16.422252252252253,22.282612612612613
14768,52,3.91,38.52,192.60000000000002,2,4,1.25,2.5,4.300000000000001,26.0,46.35000000000001,96.30000000000001,3.6500000000000004,13.0,37.0125,48.150000000000006
14769,7436,2.711669724770642,9.79334862385321,10674.75,8,718,1.5181058495821727,136.25,2.689975407502898,929.5,12.189594114219116,1334.34375,2.728720984215413,10.356545961002785,9.59169372595835,14.867339832869082
14770,490,3.4444230769230773,16.85423076923077,876.4200000000001,2,49,1.0612244897959184,26.0,3.2121596638655463,245.0,16.73440336134454,438.21000000000004,3.326326530612245,10.0,16.721020408163266,17.88612244897959
14772,82,3.508888888888889,15.473333333333333,139.26,1,9,1.0,9.0,3.508888888888889,82.0,15.473333333333333,139.26,3.508888888888889,9.11111111111111,15.473333333333333,15.473333333333333
14775,1174,1.0518333333333334,16.865,1011.9,3,57,1.0526315789473684,20.0,1.0518333333333334,391.3333333333333,16.865,337.3,1.052982456140351,20.596491228070175,16.790526315789474,17.75263157894737
14776,3134,0.9858119658119658,21.694871794871794,2538.2999999999997,11,44,2.659090909090909,10.636363636363637,0.9656875670378344,284.90909090909093,20.771555895085307,230.75454545454548,1.000909090909091,71.22727272727273,23.682727272727274,57.688636363636355
14778,306,3.1414285714285715,20.881714285714285,730.86,2,34,1.0294117647058822,17.5,3.1551470588235295,153.0,20.950049019607846,365.43,3.088235294117647,9.0,21.059117647058823,21.495882352941177
14779,84,6.824390243902439,9.418292682926829,386.15,3,40,1.025,13.666666666666666,7.387007168458781,28.0,12.067562724014337,128.71666666666667,6.90125,2.1,9.184999999999999,9.653749999999999
14780,310,2.7666666666666666,16.58074074074074,447.68,2,26,1.0384615384615385,13.5,2.3869736842105267,155.0,15.937894736842106,223.84,2.728846153846154,11.923076923076923,16.353076923076923,17.21846153846154
14782,114,2.516666666666667,33.35,200.10000000000002,1,6,1.0,6.0,2.516666666666667,114.0,33.35,200.10000000000002,2.516666666666667,19.0,33.35,33.35
14784,237,3.860666666666667,19.332666666666668,289.99,2,15,1.0,7.5,3.3028409090909094,118.5,22.303636363636365,144.995,3.860666666666667,15.8,19.332666666666668,19.332666666666668
14785,84,0.9433333333333334,25.8,77.4,2,2,1.5,1.5,0.905,42.0,28.830000000000002,38.7,1.02,42.0,26.85,38.7
14788,421,2.5886666666666667,22.648000000000003,679.44,2,26,1.1538461538461537,15.0,2.5886666666666667,210.5,22.648,339.72,2.5726923076923076,16.192307692307693,21.206346153846155,26.13230769230769
14789,116,2.0566666666666666,32.94,197.64,1,6,1.0,6.0,2.0566666666666666,116.0,32.94,197.64,2.0566666666666666,19.333333333333332,32.94,32.94
14790,699,1.4782608695652173,16.19695652173913,745.06,4,30,1.5333333333333334,11.5,1.7959316239316239,174.75,19.128854700854703,186.265,1.6856666666666666,23.3,17.407333333333334,24.83533333333333
14792,2,3.1,3.1,6.2,1,2,1.0,2.0,3.1,2.0,3.1,6.2,3.1,1.0,3.1,3.1
14793,91,3.257857142857143,16.356428571428573,228.99,1,14,1.0,14.0,3.257857142857143,91.0,16.356428571428573,228.99,3.257857142857143,6.5,16.356428571428573,16.356428571428573
14794,673,3.903,16.498875,1319.91,7,68,1.1764705882352942,11.428571428571429,5.961294381787803,96.14285714285714,16.88385715318516,188.55857142857144,3.6707843137254903,9.897058823529411,15.714754901960786,19.410441176470588
14795,17,7.333333333333333,21.908333333333335,131.45000000000002,1,6,1.0,6.0,7.333333333333333,17.0,21.908333333333335,131.45000000000002,7.333333333333333,2.8333333333333335,21.908333333333335,21.908333333333335
14796,6025,1.9610692375109553,7.031104294478528,8022.49,17,403,2.8312655086848637,67.11764705882354,1.9553567138428027,354.4117647058824,7.260062088788196,471.9111764705882,1.8934351287670148,14.950372208436725,5.2012890323765015,19.906923076923075
14798,150,1.46,14.478333333333333,173.74,3,11,1.0909090909090908,4.0,1.388888888888889,50.0,14.186111111111112,57.913333333333334,1.479090909090909,13.636363636363637,14.430909090909092,15.794545454545455
14799,146,4.889230769230769,12.13076923076923,157.7,1,13,1.0,13.0,4.889230769230769,146.0,12.13076923076923,157.7,4.889230769230769,11.23076923076923,12.13076923076923,12.13076923076923
14800,3655,2.1975324675324672,11.272051948051947,4339.74,12,246,1.565040650406504,32.083333333333336,1.8394327313647139,304.5833333333333,9.79415266139505,361.645,2.371571815718157,14.857723577235772,11.225046070460705,17.64121951219512
14801,175,2.4633898305084747,3.273559322033898,193.14,1,56,1.0535714285714286,59.0,2.4633898305084747,175.0,3.273559322033898,193.14,2.5051785714285715,3.125,3.3475892857142857,3.448928571428571
14803,370,2.886590909090909,19.217045454545456,845.5500000000001,3,35,1.2571428571428571,14.666666666666666,2.870447619047619,123.33333333333333,27.014466666666664,281.84999999999997,2.5964285714285715,10.571428571428571,12.346761904761905,24.158571428571427
14804,121,4.240833333333334,29.439166666666665,353.27,1,12,1.0,12.0,4.240833333333334,121.0,29.439166666666665,353.27,4.240833333333334,10.083333333333334,29.439166666666665,29.439166666666665
14805,115,5.808085106382979,11.801063829787234,554.65,4,30,1.5666666666666667,11.75,6.166545886496545,28.75,13.738194444444446,138.66250000000002,5.021083333333333,3.8333333333333335,9.17388888888889,18.488333333333333
14806,330,1.8445454545454545,17.580909090909092,193.39000000000001,1,11,1.0,11.0,1.8445454545454545,330.0,17.580909090909092,193.39000000000001,1.8445454545454545,30.0,17.580909090909092,17.580909090909092
14808,2147,3.486553191489362,11.664553191489363,2741.17,8,176,1.3352272727272727,29.375,8.170150543203393,268.375,20.417043662951293,342.64625,3.6603030303030306,12.198863636363637,11.53876893939394,15.574829545454547
14810,1016,2.328078431372549,8.187764705882353,2087.88,11,106,2.4056603773584904,23.181818181818183,2.3498729198329,92.36363636363636,8.164626024111202,189.80727272727273,2.392624213836478,9.584905660377359,7.269731132075472,19.69698113207547
14813,67,2.8263333333333334,5.181,155.43,2,25,1.2,15.0,3.163333333333333,33.5,4.95375,77.715,2.6796,2.68,4.7362,6.2172
14815,744,1.6549056603773586,14.68867924528302,778.5,2,53,1.0,26.5,1.531080586080586,372.0,15.175824175824175,389.25,1.6549056603773584,14.037735849056604,14.68867924528302,14.68867924528302
14816,5,66.475,67.9625,271.85,1,4,1.0,4.0,66.475,5.0,67.9625,271.85,66.475,1.25,67.9625,67.9625
14817,655,3.531428571428571,17.624444444444443,1110.34,2,52,1.2115384615384615,31.5,3.5417951318458414,327.5,17.67120182555781,555.1700000000001,2.8516346153846155,12.596153846153847,16.911346153846154,21.352692307692305
14818,324,3.7514583333333333,13.704166666666666,657.8,3,41,1.170731707317073,16.0,3.823150315867707,108.0,14.722606837606838,219.26666666666665,3.5236585365853657,7.902439024390244,13.714430894308942,16.04390243902439
14819,109,4.13,20.928461538461537,272.07,2,13,1.0,6.5,3.6983333333333333,54.5,23.487499999999997,136.035,4.130000000000001,8.384615384615385,20.928461538461537,20.928461538461537
14820,253,3.222758620689655,17.492758620689656,507.29,4,24,1.2083333333333333,7.25,3.2179761904761905,63.25,17.622544642857143,126.8225,3.1670833333333337,10.541666666666666,16.75583333333333,21.137083333333333
14821,20,2.5250000000000004,24.400000000000002,48.800000000000004,1,2,1.0,2.0,2.5250000000000004,20.0,24.400000000000002,48.800000000000004,2.5250000000000004,10.0,24.400000000000002,24.400000000000002
14823,88,4.234714285714285,4.591857142857143,321.43,3,56,1.25,23.333333333333332,4.256468253968254,29.333333333333332,4.652301587301587,107.14333333333333,4.097857142857142,1.5714285714285714,4.380446428571429,5.739821428571429
14824,525,2.3944827586206894,38.88655172413793,1127.71,4,19,1.5263157894736843,7.25,2.4775119047619047,131.25,41.29338095238096,281.9275,2.488947368421053,27.63157894736842,37.584736842105265,59.353157894736846
14825,991,2.743884297520661,18.40421487603306,2226.9100000000003,12,82,1.475609756097561,10.083333333333334,3.0173386243386244,82.58333333333333,21.55257284858388,185.57583333333335,2.881341463414634,12.085365853658537,16.877560975609757,27.157439024390246
14828,2172,2.853529411764706,125.86823529411765,2139.76,3,17,1.0,5.666666666666667,2.1436296296296296,724.0,133.0814814814815,713.2533333333334,2.8535294117647063,127.76470588235294,125.86823529411765,125.86823529411765
14829,452,2.1797619047619046,16.60833333333333,697.55,4,39,1.0769230769230769,10.5,2.3170841165413534,113.0,18.173472744360904,174.38750000000002,2.1333333333333333,11.58974358974359,16.855128205128207,17.885897435897434
14830,169,1.7247499999999998,4.92825,197.13,1,39,1.0256410256410255,40.0,1.7247499999999998,169.0,4.92825,197.13,1.7266666666666668,4.333333333333333,4.843076923076923,5.054615384615384
14834,734,3.6280597014925373,25.676119402985073,1720.3,6,43,1.558139534883721,11.166666666666666,3.4460118478013215,122.33333333333333,28.193507063112325,286.71666666666664,3.782558139534884,17.069767441860463,24.34139534883721,40.00697674418605
14836,45,2.7916666666666665,17.075,102.45,3,5,1.2,2.0,2.2583333333333333,15.0,15.137499999999998,34.15,2.96,9.0,15.809999999999999,20.49
14837,1436,1.757037037037037,15.273148148148149,1649.5,4,96,1.125,27.0,1.7368650793650793,359.0,15.527469841269841,412.375,1.7344791666666666,14.958333333333334,15.098541666666668,17.182291666666668
14840,31,3.05,15.7125,62.85,1,4,1.0,4.0,3.05,31.0,15.7125,62.85,3.05,7.75,15.7125,15.7125
14841,1778,3.1945652173913044,23.88231884057971,3295.76,6,103,1.3398058252427185,23.0,3.0847864164086687,296.3333333333333,24.438991810715518,549.2933333333334,3.0710679611650487,17.262135922330096,23.108834951456313,31.997669902912623
14842,1166,5.326275862068966,19.480620689655172,2824.69,4,128,1.1328125,36.25,39.87917902711324,291.5,51.919034290271135,706.1725,5.62203125,9.109375,19.879921875,22.067890625
14844,1833,3.123153846153846,24.537,3189.81,4,87,1.4942528735632183,32.5,3.1971768836783374,458.25,25.819995767314083,797.4525,3.2280842911877397,21.06896551724138,20.59574712643678,36.664482758620686
14847,120,3.753076923076923,23.800000000000004,309.40000000000003,1,13,1.0,13.0,3.753076923076923,120.0,23.800000000000004,309.40000000000003,3.753076923076923,9.23076923076923,23.799999999999997,23.799999999999997
14849,5694,2.4403092783505156,20.439536082474227,7930.54,25,159,2.440251572327044,15.52,2.455113906361988,227.76,21.30641211093348,317.2216,2.6031446540880507,35.81132075471698,20.084787361485475,49.87761006289308
14850,293,1.4904761904761905,15.511904761904763,325.75,1,21,1.0,21.0,1.4904761904761905,293.0,15.511904761904763,325.75,1.4904761904761905,13.952380952380953,15.511904761904763,15.511904761904763
14851,325,2.317142857142857,18.2625,511.35,2,28,1.0,14.0,2.317142857142857,162.5,18.262500000000003,255.675,2.317142857142857,11.607142857142858,18.2625,18.2625
14852,1747,3.056643356643357,19.83699300699301,2836.69,6,96,1.4895833333333333,23.833333333333332,3.5312651295384057,291.1666666666667,19.660149863163657,472.7816666666667,2.9931249999999996,18.197916666666668,18.766875000000002,29.54885416666667
14853,82,5.677777777777778,52.86666666666667,475.8,2,8,1.125,4.5,5.579166666666667,41.0,57.525000000000006,237.9,5.01875,10.25,37.574999999999996,59.474999999999994
14854,1832,2.952204724409449,21.730944881889762,2759.83,7,110,1.1545454545454545,18.142857142857142,3.0291198209495613,261.7142857142857,22.76381500649312,394.26142857142855,2.508,16.654545454545456,20.019363636363636,25.089363636363636
14855,267,4.67,32.2825,645.65,2,13,1.5384615384615385,10.0,4.804166666666667,133.5,33.97083333333333,322.82500000000005,4.45,20.53846153846154,32.26538461538461,49.66538461538461
14856,714,3.132878787878788,19.86939393939394,1311.38,3,65,1.0153846153846153,22.0,3.0119555555555557,238.0,16.708688888888886,437.1266666666666,3.074153846153846,10.984615384615385,19.854307692307692,20.175076923076926
14857,464,4.384166666666667,19.552000000000003,1173.1200000000001,2,58,1.0344827586206897,30.0,4.418526140155729,232.0,19.50251390433815,586.56,4.230172413793103,8.0,19.4025,20.226206896551727
14859,671,3.126551724137931,23.340344827586208,1353.74,4,47,1.2340425531914894,14.5,2.4080293924825176,167.75,23.915339816433566,338.435,3.37063829787234,14.27659574468085,21.48808510638298,28.802978723404255
14860,232,0.9027272727272727,15.483636363636363,170.32,1,11,1.0,11.0,0.9027272727272727,232.0,15.483636363636363,170.32,0.9027272727272727,21.09090909090909,15.483636363636363,15.483636363636363
14861,117,2.735,20.965,125.79,1,6,1.0,6.0,2.735,117.0,20.965,125.79,2.735,19.5,20.965,20.965
14862,772,2.1545833333333335,17.525000000000002,841.2,2,47,1.0212765957446808,24.0,2.0602645502645505,386.0,17.186772486772487,420.6,2.1653191489361703,16.425531914893618,17.47659574468085,17.897872340425533
14863,132,2.020909090909091,24.25090909090909,266.76,1,11,1.0,11.0,2.020909090909091,132.0,24.25090909090909,266.76,2.020909090909091,12.0,24.25090909090909,24.25090909090909
14865,108,0.6525,13.05,52.2,2,4,1.0,2.0,0.8516666666666667,54.0,13.7,26.1,0.6525,27.0,13.05,13.05
14866,6752,3.3226262626262626,145.35252525252525,14389.9,12,30,3.3,8.25,5.269588913200327,562.6666666666666,145.94609621839513,1199.1583333333333,4.667287698412698,225.06666666666666,134.8054742063492,479.6633333333333
14867,328,3.7750000000000004,19.73,710.28,3,31,1.1612903225806452,12.0,3.296625,109.33333333333333,19.62161111111111,236.76,3.6151612903225807,10.580645161290322,19.006451612903227,22.912258064516127
14868,1405,2.8812499999999996,20.511041666666667,2953.59,8,96,1.5,18.0,2.6907080198532407,175.625,20.834550021397447,369.19875,2.6436458333333333,14.635416666666666,19.064270833333335,30.766562500000003
14869,550,2.998169014084507,10.221126760563381,725.7,2,66,1.0757575757575757,35.5,3.423342857142857,275.0,11.874766666666666,362.85,3.0051515151515154,8.333333333333334,10.361212121212121,10.995454545454546
14870,119,3.0461538461538464,25.173076923076923,327.25,1,13,1.0,13.0,3.0461538461538464,119.0,25.173076923076923,327.25,3.0461538461538464,9.153846153846153,25.173076923076923,25.173076923076923
14871,185,3.14765306122449,5.330408163265306,522.38,4,68,1.4411764705882353,24.5,3.185543300653595,46.25,5.481626633986928,130.595,2.982279411764706,2.7205882352941178,4.801176470588236,7.682058823529411
14873,168,4.994285714285715,18.56,519.68,1,28,1.0,28.0,4.994285714285715,168.0,18.56,519.68,4.994285714285715,6.0,18.56,18.56
14875,558,4.418936170212766,31.17702127659574,1465.32,2,46,1.0217391304347827,23.5,3.710238095238095,279.0,49.334761904761905,732.66,4.450869565217391,12.130434782608695,31.277608695652173,31.854782608695654
14878,802,2.609596774193548,11.980161290322581,1485.54,9,62,2.0,13.777777777777779,2.672047890381224,89.11111111111111,13.235449575116242,165.06,2.4531182795698925,12.935483870967742,12.183407258064516,23.960322580645162
14880,373,3.7380851063829788,15.025319148936171,706.19,3,45,1.0444444444444445,15.666666666666666,3.635443121693122,124.33333333333333,15.161137566137564,235.39666666666668,3.7508888888888885,8.28888888888889,15.016444444444444,15.693111111111111
14881,316,1.3729411764705883,15.023529411764706,255.4,1,17,1.0,17.0,1.3729411764705883,316.0,15.023529411764706,255.4,1.3729411764705883,18.58823529411765,15.023529411764706,15.023529411764706
14882,158,3.95,53.60909090909092,589.7,2,6,1.8333333333333333,5.5,3.9433333333333334,79.0,54.83833333333334,294.85,3.9333333333333336,26.333333333333332,51.01666666666667,98.28333333333335
14883,790,1.220943396226415,14.369622641509434,761.59,6,39,1.358974358974359,8.833333333333334,1.1622456140350879,131.66666666666666,14.333099415204678,126.93166666666667,1.2866666666666666,20.256410256410255,14.133760683760684,19.527948717948718
14885,724,1.2686666666666668,51.02133333333333,765.3199999999999,1,15,1.0,15.0,1.2686666666666668,724.0,51.02133333333333,765.3199999999999,1.2686666666666668,48.266666666666666,51.02133333333333,51.02133333333333
14886,160,3.1277777777777778,20.266666666666666,364.8,1,18,1.0,18.0,3.1277777777777778,160.0,20.266666666666666,364.8,3.1277777777777778,8.88888888888889,20.266666666666666,20.266666666666666
14887,1100,1.6116666666666666,310.3333333333333,1862.0,1,6,1.0,6.0,1.6116666666666666,1100.0,310.3333333333333,1862.0,1.6116666666666666,183.33333333333334,310.3333333333333,310.3333333333333
14888,184,2.21,18.46,369.2,1,20,1.0,20.0,2.21,184.0,18.46,369.2,2.21,9.2,18.46,18.46
14889,90,2.2600000000000002,13.59,135.9,1,10,1.0,10.0,2.2600000000000002,90.0,13.59,135.9,2.2600000000000002,9.0,13.59,13.59
14890,51,2.9071428571428575,17.95,125.65,1,7,1.0,7.0,2.9071428571428575,51.0,17.95,125.65,2.9071428571428575,7.285714285714286,17.95,17.95
14891,505,1.6524242424242424,16.79939393939394,554.38,2,30,1.1,16.5,1.6287962962962963,252.5,17.071851851851854,277.19,1.6376666666666666,16.833333333333332,17.029333333333334,18.479333333333333
14893,799,3.1345205479452054,16.956849315068496,1237.8500000000001,2,72,1.0138888888888888,36.5,2.9543761140819966,399.5,17.67641265597148,618.925,3.149166666666667,11.097222222222221,16.90347222222222,17.19236111111111
14894,265,2.8395652173913044,28.51086956521739,655.75,1,23,1.0,23.0,2.8395652173913044,265.0,28.51086956521739,655.75,2.8395652173913044,11.521739130434783,28.51086956521739,28.51086956521739
14895,4851,4.1638755020080325,22.366887550200804,11138.710000000001,20,273,1.8241758241758241,24.9,4.429642316442925,242.55,25.22059827850112,556.9355,4.0605128205128205,17.76923076923077,21.79655067155067,40.801135531135536
14896,279,2.397906976744186,10.901627906976746,468.77000000000004,2,43,1.0,21.5,2.4543749999999998,139.5,13.634971590909092,234.38500000000002,2.397906976744186,6.488372093023256,10.901627906976746,10.901627906976746
14897,468,5.067454545454545,24.84327272727273,1366.38,4,43,1.2790697674418605,13.75,5.166922619047619,117.0,24.078801587301587,341.595,4.615348837209303,10.883720930232558,25.570852713178294,31.776279069767444
14898,1020,2.893362068965517,11.237241379310344,1303.52,6,86,1.3488372093023255,19.333333333333332,4.210596926713948,170.0,20.649640661938534,217.25333333333333,3.012325581395349,11.86046511627907,10.92934496124031,15.157209302325581
14901,661,3.1441666666666666,14.805104166666666,1421.29,9,73,1.3150684931506849,10.666666666666666,3.8296903559403557,73.44444444444444,18.54238876863877,157.92111111111112,3.0482876712328766,9.054794520547945,13.621735159817352,19.46972602739726
14902,218,2.773,16.633000000000003,332.66,1,20,1.0,20.0,2.773,218.0,16.633000000000003,332.66,2.773,10.9,16.633000000000003,16.633000000000003
14903,1536,2.7626478873239435,7.917267605633803,2810.63,5,227,1.5638766519823788,71.0,2.8414294979959793,307.2,8.066765705731601,562.126,3.0320704845814976,6.766519823788546,8.03140234948605,12.381629955947137
14904,1985,0.7394202898550725,14.86144927536232,1025.44,2,66,1.0454545454545454,34.5,0.7574661508704061,992.5,15.707775628626692,512.72,0.7487878787878788,30.075757575757574,14.017878787878788,15.536969696969697
14905,287,2.3841176470588237,36.24411764705882,616.15,2,14,1.2142857142857142,8.5,2.3734027777777778,143.5,36.36666666666667,308.07500000000005,2.2985714285714285,20.5,34.260714285714286,44.010714285714286
14907,1691,3.4733939393939393,21.21878787878788,3501.1,7,125,1.32,23.571428571428573,3.1925029652886794,241.57142857142858,21.598831937903366,500.15714285714284,3.4758400000000003,13.528,20.85896,28.0088
14908,132,3.6277777777777778,30.866666666666667,277.8,1,9,1.0,9.0,3.6277777777777778,132.0,30.866666666666667,277.8,3.6277777777777778,14.666666666666666,30.866666666666667,30.866666666666667
14910,238,2.884333333333333,14.478333333333333,434.35,4,25,1.2,7.5,2.3265416666666665,59.5,13.146,108.5875,2.7127999999999997,9.52,13.945799999999998,17.374000000000002
14913,1743,1.2129885057471264,14.108390804597702,1227.43,4,76,1.144736842105263,21.75,1.2569955882352941,435.75,14.443458823529411,306.8575,1.243969298245614,22.93421052631579,13.928026315789474,16.150394736842106
14915,112,3.5516666666666663,25.623333333333335,307.48,2,12,1.0,6.0,3.795,56.0,29.542500000000004,153.74,3.5516666666666663,9.333333333333334,25.623333333333335,25.623333333333335
14916,1136,1.8205194805194806,16.48025974025974,1268.98,4,72,1.0694444444444444,19.25,1.7907175925925927,284.0,16.806059941520466,317.245,1.8581944444444443,15.777777777777779,16.576666666666668,17.62472222222222
14918,675,3.492666666666667,35.781111111111116,1610.15,2,39,1.1538461538461537,22.5,3.4945500000000003,337.5,36.030100000000004,805.075,3.6548717948717946,17.307692307692307,36.671282051282056,41.28589743589744
14920,509,3.765438596491228,17.153859649122808,977.77,2,57,1.0,28.5,3.6554924242424245,254.5,17.118844696969695,488.885,3.765438596491228,8.929824561403509,17.153859649122808,17.153859649122808
14921,953,1.975128205128205,16.872692307692308,1316.07,2,78,1.0,39.0,1.8900905660377358,476.5,16.780162264150945,658.035,1.975128205128205,12.217948717948717,16.872692307692308,16.872692307692308
14923,418,3.445681818181818,17.025000000000002,749.1,1,44,1.0,44.0,3.445681818181818,418.0,17.025000000000002,749.1,3.4456818181818183,9.5,17.025000000000002,17.025000000000002
14924,64,15.665000000000001,31.005000000000003,310.05,1,10,1.0,10.0,15.665000000000001,64.0,31.005000000000003,310.05,15.665000000000001,6.4,31.005000000000003,31.005000000000003
14929,136,2.2572727272727273,20.35272727272727,223.88,1,11,1.0,11.0,2.2572727272727273,136.0,20.35272727272727,223.88,2.2572727272727273,12.363636363636363,20.35272727272727,20.35272727272727
14944,2815,3.006705882352941,34.707352941176474,5900.25,12,101,1.683168316831683,14.166666666666666,2.7747468615755255,234.58333333333334,36.845312794612795,491.6875,3.195907590759076,27.871287128712872,33.70004950495049,58.41831683168317
14946,22,4.683333333333334,33.63333333333333,100.9,1,3,1.0,3.0,4.683333333333334,22.0,33.63333333333333,100.9,4.683333333333334,7.333333333333333,33.63333333333333,33.63333333333333
14947,179,3.084285714285714,20.77285714285714,290.82,2,14,1.0,7.0,3.6425,89.5,22.965,145.41,3.084285714285714,12.785714285714286,20.77285714285714,20.77285714285714
14948,673,2.8057142857142856,17.491587301587302,1101.97,6,56,1.125,10.5,2.565357448107448,112.16666666666667,17.13104822954823,183.66166666666666,2.9694642857142854,12.017857142857142,17.517083333333336,19.678035714285716
14950,136,5.193157894736842,19.53684210526316,371.2,1,19,1.0,19.0,5.193157894736842,136.0,19.53684210526316,371.2,5.193157894736842,7.157894736842105,19.53684210526316,19.53684210526316
14951,311,1.895,15.5845,311.69,1,20,1.0,20.0,1.895,311.0,15.5845,311.69,1.895,15.55,15.5845,15.5845
14952,3355,3.3994202898550725,58.69195652173913,8099.49,11,117,1.1794871794871795,12.545454545454545,3.628754138018844,305.0,65.92707279730074,736.3172727272727,3.3720655270655273,28.675213675213676,55.38393162393162,69.22641025641026
14953,225,2.348181818181818,5.269454545454545,289.82,1,54,1.0185185185185186,55.0,2.348181818181818,225.0,5.269454545454545,289.82,2.314814814814815,4.166666666666667,5.2901851851851855,5.367037037037037
14954,127,3.1749411764705884,3.9549411764705886,336.17,1,75,1.1333333333333333,85.0,3.1749411764705884,127.0,3.9549411764705886,336.17,2.8825333333333334,1.6933333333333334,3.625777777777778,4.482266666666667
14957,34,1.7408333333333335,4.8741666666666665,58.49,1,12,1.0,12.0,1.7408333333333335,34.0,4.8741666666666665,58.49,1.7408333333333335,2.8333333333333335,4.8741666666666665,4.8741666666666665
14958,129,5.850714285714285,11.897142857142857,499.68,3,33,1.2727272727272727,14.0,5.778703703703703,43.0,12.15988425925926,166.56,4.541818181818182,3.909090909090909,9.952171717171717,15.141818181818183
14959,494,1.46,11.786779661016949,695.42,4,37,1.5945945945945945,14.75,1.6962598814229248,123.5,14.409149374176549,173.85500000000002,1.5832432432432433,13.35135135135135,11.348603603603603,18.795135135135137
14960,221,1.8037037037037038,8.195185185185185,221.27,2,23,1.173913043478261,13.5,3.0049,110.5,24.7344,110.63499999999999,1.9991304347826087,9.608695652173912,8.770434782608696,9.620434782608696
14961,3708,2.8973076923076926,22.579102564102566,7044.68,9,193,1.616580310880829,34.666666666666664,2.8793579220130807,412.0,23.790705713878765,782.7422222222223,3.0910621761658033,19.212435233160623,22.882858376511226,36.50093264248705
14962,44,6.540000000000001,25.34,126.7,1,5,1.0,5.0,6.540000000000001,44.0,25.34,126.7,6.540000000000001,8.8,25.34,25.34
14963,1176,2.2753030303030304,7.514141414141414,1487.8,5,149,1.3288590604026846,39.6,2.234411972005689,235.2,8.161963652049776,297.56,2.338201342281879,7.89261744966443,6.085181208053691,9.985234899328859
14964,143,3.4046153846153846,15.862307692307693,206.21,1,13,1.0,13.0,3.4046153846153846,143.0,15.862307692307693,206.21,3.4046153846153846,11.0,15.862307692307693,15.862307692307693
14965,365,2.3681927710843373,7.216867469879518,599.0,2,80,1.0375,41.5,6.272746913580247,182.5,34.05401234567901,299.5,2.4125,4.5625,7.4064375,7.4875
14966,187,1.9507894736842104,5.034736842105263,191.32,1,35,1.0857142857142856,38.0,1.9507894736842104,187.0,5.034736842105263,191.32,1.987714285714286,5.3428571428571425,5.175571428571428,5.466285714285714
14967,140,2.9250000000000003,77.3,463.8,1,6,1.0,6.0,2.9250000000000003,140.0,77.3,463.8,2.9250000000000003,23.333333333333332,77.3,77.3
14968,127,1.9402702702702705,3.988918918918919,147.59,1,37,1.0,37.0,1.9402702702702705,127.0,3.988918918918919,147.59,1.9402702702702705,3.4324324324324325,3.988918918918919,3.988918918918919
14970,250,6.174411764705883,46.825294117647054,1592.06,4,24,1.4166666666666667,8.5,6.487415966386555,62.5,56.579663865546216,398.015,5.9059375,10.416666666666666,37.924375000000005,66.33583333333333
14971,644,3.1020624999999997,6.9785625,1116.57,3,144,1.1111111111111112,53.333333333333336,2.5046860670194,214.66666666666666,7.890710758377426,372.19,3.220486111111111,4.472222222222222,7.314606481481481,7.753958333333333
14972,28,4.947222222222222,6.376111111111111,114.77,1,18,1.0,18.0,4.947222222222222,28.0,6.376111111111111,114.77,4.947222222222222,1.5555555555555556,6.376111111111111,6.376111111111111
14973,369,21.259687500000002,41.0765625,1314.45,3,29,1.103448275862069,10.666666666666666,39.28188095238095,123.0,64.01483333333334,438.15000000000003,17.781724137931032,12.724137931034482,35.45206896551725,45.32586206896552
14974,44,3.467142857142857,5.4471428571428575,114.39,1,17,1.2352941176470589,21.0,3.467142857142857,44.0,5.4471428571428575,114.39,3.135882352941177,2.588235294117647,5.290588235294117,6.728823529411764
14975,380,1.0154545454545454,25.44909090909091,279.94,1,11,1.0,11.0,1.0154545454545454,380.0,25.44909090909091,279.94,1.0154545454545454,34.54545454545455,25.44909090909091,25.44909090909091
14976,234,3.955416666666667,10.984166666666667,790.86,7,47,1.5319148936170213,10.285714285714286,5.443464285714286,33.42857142857143,11.671339285714286,112.98,4.174414893617021,4.9787234042553195,8.914485815602838,16.826808510638298
14978,525,4.517685185185186,8.941759259259259,1931.42,5,136,1.588235294117647,43.2,4.641364981080152,105.0,9.340067767457862,386.284,4.242579656862745,3.860294117647059,8.808541666666668,14.201617647058825
14981,97,1.46,12.765,102.12,1,8,1.0,8.0,1.46,97.0,12.765,102.12,1.46,12.125,12.764999999999999,12.764999999999999
14984,60,4.340731707317073,5.201707317073171,213.27,2,37,1.1081081081081081,20.5,4.495122549019608,30.0,5.388296568627451,106.63499999999999,4.076216216216216,1.6216216216216217,5.03027027027027,5.764054054054054
14985,260,1.9082758620689657,3.410919540229885,296.75,2,78,1.1153846153846154,43.5,1.9323567567567568,130.0,3.572667567567568,148.375,1.9666666666666668,3.3333333333333335,3.366837606837607,3.8044871794871793
14987,128,2.55,81.6,326.4,2,2,2.0,2.0,2.55,64.0,81.6,163.2,2.55,64.0,81.6,163.2
14988,141,2.5467500000000003,8.3635,334.54,1,40,1.0,40.0,2.5467500000000003,141.0,8.3635,334.54,2.5467500000000003,3.525,8.3635,8.3635
14995,103,2.6029508196721314,3.82344262295082,233.23000000000002,2,53,1.150943396226415,30.5,2.6090934684684686,51.5,3.985630630630631,116.61500000000001,2.5870754716981135,1.9433962264150944,3.6537735849056605,4.4005660377358495
14997,1120,0.6265384615384615,21.007692307692306,546.1999999999999,3,25,1.04,8.666666666666666,0.6537037037037037,373.3333333333333,20.985777777777777,182.06666666666663,0.6348,44.8,20.0336,21.848
14998,270,2.4524,5.7316,429.87,2,70,1.0714285714285714,37.5,2.459935064935065,135.0,5.916948051948052,214.935,2.5185714285714287,3.857142857142857,5.648357142857143,6.141
15000,218,2.8345454545454545,6.37038961038961,490.52,1,76,1.013157894736842,77.0,2.8345454545454545,218.0,6.37038961038961,490.52,2.860657894736842,2.8684210526315788,6.437434210526316,6.454210526315789
15002,862,2.5394782608695654,14.276173913043479,1641.76,4,93,1.2365591397849462,28.75,2.614560632427844,215.5,14.145408849745332,410.44,2.3533333333333335,9.268817204301076,13.452876344086022,17.653333333333332
15004,630,3.0956962025316455,7.888101265822784,1246.32,1,154,1.025974025974026,158.0,3.0956962025316455,630.0,7.888101265822784,1246.32,3.0884415584415583,4.090909090909091,7.927077922077922,8.092987012987013
15005,4247,2.3211796246648793,5.6448346738159065,6316.57,28,360,3.1083333333333334,39.964285714285715,2.3531646976406586,151.67857142857142,5.691363698918501,225.5917857142857,2.54819261964887,11.797222222222222,5.212908989897367,17.546027777777777
15006,302,1.9180555555555554,3.486736111111111,502.09,1,121,1.1900826446280992,144.0,1.9180555555555554,302.0,3.486736111111111,502.09,2.017768595041322,2.4958677685950414,3.591887052341598,4.149504132231405
15007,69,3.160833333333333,13.075833333333334,156.91,1,12,1.0,12.0,3.160833333333333,69.0,13.075833333333334,156.91,3.160833333333333,5.75,13.075833333333334,13.075833333333334
15009,642,2.458186813186813,6.932857142857142,1261.78,3,148,1.2297297297297298,60.666666666666664,2.3907466771234143,214.0,8.017132318702057,420.5933333333334,2.514864864864865,4.337837837837838,6.464020270270271,8.52554054054054
15010,184,3.1685000000000003,15.447,308.94,1,20,1.0,20.0,3.1685000000000003,184.0,15.447,308.94,3.1685,9.2,15.447,15.447
15012,231,2.613515625,3.305,423.04,2,110,1.1636363636363636,64.0,2.626178678678679,115.5,3.3365065065065065,211.51999999999998,2.4664545454545457,2.1,3.1498636363636363,3.845818181818182
15014,151,1.7331428571428573,7.433428571428572,260.17,2,29,1.206896551724138,17.5,1.8057291666666666,75.5,21.847291666666667,130.08499999999998,1.8210344827586207,5.206896551724138,6.692931034482759,8.971379310344828
15016,76,4.573,8.501999999999999,170.04,1,20,1.0,20.0,4.573,76.0,8.501999999999999,170.04,4.573,3.8,8.501999999999999,8.501999999999999
15017,63,3.2625,6.279,125.58,1,20,1.0,20.0,3.2625,63.0,6.279,125.58,3.2625,3.15,6.279,6.279
15018,189,6.507419354838709,16.006774193548388,496.21,3,30,1.0333333333333334,10.333333333333334,6.703611111111111,63.0,17.29702380952381,165.40333333333334,6.299333333333333,6.3,15.477833333333335,16.540333333333333
15019,159,2.228285714285714,3.8,266.0,1,64,1.09375,70.0,2.228285714285714,159.0,3.8,266.0,2.1225,2.484375,3.7415625,4.15625
15021,847,2.6127330508474578,4.056822033898305,1914.82,9,287,1.6445993031358885,52.44444444444444,2.7759219433300704,94.11111111111111,4.324345748664987,212.75777777777776,2.4117479674796747,2.951219512195122,3.581877177700348,6.67184668989547
15022,543,2.961037037037037,6.704,905.04,4,96,1.40625,33.75,12.06209105726658,135.75,15.11882730015083,226.26,2.8540625,5.65625,7.108663194444444,9.4275
15023,2871,3.821138790035587,12.104555160142349,6802.76,11,347,1.6195965417867435,51.09090909090909,4.919641439149234,261.0,14.731613770408956,618.4327272727273,3.6925446685878964,8.27377521613833,11.814503362151777,19.60449567723343
15024,920,2.826451612903226,10.718258064516128,1661.33,10,105,1.4761904761904763,15.5,3.1566233029381965,92.0,16.327000658561296,166.133,3.000126984126984,8.761904761904763,9.564377777777779,15.822190476190476
15025,189,2.6869444444444444,5.23625,377.01,1,66,1.0909090909090908,72.0,2.6869444444444444,189.0,5.23625,377.01,2.684242424242424,2.8636363636363638,5.427424242424242,5.712272727272727
15026,285,2.1795081967213115,7.688524590163935,469.0,3,57,1.0701754385964912,20.333333333333332,2.7086031746031747,95.0,10.851761904761906,156.33333333333334,2.0649122807017544,5.0,6.972514619883041,8.228070175438596
15027,565,3.7800000000000002,30.461428571428574,1066.15,4,30,1.1666666666666667,8.75,3.436629901960784,141.25,34.49823529411765,266.5375,3.262777777777778,18.833333333333332,26.298055555555557,35.538333333333334
15028,459,1.9868750000000002,13.065208333333333,627.13,4,35,1.3714285714285714,12.0,2.029196428571429,114.75,16.49080357142857,156.7825,2.0140952380952384,13.114285714285714,11.06004761904762,17.918
15030,372,2.9728571428571433,74.03999999999999,518.28,2,7,1.0,3.5,2.71625,186.0,71.14999999999999,259.14,2.9728571428571433,53.142857142857146,74.03999999999999,74.03999999999999
15031,401,3.165135135135135,6.019279279279279,668.14,4,74,1.5,27.75,3.2421965709728866,100.25,6.009632846320347,167.035,2.869662162162162,5.418918918918919,5.56927927927928,9.028918918918919
15032,2968,1.9057692307692307,95.3673076923077,4959.1,3,29,1.793103448275862,17.333333333333332,3.8403343782654127,989.3333333333334,72.68092998955068,1653.0333333333335,2.0155172413793103,102.34482758620689,92.14913793103447,171.00344827586207
15033,1695,2.0848039215686276,5.071901960784314,2586.67,10,315,1.619047619047619,51.0,1.9937180344868506,169.5,4.982143229944129,258.66700000000003,2.207777777777778,5.380952380952381,5.406849206349206,8.211650793650794
15034,2422,2.9319035532994926,10.935558375634518,4308.61,8,299,1.3177257525083612,49.25,3.0939902215190465,302.75,17.18561237381658,538.57625,2.8319955406911927,8.100334448160535,10.194041248606466,14.410066889632105
15035,245,2.1285185185185185,9.36037037037037,252.73000000000002,1,26,1.0384615384615385,27.0,2.1285185185185185,245.0,9.36037037037037,252.73000000000002,2.066153846153846,9.423076923076923,9.431923076923077,9.720384615384615
15036,327,2.1081102362204724,3.665748031496063,465.55,3,107,1.1869158878504673,42.333333333333336,3.2920996732026144,109.0,8.1293720821662,155.1833333333333,2.137196261682243,3.05607476635514,3.6613395638629282,4.350934579439253
15038,217,4.182769230769231,5.426846153846154,705.49,6,105,1.2380952380952381,21.666666666666668,3.816385449698517,36.166666666666664,7.275132674192112,117.58166666666666,4.011285714285714,2.066666666666667,5.1563333333333325,6.7189523809523815
15039,9209,3.1675565912117176,13.25861517976032,19914.44,47,408,3.6813725490196076,31.95744680851064,3.4961936639425377,195.93617021276594,14.606844510731316,423.7114893617021,3.0137095234607387,22.57107843137255,9.225794992349853,48.80990196078431
15041,104,2.03,2.6917910447761195,180.35,1,66,1.0151515151515151,67.0,2.03,104.0,2.6917910447761195,180.35,2.0543939393939397,1.5757575757575757,2.7262121212121215,2.7325757575757574
15042,30,5.586,27.186,135.93,1,5,1.0,5.0,5.586,30.0,27.186,135.93,5.586,6.0,27.186,27.186
15043,300,1.79,179.0,537.0,1,3,1.0,3.0,1.79,300.0,179.0,537.0,1.79,100.0,179.0,179.0
15044,2795,4.632869757174393,16.998300220750554,7700.2300000000005,17,233,1.944206008583691,26.647058823529413,4.711994746413881,164.41176470588235,17.981977060241253,452.954705882353,3.9042465426800192,11.995708154506438,15.079699570815452,33.048197424892706
15045,114,6.9191666666666665,61.305,735.66,2,11,1.0909090909090908,6.0,7.770625,57.0,70.285,367.83,6.852727272727273,10.363636363636363,58.53272727272727,66.87818181818182
15046,3451,2.780728155339806,25.309563106796116,5213.7699999999995,15,147,1.401360544217687,13.733333333333333,2.721150293512362,230.06666666666666,28.283465277060102,347.5846666666667,2.9303741496598636,23.476190476190474,20.720734126984127,35.4678231292517
15047,222,2.27,15.61909090909091,343.62,1,22,1.0,22.0,2.27,222.0,15.61909090909091,343.62,2.27,10.090909090909092,15.61909090909091,15.61909090909091
15048,195,2.533917525773196,3.959278350515464,384.05,4,86,1.127906976744186,24.25,2.5825180205949656,48.75,3.891655034324943,96.0125,2.5503488372093024,2.2674418604651163,4.063081395348838,4.465697674418605
15049,63,1.83,40.39000000000001,121.17000000000002,1,3,1.0,3.0,1.83,63.0,40.39000000000001,121.17000000000002,1.83,21.0,40.39000000000001,40.39000000000001
15050,1224,2.5871794871794873,22.84730769230769,1782.09,3,68,1.1470588235294117,26.0,2.0233040935672513,408.0,25.210956140350877,594.0300000000001,2.4573529411764703,18.0,22.452598039215687,26.20720588235294
15051,1011,2.2487412587412585,9.731538461538461,1391.61,3,130,1.1,47.666666666666664,2.1913712418300655,337.0,9.526138562091504,463.86999999999995,2.1797692307692307,7.776923076923077,9.815076923076923,10.704692307692309
15052,82,3.5113333333333334,7.192666666666667,215.78,1,27,1.1111111111111112,30.0,3.5113333333333334,82.0,7.192666666666667,215.78,3.5885185185185184,3.037037037037037,7.529814814814815,7.991851851851852
15053,986,1.5770422535211268,9.828028169014084,697.79,3,49,1.4489795918367347,23.666666666666668,1.6063064516129033,328.6666666666667,10.333548387096775,232.59666666666666,1.7191836734693877,20.122448979591837,8.364149659863946,14.240612244897958
15054,198,1.7128070175438597,2.6500000000000004,302.1,2,105,1.0857142857142856,57.0,1.7045442997777074,99.0,2.678993331216259,151.05,1.6967619047619047,1.8857142857142857,2.588619047619048,2.8771428571428572
15057,668,3.5916,59.58,1489.5,2,25,1.0,12.5,5.085,334.0,85.45454545454545,744.75,3.5915999999999997,26.72,59.58,59.58
15058,1069,2.8641666666666667,7.699239130434782,2124.99,11,199,1.3869346733668342,25.09090909090909,2.797354796256664,97.18181818181819,10.077013956519952,193.18090909090907,2.9613065326633166,5.371859296482412,6.2702219430485755,10.678341708542712
15059,604,3.1344725738396626,5.644388185654009,1337.72,9,161,1.4720496894409938,26.333333333333332,3.183733103365628,67.11111111111111,5.937938825053388,148.63555555555556,3.387250517598344,3.751552795031056,5.3300383022774325,8.308819875776397
15060,263,1.7283471074380166,2.5048760330578514,303.09000000000003,4,81,1.4938271604938271,30.25,1.2885310828877006,65.75,2.5659074197860963,75.7725,1.7667901234567902,3.246913580246914,2.587283950617284,3.741851851851852
15061,28920,2.5737468982630274,135.32044665012407,54534.14,48,70,5.757142857142857,8.395833333333334,2.8032457156543504,602.5,122.07425251338573,1136.1279166666666,2.0804282235621523,413.14285714285717,140.1907206756129,779.0591428571429
15062,763,2.061754385964912,17.330877192982456,987.86,4,47,1.2127659574468086,14.25,2.04478021978022,190.75,17.42039418914419,246.965,2.0906382978723403,16.23404255319149,16.071063829787235,21.018297872340426
15063,56,8.57,74.16,370.79999999999995,1,5,1.0,5.0,8.57,56.0,74.16,370.79999999999995,8.569999999999999,11.2,74.16,74.16
15065,1383,5.0849677419354835,20.37503225806452,3158.13,4,148,1.0472972972972974,38.75,4.985091633244206,345.75,20.52449364973262,789.5325,5.148648648648648,9.344594594594595,20.30695945945946,21.338716216216216
15066,317,4.46047619047619,21.275952380952383,893.59,1,42,1.0,42.0,4.46047619047619,317.0,21.275952380952383,893.59,4.46047619047619,7.5476190476190474,21.275952380952383,21.275952380952383
15067,954,3.1621951219512194,21.277560975609756,1744.76,3,82,1.0,27.333333333333332,3.1519079939668173,318.0,22.537941176470586,581.5866666666666,3.1621951219512194,11.634146341463415,21.277560975609756,21.277560975609756
15068,364,2.555769230769231,5.320769230769231,553.36,2,96,1.0833333333333333,52.0,2.7153846153846155,182.0,5.487179487179487,276.67999999999995,2.5968750000000003,3.7916666666666665,5.368333333333333,5.764166666666667
15069,520,4.523428571428571,15.850428571428571,1109.53,1,70,1.0,70.0,4.523428571428571,520.0,15.850428571428571,1109.53,4.523428571428571,7.428571428571429,15.850428571428571,15.850428571428571
15070,36,2.95,106.2,106.2,1,1,1.0,1.0,2.95,36.0,106.2,106.2,2.95,36.0,106.2,106.2
15071,269,4.647692307692308,37.77192307692308,982.07,2,25,1.04,13.0,4.590654761904762,134.5,38.57791666666667,491.0350000000001,4.7676,10.76,38.49080000000001,39.2828
15073,491,2.6588888888888893,19.322407407407407,1043.41,3,31,1.7419354838709677,18.0,2.893636363636363,163.66666666666666,19.108333333333334,347.80333333333334,2.76741935483871,15.838709677419354,19.013870967741934,33.6583870967742
15074,455,2.2104761904761907,17.830238095238094,748.87,1,41,1.024390243902439,42.0,2.2104761904761907,455.0,17.830238095238094,748.87,2.2509756097560976,11.097560975609756,17.943170731707315,18.265121951219513
15075,447,3.312962962962963,28.63074074074074,773.03,1,27,1.0,27.0,3.312962962962963,447.0,28.63074074074074,773.03,3.312962962962963,16.555555555555557,28.63074074074074,28.63074074074074
15076,571,3.0477551020408162,17.976530612244897,880.85,1,49,1.0,49.0,3.0477551020408162,571.0,17.976530612244897,880.85,3.0477551020408162,11.653061224489797,17.976530612244897,17.976530612244897
15078,5105,2.369431818181818,22.14343181818182,9743.11,32,97,4.536082474226804,13.75,2.4772593921193966,159.53125,22.220845922922027,304.4721875,2.686258298789682,52.628865979381445,19.61146892121422,100.44443298969072
15079,389,4.605957446808511,19.055531914893617,895.61,4,46,1.0217391304347827,11.75,12.075720823798628,97.25,34.97692076659039,223.9025,4.598478260869565,8.456521739130435,19.14695652173913,19.469782608695652
15081,190,4.805151515151515,15.296969696969697,504.8,5,26,1.2692307692307692,6.6,4.780722222222222,38.0,15.71763888888889,100.96000000000001,5.181538461538461,7.3076923076923075,14.893846153846154,19.415384615384617
15083,38,6.67,17.64,88.2,1,5,1.0,5.0,6.67,38.0,17.64,88.2,6.67,7.6,17.64,17.64
15087,470,2.036,20.462666666666667,306.94,1,15,1.0,15.0,2.036,470.0,20.462666666666667,306.94,2.036,31.333333333333332,20.462666666666667,20.462666666666667
15088,460,5.27,20.352105263157895,1160.07,2,53,1.0754716981132075,28.5,5.138088235294118,230.0,19.504727941176473,580.0350000000001,5.379056603773584,8.679245283018869,20.71735849056604,21.888113207547168
15089,1359,3.3199310344827584,16.69544827586207,2420.84,6,139,1.0431654676258992,24.166666666666668,3.9920633874981704,226.5,17.365551375694398,403.47333333333336,3.2215107913669065,9.776978417266188,16.37115107913669,17.41611510791367
15090,208,3.5617391304347827,16.57913043478261,381.32,1,23,1.0,23.0,3.5617391304347827,208.0,16.57913043478261,381.32,3.5617391304347827,9.043478260869565,16.57913043478261,16.57913043478261
15091,346,1.9540000000000002,16.023666666666667,480.71,1,30,1.0,30.0,1.9540000000000002,346.0,16.023666666666667,480.71,1.954,11.533333333333333,16.023666666666667,16.023666666666667
15092,135,5.378076923076923,17.608076923076922,457.81,2,23,1.1304347826086956,13.0,5.9917669172932335,67.5,18.122067669172935,228.90500000000003,4.833913043478261,5.869565217391305,17.413478260869564,19.90478260869565
15093,3760,2.7425,42.565000000000005,4597.02,6,52,2.076923076923077,18.0,2.8920089285714283,626.6666666666666,44.23129857690203,766.1700000000001,2.6082756410256414,72.3076923076923,39.79795512820513,88.40423076923078
15095,1079,2.5157446808510637,29.161702127659577,1370.6000000000001,4,30,1.5666666666666667,11.75,3.0448922413793102,269.75,28.639880268199235,342.65,2.5868333333333333,35.96666666666667,28.212666666666667,45.68666666666666
15096,120,3.1118181818181814,19.944545454545455,219.39000000000001,1,11,1.0,11.0,3.1118181818181814,120.0,19.944545454545455,219.39000000000001,3.1118181818181823,10.909090909090908,19.944545454545455,19.944545454545455
15097,170,2.266,9.923200000000001,248.08,1,25,1.0,25.0,2.266,170.0,9.923200000000001,248.08,2.266,6.8,9.923200000000001,9.923200000000001
15098,121,434.65000000000003,13305.5,39916.5,3,1,3.0,1.0,434.65000000000003,40.333333333333336,13305.5,13305.5,434.65000000000003,121.0,13305.5,39916.5
15099,343,2.073478260869565,17.84695652173913,410.48,1,23,1.0,23.0,2.073478260869565,343.0,17.84695652173913,410.48,2.073478260869565,14.91304347826087,17.84695652173913,17.84695652173913
15100,80,10.949999999999998,292.0,876.0,3,1,3.0,1.0,10.949999999999998,26.666666666666668,292.0,292.0,10.949999999999998,80.0,292.0,876.0
15101,241,2.805,39.691250000000004,317.53000000000003,2,8,1.0,4.0,2.805,120.5,39.69125,158.765,2.805,30.125,39.691250000000004,39.691250000000004
15103,329,5.646857142857144,20.096,703.36,2,35,1.0,17.5,6.197255244755245,164.5,20.574825174825175,351.68,5.646857142857144,9.4,20.096,20.096
15104,637,5.425942028985507,14.890434782608697,1027.44,2,66,1.0454545454545454,34.5,5.3653222996515675,318.5,14.650975609756095,513.72,4.902121212121212,9.651515151515152,14.796818181818182,15.567272727272728
15105,1211,2.410792079207921,22.76168316831683,2298.93,7,90,1.1222222222222222,14.428571428571429,2.118592125474978,173.0,23.879198193430792,328.4185714285714,2.427388888888889,13.455555555555556,22.221333333333334,25.543666666666663
15106,1181,2.4882,14.2252,1422.52,5,90,1.1111111111111112,20.0,2.4826681661418504,236.2,14.067199580146948,284.504,2.454,13.122222222222222,14.340444444444445,15.805777777777777
15107,169,5.584375,19.96875,319.5,6,12,1.3333333333333333,2.6666666666666665,6.586111111111111,28.166666666666668,20.573333333333334,53.25,6.5249999999999995,14.083333333333334,19.1875,26.625
15109,131,5.880357142857143,17.319642857142856,484.95,1,28,1.0,28.0,5.880357142857143,131.0,17.319642857142856,484.95,5.880357142857143,4.678571428571429,17.319642857142856,17.319642857142856
15110,246,7.377142857142857,28.46,996.1,4,17,2.0588235294117645,8.75,7.430069444444445,61.5,29.245937500000004,249.025,6.214705882352941,14.470588235294118,27.000980392156862,58.59411764705882
15111,710,3.682380952380952,18.660476190476192,1567.48,3,70,1.2,28.0,3.728301282051282,236.66666666666666,18.964006410256413,522.4933333333333,3.701,10.142857142857142,18.028285714285715,22.39257142857143
15113,2386,2.1344,36.0933,3609.33,3,77,1.2987012987012987,33.333333333333336,2.449972222222222,795.3333333333334,53.86528888888889,1203.11,2.1610389610389613,30.98701298701299,34.40253246753247,46.87441558441559
15114,3096,1.5530964467005075,14.012994923857867,2760.56,10,136,1.4485294117647058,19.7,1.5719973700591348,309.6,13.942418009931245,276.056,1.4406004901960785,22.764705882352942,14.19279411764706,20.298235294117646
15115,157,3.7304761904761907,16.195714285714285,340.11,1,21,1.0,21.0,3.7304761904761907,157.0,16.195714285714285,340.11,3.7304761904761907,7.476190476190476,16.195714285714285,16.195714285714285
15116,648,2.7622222222222224,30.06111111111111,1352.75,4,37,1.2162162162162162,11.25,2.759364316239316,162.0,29.808429487179488,338.1875,2.7683783783783786,17.513513513513512,29.29432432432433,36.560810810810814
15117,1948,2.230632911392405,19.64278481012658,1551.78,5,63,1.253968253968254,15.8,2.110114478114478,389.6,20.9830303030303,310.356,2.1793650793650796,30.92063492063492,17.9584126984127,24.63142857142857
15118,1440,0.17,244.8,244.8,1,1,1.0,1.0,0.17,1440.0,244.8,244.8,0.17,1440.0,244.8,244.8
15119,88,7.728571428571429,19.02857142857143,266.4,1,14,1.0,14.0,7.728571428571429,88.0,19.02857142857143,266.4,7.728571428571429,6.285714285714286,19.02857142857143,19.02857142857143
15120,296,4.91952380952381,17.086666666666666,358.82,1,21,1.0,21.0,4.91952380952381,296.0,17.086666666666666,358.82,4.91952380952381,14.095238095238095,17.086666666666666,17.086666666666666
15121,199,4.226785714285714,16.34714285714286,457.72,2,28,1.0,14.0,4.619722222222222,99.5,16.32711111111111,228.85999999999999,4.226785714285714,7.107142857142857,16.347142857142856,16.347142857142856
15122,800,3.2530487804878048,19.924146341463413,1633.78,3,65,1.2615384615384615,27.333333333333332,3.152175925925926,266.6666666666667,20.109671717171718,544.5933333333334,3.5403589743589743,12.307692307692308,18.679641025641025,25.135076923076923
15123,1195,3.053490566037736,20.748207547169812,2199.31,2,93,1.1397849462365592,53.0,3.053490566037736,597.5,20.748207547169812,1099.655,2.9527956989247315,12.849462365591398,20.358709677419355,23.648494623655914
15124,233,2.2046666666666668,12.279333333333334,184.19,2,14,1.0714285714285714,7.5,2.2155555555555555,116.5,12.828333333333333,92.095,2.2585714285714285,16.642857142857142,11.913571428571428,13.156428571428572
15125,6193,3.3869291338582674,90.77543307086614,11528.48,15,102,1.2450980392156863,8.466666666666667,2.99009298245614,412.8666666666667,101.54157115009747,768.5653333333333,3.475980392156863,60.71568627450981,93.09833333333334,113.02431372549019
15127,251,1.838125,25.408125000000002,406.53000000000003,1,16,1.0,16.0,1.838125,251.0,25.408125000000002,406.53000000000003,1.838125,15.6875,25.408125000000002,25.408125000000002
15128,1343,2.071470588235294,14.42156862745098,1471.0,4,74,1.3783783783783783,25.5,1.9733417508417508,335.75,14.427489177489177,367.75,2.328243243243243,18.14864864864865,14.46810810810811,19.87837837837838
15129,1794,2.905238095238095,41.04047619047619,3447.4,11,54,1.5555555555555556,7.636363636363637,3.1007351032805577,163.0909090909091,63.494179789907065,313.40000000000003,3.23037037037037,33.22222222222222,29.278935185185187,63.84074074074074
15130,197,2.42,15.005,330.11,1,22,1.0,22.0,2.42,197.0,15.005,330.11,2.42,8.954545454545455,15.005,15.005
15132,679,2.062692307692308,18.806346153846157,977.9300000000001,5,49,1.0612244897959184,10.4,2.313228070175439,135.8,25.216842105263158,195.586,2.0124489795918366,13.857142857142858,17.712857142857143,19.957755102040817
15133,680,2.2120689655172416,33.87655172413793,982.42,3,27,1.0740740740740742,9.666666666666666,2.2260714285714287,226.66666666666666,35.583015873015874,327.47333333333336,2.2635802469135804,25.185185185185187,31.111851851851853,36.38592592592593
15134,887,2.300821917808219,19.013561643835615,1387.99,8,44,1.6590909090909092,9.125,2.3527430555555555,110.875,19.731197916666666,173.49875,2.2294318181818182,20.15909090909091,17.537613636363634,31.545227272727274
15135,43,3.5944444444444446,15.450000000000001,139.05,1,9,1.0,9.0,3.5944444444444446,43.0,15.450000000000001,139.05,3.5944444444444446,4.777777777777778,15.450000000000001,15.450000000000001
15136,776,2.0561764705882353,18.92205882352941,1286.7,4,61,1.1147540983606556,17.0,2.0361278975896666,194.0,17.67555741360089,321.675,1.991967213114754,12.721311475409836,18.799180327868854,21.09344262295082
15139,208,1.3546153846153846,13.766153846153847,178.96,2,13,1.0,6.5,1.23975,104.0,13.31725,89.47999999999999,1.3546153846153846,16.0,13.766153846153847,13.766153846153847
15140,1572,2.65775,29.428125,2354.25,7,74,1.0810810810810811,11.428571428571429,2.5181260814349047,224.57142857142858,28.117981675187558,336.32142857142856,2.6829279279279277,21.243243243243242,28.028040540540538,31.81418918918919
15142,365,2.419230769230769,19.182307692307692,498.74,1,26,1.0,26.0,2.419230769230769,365.0,19.182307692307692,498.74,2.419230769230769,14.038461538461538,19.182307692307692,19.182307692307692
15143,150,2.8335714285714286,18.532142857142855,259.45,1,14,1.0,14.0,2.8335714285714286,150.0,18.532142857142855,259.45,2.8335714285714286,10.714285714285714,18.532142857142855,18.532142857142855
15144,3050,2.9005990783410134,30.32460829493088,6580.4400000000005,17,132,1.643939393939394,12.764705882352942,2.8777666006594025,179.41176470588235,31.06467693409102,387.084705882353,2.783611111111111,23.106060606060606,28.35513888888889,49.85181818181819
15145,756,3.413731343283582,17.83179104477612,1194.73,4,54,1.2407407407407407,16.75,3.0109909188034187,189.0,18.3767094017094,298.6825,3.2244444444444444,14.0,17.884814814814813,22.12462962962963
15146,1473,1.5287912087912088,14.584175824175825,1327.16,2,90,1.011111111111111,45.5,1.5928174603174603,736.5,15.423293650793651,663.58,1.5363333333333336,16.366666666666667,14.179555555555556,14.746222222222222
15147,366,2.9839285714285713,22.267857142857142,623.5,1,28,1.0,28.0,2.9839285714285713,366.0,22.267857142857142,623.5,2.9839285714285713,13.071428571428571,22.267857142857142,22.267857142857142
15148,187,2.5355,15.0645,301.29,1,20,1.0,20.0,2.5355,187.0,15.0645,301.29,2.5355,9.35,15.0645,15.0645
15149,128,5.95,22.643478260869568,520.8000000000001,1,23,1.0,23.0,5.95,128.0,22.643478260869568,520.8000000000001,5.95,5.565217391304348,22.643478260869568,22.643478260869568
15150,3658,2.928950437317784,15.494081632653062,5314.47,10,282,1.2163120567375887,34.3,3.452462362502576,365.8,17.33088921596407,531.4469999999999,2.8207801418439717,12.97163120567376,15.307293144208039,18.84563829787234
15152,2704,3.474981549815498,17.511771217712177,4745.69,13,196,1.3826530612244898,20.846153846153847,3.4037832021942305,208.0,17.864692100573084,365.0530769230769,3.4177551020408163,13.795918367346939,17.182414965986396,24.21270408163265
15153,198,4.66590909090909,14.965909090909092,329.25,1,22,1.0,22.0,4.66590909090909,198.0,14.965909090909092,329.25,4.66590909090909,9.0,14.965909090909092,14.965909090909092
15154,104,2.957411764705882,3.487294117647059,296.42,1,66,1.2878787878787878,85.0,2.957411764705882,104.0,3.487294117647059,296.42,3.058181818181818,1.5757575757575757,3.645530303030303,4.491212121212121
15156,597,2.841090909090909,17.481636363636365,961.49,3,51,1.0784313725490196,18.333333333333332,3.049166666666667,199.0,18.9238,320.49666666666667,2.4619607843137254,11.705882352941176,16.94,18.852745098039215
15157,2392,1.84528,15.48856,1936.07,3,125,1.0,41.666666666666664,1.9038994708994708,797.3333333333334,14.687476190476191,645.3566666666667,1.84528,19.136,15.48856,15.48856
15158,198,1.85,57.34285714285715,401.40000000000003,1,7,1.0,7.0,1.85,198.0,57.34285714285715,401.40000000000003,1.8499999999999999,28.285714285714285,57.34285714285715,57.34285714285715
15159,11441,2.844718309859155,26.254943661971833,18641.010000000002,30,363,1.955922865013774,23.666666666666668,4.251803112309961,381.3666666666667,26.792210726248737,621.367,3.2523986619441163,31.517906336088153,25.6991082906992,51.35264462809918
15160,84,1.7475,39.54,158.16,1,4,1.0,4.0,1.7475,84.0,39.54,158.16,1.7475,21.0,39.54,39.54
15163,186,2.437241379310345,10.49896551724138,304.47,2,29,1.0,14.5,2.619078947368421,93.0,11.683421052631578,152.235,2.437241379310345,6.413793103448276,10.49896551724138,10.49896551724138
15164,360,2.9453398058252427,8.18495145631068,843.05,3,79,1.3037974683544304,34.333333333333336,3.3532269503546104,120.0,8.6034140070922,281.01666666666665,3.0660759493670886,4.556962025316456,7.660784810126582,10.671518987341772
15165,160,4.987037037037037,18.064814814814813,487.75,1,27,1.0,27.0,4.987037037037037,160.0,18.064814814814813,487.75,4.987037037037037,5.925925925925926,18.064814814814813,18.064814814814813
15167,67,2.674390243902439,3.975609756097561,163.0,1,39,1.0512820512820513,41.0,2.674390243902439,67.0,3.975609756097561,163.0,2.703846153846154,1.7179487179487178,4.071794871794872,4.17948717948718
15168,52,3.338,21.312,106.56,1,5,1.0,5.0,3.338,52.0,21.312,106.56,3.338,10.4,21.312,21.312
15171,290,3.7700000000000005,257.9,1289.5,1,5,1.0,5.0,3.7700000000000005,290.0,257.9,1289.5,3.7700000000000005,58.0,257.9,257.9
15172,1611,2.087909090909091,14.764090909090909,1624.05,5,106,1.0377358490566038,22.0,1.9874555183946487,322.2,14.706517725752509,324.81,2.095943396226415,15.19811320754717,14.76179245283019,15.321226415094339
15174,145,1.549090909090909,12.340909090909092,135.75,1,11,1.0,11.0,1.549090909090909,145.0,12.340909090909092,135.75,1.549090909090909,13.181818181818182,12.340909090909092,12.340909090909092
15175,454,0.7404347826086957,9.745217391304347,224.14,1,23,1.0,23.0,0.7404347826086957,454.0,9.745217391304347,224.14,0.7404347826086957,19.73913043478261,9.745217391304347,9.745217391304347
15178,30,1.3499999999999999,13.5,40.5,1,3,1.0,3.0,1.3499999999999999,30.0,13.5,40.5,1.3499999999999999,10.0,13.5,13.5
15179,1938,2.6174193548387095,23.730645161290326,2206.9500000000003,5,91,1.021978021978022,18.6,3.2495339366515834,387.6,45.95790826820239,441.39,2.577912087912088,21.296703296703296,23.281868131868134,24.2521978021978
15180,36,3.266666666666667,14.583333333333334,87.5,1,6,1.0,6.0,3.266666666666667,36.0,14.583333333333334,87.5,3.266666666666667,6.0,14.583333333333334,14.583333333333334
15181,544,1.475625,43.0925,689.48,3,11,1.4545454545454546,5.333333333333333,2.622777777777778,181.33333333333334,69.76277777777777,229.82666666666668,1.7536363636363637,49.45454545454545,52.190909090909095,62.68
15182,253,2.9741379310344827,21.477586206896554,622.85,2,24,1.2083333333333333,14.5,2.9816826923076922,126.5,21.28403846153846,311.425,2.94875,10.541666666666666,21.411458333333332,25.952083333333334
15184,223,3.198888888888889,6.456507936507936,406.76,2,59,1.0677966101694916,31.5,3.7839476744186045,111.5,7.875284883720931,203.38,3.0744067796610173,3.7796610169491527,6.129661016949152,6.894237288135593
15185,666,2.3276190476190477,14.791428571428572,310.62,1,21,1.0,21.0,2.3276190476190477,666.0,14.791428571428572,310.62,2.3276190476190477,31.714285714285715,14.791428571428572,14.791428571428572
15186,215,3.38,21.653157894736843,411.41,2,17,1.1176470588235294,9.5,3.459611111111111,107.5,21.582444444444448,205.705,3.583529411764706,12.647058823529411,22.259411764705884,24.20058823529412
15187,1887,3.0318681318681318,52.49648351648352,4777.18,16,61,1.4918032786885247,5.6875,5.3365772569444445,117.9375,98.84684375,298.57375,2.525273224043716,30.934426229508198,38.26617486338798,78.3144262295082
15189,6149,4.361933962264151,76.53485849056604,16225.39,41,80,2.65,5.170731707317073,4.354012630662021,149.97560975609755,87.47996351142083,395.74121951219513,4.980048611111111,76.8625,54.1576443452381,202.817375
15192,918,2.514705882352941,20.47686274509804,1044.32,3,36,1.4166666666666667,17.0,2.758387878787879,306.0,21.922593939393938,348.1066666666666,2.0987037037037037,25.5,17.9125,29.008888888888887
15193,144,6.397368421052631,26.28,499.32,1,19,1.0,19.0,6.397368421052631,144.0,26.28,499.32,6.397368421052631,7.578947368421052,26.28,26.28
15194,5703,2.4091290322580647,24.569451612903226,7616.53,15,209,1.4832535885167464,20.666666666666668,2.602985569437675,380.2,24.712098857797805,507.76866666666666,2.3592360446570972,27.28708133971292,21.50331294144452,36.44272727272727
15195,1404,2.75,3861.0,3861.0,1,1,1.0,1.0,2.75,1404.0,3861.0,3861.0,2.75,1404.0,3861.0,3861.0
15197,469,3.0321875,33.7378125,1079.61,3,30,1.0666666666666667,10.666666666666666,5.766356209150326,156.33333333333334,73.86122549019608,359.87000000000006,3.0959999999999996,15.633333333333333,32.037,35.986999999999995
15198,120,1.875,19.363999999999997,193.64,2,10,1.0,5.0,1.8749999999999998,60.0,19.363999999999997,96.82,1.875,12.0,19.364,19.364
15199,396,4.6,97.5923076923077,1268.7,4,5,2.6,3.25,4.526041666666667,99.0,99.25416666666666,317.175,4.92,79.2,96.94500000000001,253.74
15201,1210,1.6153623188405797,17.92086956521739,1236.54,5,35,1.9714285714285715,13.8,1.6944592363261095,242.0,17.889184210526317,247.308,1.5671428571428572,34.57142857142857,19.8802380952381,35.32971428571428
15203,1753,1.258169014084507,12.871830985915492,1827.8,6,82,1.7317073170731707,23.666666666666668,1.2862195280564845,292.1666666666667,12.926372909698998,304.6333333333333,1.241178861788618,21.378048780487806,13.243130081300814,22.290243902439023
15204,258,2.4044444444444446,35.175555555555555,316.58,1,9,1.0,9.0,2.4044444444444446,258.0,35.175555555555555,316.58,2.4044444444444446,28.666666666666668,35.175555555555555,35.175555555555555
15205,378,3.684594594594594,17.655135135135136,653.24,2,37,1.0,18.5,3.123846153846154,189.0,16.72830128205128,326.62,3.684594594594594,10.216216216216216,17.655135135135136,17.655135135135136
15206,162,2.683333333333333,46.7,420.3,4,3,3.0,2.25,2.75,40.5,39.45,105.07500000000002,2.6833333333333336,54.0,46.70000000000001,140.10000000000002
15208,316,4.873333333333333,20.717142857142857,870.12,5,25,1.68,8.4,4.6975958485958484,63.2,21.1532673992674,174.024,5.1072,12.64,20.750799999999998,34.8048
15210,228,6.341,16.559,331.18,1,20,1.0,20.0,6.341,228.0,16.559,331.18,6.341,11.4,16.559,16.559
15211,240,5.4957692307692305,17.20019230769231,894.4100000000001,2,52,1.0,26.0,5.46152923538231,120.0,17.1438155922039,447.20500000000004,5.495769230769231,4.615384615384615,17.20019230769231,17.20019230769231
15212,36,3.63,20.36,101.8,1,5,1.0,5.0,3.63,36.0,20.36,101.8,3.63,7.2,20.36,20.36
15213,272,1.55375,13.68125,328.35,2,22,1.0909090909090908,12.0,1.6543181818181818,136.0,10.905681818181819,164.17499999999998,1.5336363636363637,12.363636363636363,13.946590909090908,14.925
15214,1254,2.4215454545454547,15.104000000000001,1661.44,8,109,1.0091743119266054,13.75,2.430719065656566,156.75,15.445292027417027,207.68,2.4093577981651375,11.504587155963304,15.036146788990827,15.24256880733945
15215,225,5.166857142857143,20.998285714285714,734.94,3,33,1.0606060606060606,11.666666666666666,7.035555555555557,75.0,20.177222222222223,244.98000000000002,5.3527272727272734,6.818181818181818,20.743636363636366,22.270909090909093
15216,28,4.8,48.3,96.6,1,2,1.0,2.0,4.8,28.0,48.3,96.6,4.8,14.0,48.3,48.3
15218,3329,3.0930120481927714,34.680060240963854,5756.89,11,77,2.155844155844156,15.090909090909092,3.054860048542913,302.6363636363636,48.26931083302886,523.3536363636364,3.2532976190476193,43.23376623376623,29.836244588744588,74.7648051948052
15219,45,9.883333333333333,33.97222222222222,305.75,1,9,1.0,9.0,9.883333333333333,45.0,33.97222222222222,305.75,9.883333333333333,5.0,33.97222222222222,33.97222222222222
15220,1393,2.559059829059829,15.204786324786324,1778.96,6,110,1.0636363636363637,19.5,2.4248587668416506,232.16666666666666,15.566075529186975,296.49333333333334,2.5783636363636364,12.663636363636364,15.127272727272727,16.172363636363638
15221,43,12.709999999999999,80.65,403.25,1,5,1.0,5.0,12.709999999999999,43.0,80.65,403.25,12.709999999999999,8.6,80.65,80.65
15222,440,1.3439999999999999,117.0,585.0,1,5,1.0,5.0,1.3439999999999999,440.0,117.0,585.0,1.3439999999999999,88.0,117.0,117.0
15223,213,4.0865,37.7875,755.75,2,14,1.4285714285714286,10.0,4.256458333333334,106.5,40.96666666666667,377.875,3.9414285714285713,15.214285714285714,34.46071428571428,53.982142857142854
15224,152,3.2135714285714285,23.005714285714284,322.08,2,13,1.0769230769230769,7.0,4.29125,76.0,15.836666666666668,161.04000000000002,2.751153846153846,11.692307692307692,21.777307692307694,24.775384615384613
15225,226,3.45,17.8,409.40000000000003,1,23,1.0,23.0,3.45,226.0,17.8,409.40000000000003,3.45,9.826086956521738,17.8,17.8
15226,71,3.8425,19.30125,154.41,1,8,1.0,8.0,3.8425,71.0,19.30125,154.41,3.8425,8.875,19.30125,19.30125
15227,750,4.578448275862069,21.024137931034485,1219.4,5,43,1.3488372093023255,11.6,4.225528846153846,150.0,20.043303571428574,243.88000000000002,3.6168604651162792,17.441860465116278,19.76046511627907,28.358139534883723
15228,2255,3.18552,27.09368,3386.71,4,110,1.1363636363636365,31.25,3.0108548117039966,563.75,28.340925868741767,846.6775,3.335954545454545,20.5,27.418787878787878,30.788272727272727
15230,351,1.7817391304347827,18.678260869565218,429.6,2,23,1.0,11.5,3.2938636363636364,175.5,38.11363636363637,214.8,1.7817391304347827,15.26086956521739,18.678260869565218,18.678260869565218
15232,686,1.0306451612903225,19.743870967741934,612.06,2,26,1.1923076923076923,15.5,1.0692307692307692,343.0,20.224957264957265,306.03,1.0653846153846154,26.384615384615383,20.27153846153846,23.54076923076923
15234,196,1.682857142857143,14.071428571428571,197.0,1,14,1.0,14.0,1.682857142857143,196.0,14.071428571428571,197.0,1.682857142857143,14.0,14.071428571428571,14.071428571428571
15235,1324,2.9905594405594402,15.716853146853149,2247.51,12,132,1.0833333333333333,11.916666666666666,3.116337557458881,110.33333333333333,16.220403035145683,187.29250000000002,2.937121212121212,10.030303030303031,15.464848484848487,17.02659090909091
15236,269,1.6386666666666665,21.403333333333332,321.05,1,15,1.0,15.0,1.6386666666666665,269.0,21.403333333333332,321.05,1.6386666666666665,17.933333333333334,21.403333333333332,21.403333333333332
15237,1071,2.5204040404040406,14.265858585858584,1412.32,4,94,1.053191489361702,24.75,2.1667986076423578,267.75,13.786504714035964,353.08000000000004,2.567659574468085,11.393617021276595,14.318191489361704,15.02468085106383
15238,692,4.8076,21.4398,1071.99,3,49,1.0204081632653061,16.666666666666668,4.34619127249562,230.66666666666666,21.668096830705526,357.33,4.753673469387755,14.122448979591837,20.701836734693877,21.87734693877551
15239,594,1.9677551020408164,15.930408163265307,780.59,2,48,1.0208333333333333,24.5,1.905640350877193,297.0,16.08597368421053,390.295,1.9472916666666666,12.375,15.709166666666667,16.262291666666666
15240,1369,2.5883333333333334,21.879102564102563,1706.57,5,58,1.3448275862068966,15.6,2.500975,273.8,23.992625,341.314,2.7385632183908046,23.603448275862068,19.518275862068965,29.42362068965517
15241,1818,1.8820000000000001,15.967636363636364,1756.44,8,82,1.3414634146341464,13.75,1.8760009920634921,227.25,15.671491071428571,219.555,1.7757317073170733,22.170731707317074,15.031219512195122,21.42
15243,185,2.4499999999999997,14.394545454545455,316.68,1,22,1.0,22.0,2.4499999999999997,185.0,14.394545454545455,316.68,2.4499999999999997,8.409090909090908,14.394545454545455,14.394545454545455
15244,405,2.3405882352941174,18.57558823529412,631.57,2,31,1.096774193548387,17.0,2.2810877192982457,202.5,18.711070175438596,315.78499999999997,2.1703225806451614,13.064516129032258,17.411935483870966,20.373225806451615
15245,1784,1.8764044943820224,28.267865168539327,2515.84,3,55,1.6181818181818182,29.666666666666668,1.7822009637188208,594.6666666666666,29.450691609977326,838.6133333333333,1.955818181818182,32.43636363636364,24.014181818181818,45.74254545454546
15246,247,2.9833333333333334,15.58030303030303,514.15,2,32,1.03125,16.5,2.862797619047619,123.5,15.563095238095237,257.075,2.996875,7.71875,15.5890625,16.0671875
15247,160,2.0833333333333335,59.333333333333336,356.0,1,6,1.0,6.0,2.0833333333333335,160.0,59.333333333333336,356.0,2.0833333333333335,26.666666666666668,59.333333333333336,59.333333333333336
15249,3577,2.8037142857142854,19.109885714285713,6688.46,13,211,1.6587677725118484,26.923076923076923,2.747358219709613,275.15384615384613,19.494281741659453,514.496923076923,2.8245023696682465,16.95260663507109,17.677349356804335,31.698862559241707
15251,6171,3.865765765765766,94.45936936936937,10484.99,11,97,1.1443298969072164,10.090909090909092,4.314105594405595,561.0,96.06144871794872,953.180909090909,3.5177319587628864,63.618556701030926,96.17262886597939,108.09268041237114
15252,522,2.062727272727273,16.83590909090909,740.78,2,44,1.0,22.0,2.446952380952381,261.0,18.07109523809524,370.39,2.062727272727273,11.863636363636363,16.83590909090909,16.83590909090909
15253,866,1.6766037735849058,17.324528301886794,918.2,5,52,1.0192307692307692,10.6,1.7833664596273295,173.2,18.941288819875776,183.64000000000001,1.6771153846153846,16.653846153846153,17.276923076923076,17.657692307692308
15254,275,2.03,16.686666666666667,300.36,1,18,1.0,18.0,2.03,275.0,16.686666666666667,300.36,2.03,15.277777777777779,16.686666666666667,16.686666666666667
15255,489,2.7510638297872343,18.95425531914894,890.85,1,47,1.0,47.0,2.7510638297872343,489.0,18.95425531914894,890.85,2.7510638297872343,10.404255319148936,18.95425531914894,18.95425531914894
15256,55,1.8166666666666667,16.408333333333335,98.45,1,6,1.0,6.0,1.8166666666666667,55.0,16.408333333333335,98.45,1.8166666666666667,9.166666666666666,16.408333333333335,16.408333333333335
15257,46,30.957142857142856,45.30714285714286,317.15,1,7,1.0,7.0,30.957142857142856,46.0,45.30714285714286,317.15,30.957142857142856,6.571428571428571,45.30714285714286,45.30714285714286
15258,142,5.6376470588235295,18.328235294117647,623.16,2,32,1.0625,17.0,5.644861111111111,71.0,18.406041666666667,311.58000000000004,5.493125,4.4375,18.48,19.47375
15260,885,3.4683116883116885,23.516493506493507,1810.77,7,62,1.2419354838709677,11.0,3.1445802808302807,126.42857142857143,27.838759157509156,258.68142857142857,3.67247311827957,14.274193548387096,22.24521505376344,29.205967741935485
15261,270,1.1994736842105262,13.41157894736842,254.82,1,19,1.0,19.0,1.1994736842105262,270.0,13.41157894736842,254.82,1.1994736842105262,14.210526315789474,13.41157894736842,13.41157894736842
15262,73,3.2950000000000004,17.895000000000003,178.95000000000002,1,10,1.0,10.0,3.2950000000000004,73.0,17.895000000000003,178.95000000000002,3.2950000000000004,7.3,17.895000000000003,17.895000000000003
15263,89,2.9575,13.042499999999999,156.51,1,12,1.0,12.0,2.9575,89.0,13.042499999999999,156.51,2.9575,7.416666666666667,13.042499999999999,13.042499999999999
15264,265,2.31,17.11913043478261,393.74,1,23,1.0,23.0,2.31,265.0,17.11913043478261,393.74,2.31,11.521739130434783,17.11913043478261,17.11913043478261
15265,612,4.574390243902439,18.36731707317073,1506.1200000000001,2,76,1.0789473684210527,41.0,4.55229761904762,306.0,18.40254761904762,753.06,4.381052631578947,8.052631578947368,17.985131578947367,19.817368421052635
15266,18,6.75,19.883333333333333,119.3,1,6,1.0,6.0,6.75,18.0,19.883333333333333,119.3,6.75,3.0,19.883333333333333,19.883333333333333
15267,944,1.8354545454545452,156.12363636363636,1717.36,5,8,1.375,2.2,1.5706,188.8,127.5904,343.472,2.06,118.0,180.34,214.67
15269,26,74.975,204.4,408.8,1,2,1.0,2.0,74.975,26.0,204.4,408.8,74.975,13.0,204.4,204.4
15270,1521,6.593658536585365,58.03634146341463,2379.49,7,22,1.8636363636363635,5.857142857142857,12.836346371882085,217.28571428571428,75.97648242630386,339.9271428571428,9.960757575757576,69.13636363636364,49.50772727272727,108.15863636363638
15271,1262,2.7365328467153285,9.149890510948905,2507.07,15,184,1.4891304347826086,18.266666666666666,3.1776854146165947,84.13333333333334,13.738464908894684,167.138,2.9723097826086957,6.858695652173913,8.719433876811594,13.62538043478261
15272,310,4.119047619047619,11.45936507936508,721.94,2,63,1.0,31.5,4.075138888888889,155.0,11.41101851851852,360.97,4.119047619047619,4.920634920634921,11.45936507936508,11.45936507936508
15274,619,2.0589361702127658,15.246170212765959,716.57,2,44,1.0681818181818181,23.5,2.067836363636364,309.5,15.238436363636364,358.285,2.018636363636364,14.068181818181818,15.000454545454545,16.285681818181818
15275,498,3.257073170731707,15.003414634146342,615.14,1,41,1.0,41.0,3.257073170731707,498.0,15.003414634146342,615.14,3.257073170731707,12.146341463414634,15.003414634146342,15.003414634146342
15276,64,2.4048076923076924,2.602115384615385,135.31,1,49,1.0612244897959184,52.0,2.4048076923076924,64.0,2.602115384615385,135.31,2.415714285714286,1.3061224489795917,2.6251020408163264,2.7614285714285716
15277,205,1.7708333333333333,21.325,255.89999999999998,1,12,1.0,12.0,1.7708333333333333,205.0,21.325,255.89999999999998,1.7708333333333333,17.083333333333332,21.325,21.325
15279,189,3.8610526315789473,15.29,290.51,1,19,1.0,19.0,3.8610526315789473,189.0,15.29,290.51,3.8610526315789473,9.947368421052632,15.29,15.29
15280,154,0.804375,7.07,113.12,1,16,1.0,16.0,0.804375,154.0,7.07,113.12,0.804375,9.625,7.069999999999999,7.069999999999999
15281,1211,3.9148201438848917,16.778057553956835,2332.15,9,121,1.1487603305785123,15.444444444444445,3.8422159544159538,134.55555555555554,18.049020227920227,259.1277777777778,3.805123966942149,10.008264462809917,16.345702479338843,19.27396694214876
15286,55,4.45,80.18333333333334,240.55,1,3,1.0,3.0,4.45,55.0,80.18333333333334,240.55,4.45,18.333333333333332,80.18333333333334,80.18333333333334
15287,433,2.559,24.3345,486.69,2,17,1.1764705882352942,10.0,2.5793333333333335,216.5,25.937000000000005,243.34500000000003,2.2858823529411763,25.470588235294116,25.410882352941176,28.628823529411765
15288,775,3.3252272727272727,26.210454545454546,2306.52,5,80,1.1,17.6,3.790216625310174,155.0,29.817782023711054,461.304,3.2002499999999996,9.6875,24.799937500000002,28.8315
15289,1008,1.2341379310344827,16.20310344827586,939.78,3,43,1.3488372093023255,19.333333333333332,1.2704349667271628,336.0,18.354083484573504,313.26,1.1322093023255815,23.441860465116278,15.550465116279069,21.855348837209302
15290,4501,3.2506862745098037,38.93735294117647,7943.22,18,93,2.193548387096774,11.333333333333334,2.9818947009780343,250.05555555555554,35.62527892815818,441.29,2.9857437275985665,48.39784946236559,43.804982078853044,85.41096774193548
15291,2103,5.093495145631068,45.32330097087379,4668.3,15,62,1.6612903225806452,6.866666666666666,6.9518936988936995,140.2,78.67598581048581,311.22,5.565201612903226,33.91935483870968,40.290282258064515,75.29516129032258
15292,56,4.6328,7.2376,180.94,1,24,1.0416666666666667,25.0,4.6328,56.0,7.2376,180.94,4.7195833333333335,2.3333333333333335,7.432916666666666,7.539166666666667
15296,1766,3.4776288659793813,18.932268041237116,3672.86,6,137,1.416058394160584,32.333333333333336,4.260166895820089,294.3333333333333,16.880575503809677,612.1433333333333,3.214014598540146,12.89051094890511,18.592615571776157,26.809197080291973
15297,292,2.7343589743589742,16.46,641.94,3,30,1.3,13.0,2.708482142857143,97.33333333333333,16.486957671957672,213.98000000000002,2.602,9.733333333333333,16.828666666666667,21.398000000000003
15298,3116,2.3919270833333335,24.999479166666664,4799.9,12,115,1.6695652173913043,16.0,2.3869486348074584,259.6666666666667,101.67487295079648,399.9916666666666,2.0383623188405795,27.095652173913045,26.566898550724638,41.73826086956522
15299,2948,88.51571428571428,643.8585714285715,4507.01,7,7,1.0,1.0,88.51571428571428,421.14285714285717,643.8585714285715,643.8585714285715,88.51571428571428,421.14285714285717,643.8585714285715,643.8585714285715
15300,292,2.862142857142857,17.73,496.44,1,28,1.0,28.0,2.862142857142857,292.0,17.73,496.44,2.862142857142857,10.428571428571429,17.73,17.73
15301,2775,3.0046090534979424,20.865637860082305,5070.35,12,167,1.4550898203592815,20.25,3.1525984244332945,231.25,71.17938365219801,422.5291666666667,2.764311377245509,16.61676646706587,21.67372255489022,30.361377245508983
15303,248,3.8406451612903227,18.516774193548386,574.02,1,31,1.0,31.0,3.8406451612903227,248.0,18.516774193548386,574.02,3.8406451612903227,8.0,18.516774193548386,18.516774193548386
15304,104,7.467391304347826,30.191304347826087,694.4,8,8,2.875,2.875,9.161666666666667,13.0,38.12197916666667,86.8,5.8625,13.0,22.806250000000002,86.80000000000001
15306,810,2.6510344827586207,20.24741379310345,1174.3500000000001,3,57,1.0175438596491229,19.333333333333332,2.6155979314802846,270.0,20.926888601594484,391.45,2.587894736842105,14.210526315789474,20.273684210526316,20.602631578947367
15307,37,6.745833333333334,17.108333333333334,205.3,1,12,1.0,12.0,6.745833333333334,37.0,17.108333333333334,205.3,6.745833333333334,3.0833333333333335,17.108333333333334,17.108333333333334
15308,175,4.0336842105263155,16.340526315789475,310.47,1,19,1.0,19.0,4.0336842105263155,175.0,16.340526315789475,310.47,4.0336842105263155,9.210526315789474,16.340526315789475,16.340526315789475
15311,38194,2.506036149642707,25.543463640184953,60767.9,91,567,4.195767195767195,26.142857142857142,2.552174909299604,419.7142857142857,27.025803654963035,667.7791208791209,2.5365023927759585,67.3615520282187,19.479043595148486,107.17442680776014
15312,516,2.3721276595744683,19.677659574468084,924.85,4,42,1.119047619047619,11.75,2.386650641025641,129.0,19.449815705128206,231.2125,2.366825396825397,12.285714285714286,17.946428571428573,22.020238095238096
15313,25,2.08,52.0,52.0,1,1,1.0,1.0,2.08,25.0,52.0,52.0,2.08,25.0,52.0,52.0
15314,313,1.71375,13.665416666666667,327.97,1,24,1.0,24.0,1.71375,313.0,13.665416666666667,327.97,1.71375,13.041666666666666,13.665416666666667,13.665416666666667
15315,862,0.8824324324324324,15.41891891891892,570.5,2,35,1.0571428571428572,18.5,0.9014880952380953,431.0,15.320982142857144,285.25,0.85,24.62857142857143,15.305714285714284,16.3
15316,100,1.65,165.0,165.0,1,1,1.0,1.0,1.65,100.0,165.0,165.0,1.65,100.0,165.0,165.0
15318,642,0.5857575757575758,9.473333333333333,312.62,1,33,1.0,33.0,0.5857575757575758,642.0,9.473333333333333,312.62,0.5857575757575758,19.454545454545453,9.473333333333333,9.473333333333333
15319,175,3.24125,12.78125,204.5,1,16,1.0,16.0,3.24125,175.0,12.78125,204.5,3.24125,10.9375,12.78125,12.78125
15320,326,3.0636111111111113,7.420277777777778,267.13,1,36,1.0,36.0,3.0636111111111113,326.0,7.420277777777778,267.13,3.0636111111111113,9.055555555555555,7.420277777777778,7.420277777777778
15321,1181,3.425684210526316,28.92957894736842,2748.31,3,83,1.144578313253012,31.666666666666668,3.813039717348928,393.6666666666667,31.745835769980506,916.1033333333334,3.447951807228916,14.228915662650602,29.19746987951807,33.11216867469879
15322,416,3.1121428571428575,16.18285714285714,679.68,1,42,1.0,42.0,3.1121428571428575,416.0,16.18285714285714,679.68,3.1121428571428575,9.904761904761905,16.18285714285714,16.18285714285714
15325,232,1.089591836734694,3.3120408163265305,162.29,1,47,1.0425531914893618,49.0,1.089591836734694,232.0,3.3120408163265305,162.29,1.0891489361702127,4.9361702127659575,3.3535106382978723,3.452978723404255
15326,386,1.4520689655172414,10.748620689655171,311.71,1,29,1.0,29.0,1.4520689655172414,386.0,10.748620689655171,311.71,1.4520689655172414,13.310344827586206,10.748620689655171,10.748620689655171
15327,116,4.397,20.875,208.75,1,10,1.0,10.0,4.397,116.0,20.875,208.75,4.397,11.6,20.875,20.875
15329,486,3.6938596491228073,18.41578947368421,1049.7,3,51,1.1176470588235294,19.0,3.9826175213675215,162.0,18.714540598290597,349.90000000000003,3.4843137254901957,9.529411764705882,17.869117647058825,20.58235294117647
15330,1312,0.5607692307692308,54.99692307692307,714.9599999999999,2,10,1.3,6.5,0.5722499999999999,656.0,59.481,357.48,0.5660000000000001,131.2,60.012,71.496
15333,344,2.96375,64.285,1028.56,1,16,1.0,16.0,2.96375,344.0,64.285,1028.56,2.96375,21.5,64.285,64.285
15334,274,1.4963636363636361,3.5522222222222224,351.67,3,67,1.4776119402985075,33.0,1.5140642209607726,91.33333333333333,3.572485620416655,117.22333333333334,1.6955223880597015,4.08955223880597,3.6485447761194028,5.248805970149254
15335,80,2.816388888888889,4.8325,173.97,1,34,1.0588235294117647,36.0,2.816388888888889,80.0,4.8325,173.97,2.835,2.3529411764705883,4.951323529411765,5.116764705882353
15339,416,2.373953488372093,6.675232558139536,574.07,2,77,1.1168831168831168,43.0,2.3689322493224934,208.0,6.6581219512195124,287.03499999999997,2.3007792207792206,5.402597402597403,6.843116883116883,7.455454545454546
15341,812,2.9717647058823533,118.85411764705883,2020.52,1,17,1.0,17.0,2.9717647058823533,812.0,118.85411764705883,2020.52,2.9717647058823533,47.76470588235294,118.85411764705883,118.85411764705883
15342,283,2.368333333333333,16.920416666666668,406.09000000000003,1,24,1.0,24.0,2.368333333333333,283.0,16.920416666666668,406.09000000000003,2.368333333333333,11.791666666666666,16.920416666666668,16.920416666666668
15343,84,6.39047619047619,17.357142857142858,364.5,1,21,1.0,21.0,6.39047619047619,84.0,17.357142857142858,364.5,6.39047619047619,4.0,17.357142857142858,17.357142857142858
15344,116,7.559230769230769,21.69,563.94,3,21,1.2380952380952381,8.666666666666666,8.891307189542482,38.666666666666664,25.972189542483658,187.98,6.58047619047619,5.523809523809524,19.351111111111113,26.854285714285716
15345,81,7.730499999999999,19.677,393.54,1,20,1.0,20.0,7.730499999999999,81.0,19.677,393.54,7.730500000000001,4.05,19.677,19.677
15346,144,2.5700000000000003,14.848235294117648,252.42000000000002,1,17,1.0,17.0,2.5700000000000003,144.0,14.848235294117648,252.42000000000002,2.57,8.470588235294118,14.848235294117648,14.848235294117648
15347,130,2.2700000000000005,40.32000000000001,201.60000000000002,1,5,1.0,5.0,2.2700000000000005,130.0,40.32000000000001,201.60000000000002,2.2700000000000005,26.0,40.32000000000001,40.32000000000001
15348,84,2.1133333333333333,17.56,158.04,1,9,1.0,9.0,2.1133333333333333,84.0,17.56,158.04,2.1133333333333333,9.333333333333334,17.56,17.56
15349,327,2.9402777777777778,6.580694444444444,473.81,2,65,1.1076923076923078,36.0,3.0491666666666664,163.5,7.5384166666666665,236.905,3.036153846153846,5.030769230769231,6.437076923076923,7.289384615384615
15350,51,2.6700000000000004,23.130000000000003,115.65,1,5,1.0,5.0,2.6700000000000004,51.0,23.130000000000003,115.65,2.6700000000000004,10.2,23.130000000000003,23.130000000000003
15351,753,2.8291555555555554,8.711599999999999,1960.11,7,157,1.4331210191082802,32.142857142857146,3.05436184428794,107.57142857142857,12.046575824132754,280.0157142857143,2.849628450106157,4.796178343949045,7.013795116772823,12.484777070063695
15353,343,3.312857142857143,12.333650793650794,777.02,2,59,1.0677966101694916,31.5,3.6233823529411766,171.5,17.547867647058823,388.51,3.183220338983051,5.813559322033898,11.832542372881356,13.169830508474575
15355,45,6.114285714285715,19.789285714285715,277.05,2,9,1.5555555555555556,7.0,6.135416666666667,22.5,20.45729166666667,138.525,5.983333333333333,5.0,18.102777777777778,30.783333333333335
15356,1673,1.9985356454720618,5.330443159922929,2766.5,10,215,2.4139534883720932,51.9,2.005589455829388,167.3,5.41961985397966,276.65,1.896922480620155,7.78139534883721,4.659429955703211,12.867441860465116
15358,7050,1.9899274047186934,15.149183303085302,8347.2,22,292,1.8869863013698631,25.045454545454547,2.1463358760566966,320.45454545454544,15.688119570122838,379.41818181818184,1.8441617742987604,24.143835616438356,15.110309849967386,28.586301369863016
15360,223,2.3515384615384614,32.917692307692306,427.93,1,13,1.0,13.0,2.3515384615384614,223.0,32.917692307692306,427.93,2.3515384615384614,17.153846153846153,32.917692307692306,32.917692307692306
15361,336,1.3442857142857143,59.84571428571429,418.92,1,7,1.0,7.0,1.3442857142857143,336.0,59.84571428571429,418.92,1.3442857142857143,48.0,59.84571428571429,59.84571428571429
15363,144,2.9875000000000003,20.375,326.0,1,16,1.0,16.0,2.9875000000000003,144.0,20.375,326.0,2.9875,9.0,20.375,20.375
15364,493,1.9779310344827585,31.489310344827587,913.19,2,29,1.0,14.5,2.555320512820513,246.5,66.48057692307692,456.595,1.9779310344827585,17.0,31.489310344827587,31.489310344827587
15365,1084,3.088421052631579,20.301052631578948,2314.32,7,65,1.7538461538461538,16.285714285714285,2.5903559059987633,154.85714285714286,18.8345304576376,330.6171428571428,3.1081538461538463,16.676923076923078,19.78292307692308,35.60492307692308
15366,621,2.4736363636363636,13.69340909090909,602.51,2,37,1.1891891891891893,22.0,2.64625,310.5,13.498611111111112,301.255,2.4121621621621623,16.783783783783782,13.634324324324325,16.284054054054053
15367,1057,2.9531578947368424,19.764105263157898,1877.5900000000001,4,91,1.043956043956044,23.75,3.866190134099617,264.25,21.42173850574713,469.39750000000004,3.0166483516483513,11.615384615384615,19.934725274725274,20.632857142857144
15368,230,3.56,111.73500000000001,446.94000000000005,1,4,1.0,4.0,3.56,230.0,111.73500000000001,446.94000000000005,3.5599999999999996,57.5,111.73500000000001,111.73500000000001
15370,830,3.799255319148936,25.383510638297874,2386.05,7,65,1.4461538461538461,13.428571428571429,5.4838935052281785,118.57142857142857,43.39080080727943,340.86428571428576,3.0004615384615385,12.76923076923077,20.810410256410258,36.70846153846154
15372,2924,0.8248148148148148,74.34814814814816,2007.4,1,27,1.0,27.0,0.8248148148148148,2924.0,74.34814814814816,2007.4,0.8248148148148148,108.29629629629629,74.34814814814816,74.34814814814816
15373,500,5.201363636363637,18.302348484848483,2415.91,12,74,1.7837837837837838,11.0,7.267526084274343,41.666666666666664,24.22997473417607,201.32583333333332,4.452229729729729,6.756756756756757,12.408648648648649,32.64743243243243
15374,126,3.8166666666666664,56.0,168.0,1,3,1.0,3.0,3.8166666666666664,126.0,56.0,168.0,3.8166666666666664,42.0,56.0,56.0
15376,619,2.8952991452991452,10.541538461538462,1233.3600000000001,3,100,1.17,39.0,3.286681820172557,206.33333333333334,11.721389918100995,411.11999999999995,2.7623,6.19,10.4417,12.3336
15379,2305,2.5399484536082473,19.089123711340207,3703.29,7,145,1.3379310344827586,27.714285714285715,2.6688711638314437,329.2857142857143,18.214428164834057,529.0414285714286,2.4144942528735633,15.89655172413793,18.578977011494253,25.53993103448276
15380,376,6.140555555555555,46.95166666666667,1690.26,5,22,1.6363636363636365,7.2,5.729916666666666,75.2,85.33955952380953,338.052,5.107651515151515,17.09090909090909,39.66712121212121,76.83
15381,171,6.2,74.60625,596.85,2,8,1.0,4.0,18.521428571428572,85.5,177.43928571428572,298.425,6.2,21.375,74.60625,74.60625
15382,4012,2.4367549668874173,19.7208940397351,5955.71,6,193,1.5647668393782384,50.333333333333336,2.11059291156781,668.6666666666666,17.966362723736708,992.6183333333333,2.5105354058721936,20.787564766839377,19.39864421416235,30.85860103626943
15384,596,1.8617073170731706,15.668536585365853,642.41,2,34,1.2058823529411764,20.5,1.8627619047619048,298.0,15.656869047619047,321.205,2.073529411764706,17.529411764705884,16.160882352941176,18.894411764705882
15385,161,2.22,26.406666666666666,316.88,1,12,1.0,12.0,2.22,161.0,26.406666666666666,316.88,2.22,13.416666666666666,26.406666666666666,26.406666666666666
15386,446,1.3864516129032256,12.714193548387096,394.14,1,31,1.0,31.0,1.3864516129032256,446.0,12.714193548387096,394.14,1.3864516129032258,14.387096774193548,12.714193548387096,12.714193548387096
15389,400,1.25,500.0,500.0,1,1,1.0,1.0,1.25,400.0,500.0,500.0,1.25,400.0,500.0,500.0
15392,1277,2.1430952380952384,18.280119047619046,1535.53,4,74,1.135135135135135,21.0,2.153017543859649,319.25,18.455163157894738,383.8825,2.139864864864865,17.256756756756758,18.15641891891892,20.750405405405406
15393,150,1.5783333333333334,19.32166666666667,231.86,2,10,1.2,6.0,1.683125,75.0,21.22625,115.93,1.474,15.0,18.146,23.186
15394,910,3.2396470588235293,25.68870588235294,2183.54,4,54,1.5740740740740742,21.25,3.132426120448179,227.5,25.21941491596639,545.885,3.3610030864197533,16.85185185185185,24.647499999999997,40.43592592592592
15395,17,6.542857142857143,15.35,107.45,1,7,1.0,7.0,6.542857142857143,17.0,15.35,107.45,6.542857142857144,2.4285714285714284,15.35,15.35
15396,122,3.599285714285714,20.584285714285716,288.18,1,14,1.0,14.0,3.599285714285714,122.0,20.584285714285716,288.18,3.599285714285714,8.714285714285714,20.584285714285716,20.584285714285716
15397,20,4.933333333333334,15.666666666666666,94.0,1,6,1.0,6.0,4.933333333333334,20.0,15.666666666666666,94.0,4.933333333333334,3.3333333333333335,15.666666666666666,15.666666666666666
15398,769,2.694794520547945,18.43191780821918,1345.53,2,60,1.2166666666666666,36.5,2.6769774436090223,384.5,18.42033834586466,672.765,2.7515,12.816666666666666,17.97175,22.4255
15399,611,1.9098,16.3154,815.77,3,45,1.1111111111111112,16.666666666666668,1.9485315904139435,203.66666666666666,16.50286274509804,271.92333333333335,1.8986666666666667,13.577777777777778,16.081555555555557,18.12822222222222
15400,390,2.1041666666666665,59.68333333333334,716.2,5,10,1.2,2.4,2.1073333333333335,78.0,65.23400000000001,143.24,2.3150000000000004,39.0,63.8,71.62
15402,694,3.5076190476190474,14.923095238095238,626.77,2,35,1.2,21.0,3.307142857142857,347.0,14.509821428571428,313.385,3.443714285714286,19.82857142857143,13.499571428571429,17.907714285714285
15405,193,3.6,43.6375,349.1,1,8,1.0,8.0,3.6,193.0,43.6375,349.1,3.6,24.125,43.6375,43.6375
15406,254,3.2645283018867928,9.636037735849058,510.71000000000004,2,51,1.0392156862745099,26.5,3.4477441860465117,127.0,15.854604651162791,255.35500000000002,3.139607843137255,4.980392156862745,9.31294117647059,10.013921568627453
15407,558,3.8966666666666665,6.90483660130719,1056.44,4,142,1.0774647887323943,38.25,6.59515977443609,139.5,13.603286581839214,264.11,4.012781690140845,3.9295774647887325,7.002781690140845,7.439718309859155
15408,106,4.476176470588236,7.858235294117647,267.18,1,34,1.0,34.0,4.476176470588236,106.0,7.858235294117647,267.18,4.476176470588236,3.1176470588235294,7.858235294117647,7.858235294117647
15410,1200,3.8858196721311473,28.285573770491805,3450.84,8,48,2.5416666666666665,15.25,3.861583150997553,150.0,28.153802442123094,431.355,4.1198958333333335,25.0,30.256614583333334,71.8925
15411,530,4.114242424242424,13.726060606060607,1358.88,4,86,1.1511627906976745,24.75,4.1428219696969695,132.5,15.31714015151515,339.72,3.9111627906976745,6.162790697674419,13.77389534883721,15.80093023255814
15412,108,3.471,19.053,190.53,1,10,1.0,10.0,3.471,108.0,19.053,190.53,3.471,10.8,19.053,19.053
15414,443,3.2115384615384617,19.86923076923077,774.9000000000001,3,37,1.054054054054054,13.0,3.4019444444444447,147.66666666666666,16.984861111111112,258.3,3.0824324324324324,11.972972972972974,19.77972972972973,20.943243243243245
15415,575,1.7456250000000002,11.933541666666668,572.8100000000001,1,46,1.0434782608695652,48.0,1.7456250000000002,575.0,11.933541666666668,572.8100000000001,1.8004347826086955,12.5,12.00108695652174,12.452391304347827
15416,2090,3.266666666666667,20.75166666666667,3984.32,4,165,1.1636363636363636,48.0,3.2118829956229145,522.5,20.962981187665008,996.08,3.180727272727273,12.666666666666666,19.69340404040404,24.14739393939394
15417,284,1.8735714285714287,18.17142857142857,508.8,1,28,1.0,28.0,1.8735714285714287,284.0,18.17142857142857,508.8,1.8735714285714287,10.142857142857142,18.17142857142857,18.17142857142857
15419,230,1.3112499999999998,16.9825,135.86,1,8,1.0,8.0,1.3112499999999998,230.0,16.9825,135.86,1.3112499999999998,28.75,16.982499999999998,16.982499999999998
15421,500,2.674150943396226,17.93132075471698,950.36,4,40,1.325,13.25,2.3968976449275363,125.0,18.195276268115943,237.59,2.805375,12.5,17.21275,23.759
15422,38,3.016666666666667,16.283333333333335,97.7,2,6,1.0,3.0,3.0166666666666666,19.0,16.283333333333335,48.85,3.016666666666667,6.333333333333333,16.283333333333335,16.283333333333335
15423,101,3.93,21.75,43.5,1,2,1.0,2.0,3.93,101.0,21.75,43.5,3.93,50.5,21.75,21.75
15424,554,1.7388235294117649,22.54941176470588,383.34,2,17,1.0,8.5,1.7131250000000002,277.0,22.615000000000002,191.67000000000002,1.7388235294117647,32.588235294117645,22.54941176470588,22.54941176470588
15426,674,2.6877739726027396,4.956815068493151,1447.39,5,217,1.3456221198156681,58.4,2.7168946139069186,134.8,4.9382873564443095,289.47799999999995,2.5091397849462367,3.1059907834101383,4.305841013824884,6.670000000000001
15427,1013,2.1190522875816993,4.84686274509804,1483.14,3,233,1.3133047210300428,102.0,2.252155749717105,337.6666666666667,5.203837330958874,494.37999999999994,2.159570815450644,4.347639484978541,5.069045064377683,6.365407725321889
15428,102,1.8633333333333333,15.63,93.78,1,6,1.0,6.0,1.8633333333333333,102.0,15.63,93.78,1.8633333333333333,17.0,15.63,15.63
15429,380,2.0679268292682926,4.845731707317073,397.35,2,77,1.0649350649350648,41.0,2.1647021276595746,190.0,4.789887537993922,198.675,2.0664935064935066,4.935064935064935,4.963636363636364,5.16038961038961
15432,65,2.909,17.119000000000003,171.19000000000003,1,10,1.0,10.0,2.909,65.0,17.119000000000003,171.19000000000003,2.909,6.5,17.119,17.119
15433,534,1.2573170731707317,13.00731707317073,533.3,2,40,1.025,20.5,1.3828181818181817,267.0,13.51339393939394,266.65,1.2475,13.35,12.919999999999998,13.3325
15434,647,3.250181818181818,18.936,1041.48,5,40,1.375,11.0,3.092722222222222,129.4,18.9645,208.296,2.886916666666667,16.175,19.363666666666667,26.037
15435,54,3.7351724137931037,5.147931034482759,149.29,1,29,1.0,29.0,3.7351724137931037,54.0,5.147931034482759,149.29,3.7351724137931037,1.8620689655172413,5.147931034482759,5.147931034482759
15436,613,2.1387841945288755,3.4119452887537993,1122.53,3,243,1.353909465020576,109.66666666666667,2.1336175778034776,204.33333333333334,3.3611228758374225,374.1766666666667,2.2257201646090534,2.522633744855967,3.6722235939643344,4.619465020576132
15437,79,2.845333333333333,4.4479999999999995,200.16,1,44,1.0227272727272727,45.0,2.845333333333333,79.0,4.4479999999999995,200.16,2.8952272727272725,1.7954545454545454,4.526931818181819,4.549090909090909
15438,59,3.5376,6.263199999999999,156.57999999999998,1,25,1.0,25.0,3.5376,59.0,6.263199999999999,156.57999999999998,3.5376,2.36,6.2632,6.2632
15440,197,2.338709677419355,6.188387096774194,383.68,3,50,1.24,20.666666666666668,2.355388888888889,65.66666666666667,6.826333333333333,127.89333333333333,2.2226,3.94,5.4622,7.6736
15442,120,4.95,297.0,594.0,1,2,1.0,2.0,4.95,120.0,297.0,594.0,4.95,60.0,297.0,297.0
15443,1663,2.966649214659686,8.473586387434555,3236.91,7,237,1.6118143459915613,54.57142857142857,3.0877201023181557,237.57142857142858,8.629687274374007,462.4157142857143,3.173143459915612,7.0168776371308015,8.903605836849508,13.657848101265822
15444,764,2.800821917808219,6.476073059360731,1418.26,2,191,1.1465968586387434,109.5,2.661333616780045,382.0,6.038937074829931,709.1299999999999,2.8885340314136125,4.0,6.592757417102967,7.425445026178011
15445,58,5.55,22.7,113.5,1,5,1.0,5.0,5.55,58.0,22.7,113.5,5.55,11.6,22.7,22.7
15447,85,3.121111111111111,17.241111111111113,155.17000000000002,1,9,1.0,9.0,3.121111111111111,85.0,17.241111111111113,155.17000000000002,3.121111111111111,9.444444444444445,17.241111111111113,17.241111111111113
15448,232,3.5778571428571424,17.665714285714284,494.64,1,28,1.0,28.0,3.5778571428571424,232.0,17.665714285714284,494.64,3.5778571428571424,8.285714285714286,17.665714285714284,17.665714285714284
15449,812,1.901166666666667,16.242,974.52,3,47,1.2765957446808511,20.0,1.8822152600170503,270.6666666666667,16.377588235294116,324.84,1.8255319148936169,17.27659574468085,16.214468085106382,20.734468085106382
15450,376,2.1726666666666667,14.328,429.84,1,30,1.0,30.0,2.1726666666666667,376.0,14.328,429.84,2.1726666666666667,12.533333333333333,14.328,14.328
15452,283,2.589827586206897,9.28844827586207,538.73,3,47,1.2340425531914894,19.333333333333332,2.365211024978467,94.33333333333333,15.034444444444446,179.57666666666668,2.6523404255319147,6.0212765957446805,9.393900709219858,11.462340425531915
15453,845,2.5453146853146853,4.854440559440559,1388.37,7,169,1.6923076923076923,40.857142857142854,2.580864618461565,120.71428571428571,4.779226177530555,198.3385714285714,2.622603550295858,5.0,4.773929980276134,8.215207100591718
15454,86,2.782,7.164,179.1,1,23,1.0869565217391304,25.0,2.782,86.0,7.164,179.1,2.9152173913043478,3.739130434782609,7.0804347826086955,7.78695652173913
15456,660,1.605,7.453666666666667,447.22,3,48,1.25,20.0,1.5596843501326259,220.0,6.4379292661361625,149.07333333333335,1.7084374999999998,13.75,7.367395833333333,9.317083333333334
15457,132,1.8825862068965518,4.087413793103448,237.07,1,56,1.0357142857142858,58.0,1.8825862068965518,132.0,4.087413793103448,237.07,1.8748214285714284,2.357142857142857,4.120892857142857,4.233392857142857
15458,156,1.2242857142857144,23.09142857142857,161.64,1,7,1.0,7.0,1.2242857142857144,156.0,23.09142857142857,161.64,1.2242857142857144,22.285714285714285,23.09142857142857,23.09142857142857
15460,109,2.828275862068965,3.7372413793103445,216.76,1,53,1.0943396226415094,58.0,2.828275862068965,109.0,3.7372413793103445,216.76,2.920566037735849,2.056603773584906,3.753018867924528,4.089811320754717
15462,172,1.55,21.327272727272728,234.6,3,9,1.2222222222222223,3.6666666666666665,1.5166666666666666,57.333333333333336,23.2,78.2,1.5722222222222222,19.11111111111111,22.200000000000003,26.066666666666666
15463,106,1.8557142857142856,18.02,126.14,1,7,1.0,7.0,1.8557142857142856,106.0,18.02,126.14,1.8557142857142856,15.142857142857142,18.02,18.02
15464,350,4.210891719745223,6.680573248407643,1048.85,1,155,1.0129032258064516,157.0,4.210891719745223,350.0,6.680573248407643,1048.85,4.2381290322580645,2.2580645161290325,6.739677419354839,6.766774193548388
15465,1257,6.698762886597938,75.82082474226804,7354.62,18,43,2.255813953488372,5.388888888888889,6.8036128747795415,69.83333333333333,92.78920502645502,408.59,6.677199335548172,29.232558139534884,45.1233942414175,171.03767441860464
15466,246,1.9087719298245613,5.868947368421052,334.53,1,56,1.0178571428571428,57.0,1.9087719298245613,246.0,5.868947368421052,334.53,1.9276785714285716,4.392857142857143,5.935803571428571,5.97375
15467,310,2.2582692307692307,10.093846153846155,524.88,3,41,1.2682926829268293,17.333333333333332,2.6657606837606838,103.33333333333333,10.568484330484331,174.96,2.571788617886179,7.560975609756097,10.177560975609756,12.801951219512196
15468,155,4.485833333333333,19.479583333333334,467.51,2,24,1.0,12.0,7.099130434782609,77.5,19.680652173913042,233.755,4.485833333333333,6.458333333333333,19.479583333333334,19.479583333333334
15469,153,6.004166666666666,22.43958333333333,538.55,2,24,1.0,12.0,6.989062499999999,76.5,24.15,269.275,6.004166666666666,6.375,22.43958333333333,22.43958333333333
15471,266,1.9992207792207792,6.097142857142857,469.48,1,67,1.1492537313432836,77.0,1.9992207792207792,266.0,6.097142857142857,469.48,2.020746268656717,3.970149253731343,6.406417910447762,7.007164179104478
15472,251,2.2892105263157894,4.888947368421053,371.56,1,76,1.0,76.0,2.2892105263157894,251.0,4.888947368421053,371.56,2.2892105263157894,3.3026315789473686,4.888947368421053,4.888947368421053
15473,672,2.659090909090909,161.01818181818183,1771.2,7,4,2.75,1.5714285714285714,2.607142857142857,96.0,157.20000000000002,253.02857142857144,2.8499999999999996,168.0,166.55,442.8
15475,319,1.8268965517241378,15.65896551724138,454.11,1,29,1.0,29.0,1.8268965517241378,319.0,15.65896551724138,454.11,1.8268965517241378,11.0,15.65896551724138,15.65896551724138
15478,585,3.5232608695652172,31.33521739130435,1441.42,2,34,1.3529411764705883,23.0,3.5172916666666665,292.5,31.193579545454547,720.71,3.6935294117647057,17.205882352941178,29.88308823529412,42.394705882352945
15482,5020,3.8308163265306123,112.80571428571427,11054.96,12,46,2.130434782608696,8.166666666666666,6.421538207163207,418.3333333333333,102.84103718966219,921.2466666666666,4.010905797101449,109.1304347826087,101.48434782608695,240.32521739130434
15483,295,1.6330681818181818,2.656931818181818,233.81,4,74,1.1891891891891893,22.0,1.8973762626262625,73.75,2.9775292508417506,58.4525,1.670945945945946,3.9864864864864864,2.771216216216216,3.1595945945945947
15484,3152,2.175478723404255,19.118670212765956,3594.31,4,135,1.3925925925925926,47.0,1.9650885707135708,788.0,23.14373283998284,898.5775,2.275679012345679,23.348148148148148,17.802716049382717,26.624518518518517
15485,1306,3.181627906976744,29.941860465116278,2575.0,3,59,1.4576271186440677,28.666666666666668,3.288337377822716,435.3333333333333,29.29446680148298,858.3333333333334,2.794745762711864,22.135593220338983,27.150310734463275,43.644067796610166
15488,73,8.03,45.660000000000004,91.32000000000001,1,2,1.0,2.0,8.03,73.0,45.660000000000004,91.32000000000001,8.03,36.5,45.660000000000004,45.660000000000004
15489,608,2.978,22.6856,1134.28,3,47,1.0638297872340425,16.666666666666668,2.8100805152979063,202.66666666666666,25.962061191626407,378.0933333333333,3.0351063829787237,12.936170212765957,21.74,24.133617021276596
15491,1646,3.89538961038961,20.130454545454548,3100.09,6,108,1.4259259259259258,25.666666666666668,3.2028699368264584,274.3333333333333,25.190005972288578,516.6816666666667,4.254158950617284,15.24074074074074,17.841141975308645,28.70453703703704
15492,483,2.5388571428571427,18.841714285714286,659.46,2,32,1.09375,17.5,2.0844642857142857,241.5,20.975357142857142,329.73,2.6253125,15.09375,18.01125,20.608125
15493,560,4.442053872053872,6.74006734006734,2001.8,5,177,1.6779661016949152,59.4,4.379713193349591,112.0,6.763891285102436,400.36,4.405649717514124,3.1638418079096047,6.621068738229756,11.30960451977401
15494,1148,2.39016,10.39384,1299.23,2,120,1.0416666666666667,62.5,2.6955497542997544,574.0,8.72786547911548,649.615,2.3993333333333333,9.566666666666666,10.455458333333333,10.826916666666667
15497,624,3.5933333333333333,84.14666666666668,1262.2,2,13,1.1538461538461537,7.5,3.6799999999999997,312.0,77.69,631.1,3.1076923076923078,48.0,83.86923076923077,97.0923076923077
15498,6105,3.17880859375,26.00859375,13316.4,27,360,1.4222222222222223,18.962962962962962,3.468895867581538,226.11111111111111,31.5936897396082,493.2,2.944827314814815,16.958333333333332,22.51734837962963,36.99
15500,572,4.561323529411765,16.640588235294118,1131.56,4,64,1.0625,17.0,4.601875,143.0,16.410994318181817,282.89,4.05890625,8.9375,16.4853125,17.680625
15502,4236,19.689953051643194,48.75553990610329,10384.93,12,164,1.298780487804878,17.75,276.1838254478304,353.0,297.2670519993947,865.4108333333334,8.61010162601626,25.829268292682926,36.91024390243902,63.32274390243903
15503,74,2.053142857142857,2.1012857142857144,147.09,1,66,1.0606060606060606,70.0,2.053142857142857,74.0,2.1012857142857144,147.09,2.085909090909091,1.121212121212121,2.1369696969696967,2.2286363636363635
15504,33,2.2315384615384617,4.063846153846153,52.83,1,13,1.0,13.0,2.2315384615384617,33.0,4.063846153846153,52.83,2.2315384615384617,2.5384615384615383,4.063846153846153,4.063846153846153
15505,2390,2.352061855670103,37.22639175257732,3610.96,5,90,1.0777777777777777,19.4,3.018443539219401,478.0,50.67259189086776,722.192,2.229222222222222,26.555555555555557,35.61888888888889,40.12177777777778
15506,848,1.7823170731707318,5.971097560975609,979.26,3,121,1.3553719008264462,54.666666666666664,1.799356488200828,282.6666666666667,6.076100427350428,326.42,1.8928374655647382,7.008264462809917,5.85668044077135,8.093057851239669
15507,162,4.053260869565217,10.703478260869565,492.36,1,41,1.1219512195121952,46.0,4.053260869565217,162.0,10.703478260869565,492.36,3.9439024390243897,3.951219512195122,10.62951219512195,12.008780487804879
15508,440,3.392608695652174,10.8725,1000.27,6,78,1.1794871794871795,15.333333333333334,3.5513387968714056,73.33333333333333,11.967211582700713,166.71166666666667,3.1934615384615386,5.641025641025641,10.432564102564102,12.82397435897436
15510,2,125.0,250.0,250.0,1,1,1.0,1.0,125.0,2.0,250.0,250.0,125.0,2.0,250.0,250.0
15511,271,3.9933750000000003,5.6826875,909.23,5,117,1.3675213675213675,32.0,4.2377822603121515,54.2,6.002407120958752,181.846,3.904871794871795,2.3162393162393164,5.499608262108262,7.771196581196581
15512,68,1.95,17.285714285714285,121.0,2,7,1.0,3.5,1.825,34.0,18.333333333333336,60.5,1.9499999999999997,9.714285714285714,17.285714285714285,17.285714285714285
15513,5709,4.107370129870129,47.9162987012987,14758.22,19,183,1.6830601092896176,16.210526315789473,3.984509605199356,300.4736842105263,48.32845284324785,776.7484210526316,4.195154826958106,31.19672131147541,47.8513752276867,80.64601092896176
15514,2160,2.3592134831460676,23.255393258426967,4139.46,11,96,1.8541666666666667,16.181818181818183,2.3672812036448403,196.36363636363637,40.66888583386311,376.31454545454545,2.1078645833333334,22.5,21.617394593253973,43.119375
15516,27,2.7786666666666666,4.162,62.43,3,15,1.0,5.0,2.284102564102564,9.0,6.225384615384615,20.81,2.7786666666666666,1.8,4.162,4.162
15517,293,1.807777777777778,9.889999999999999,267.03,1,27,1.0,27.0,1.807777777777778,293.0,9.889999999999999,267.03,1.807777777777778,10.851851851851851,9.889999999999999,9.889999999999999
15518,1273,2.4641588785046733,9.076869158878505,1942.45,8,135,1.5851851851851853,26.75,3.09709155144616,159.125,10.366932221435086,242.80625,2.6684444444444444,9.42962962962963,8.692145061728395,14.388518518518518
15520,314,1.7244444444444444,19.083333333333332,343.5,1,18,1.0,18.0,1.7244444444444444,314.0,19.083333333333332,343.5,1.7244444444444444,17.444444444444443,19.083333333333332,19.083333333333332
15521,1836,3.418594594594594,16.217297297297296,3000.2,8,116,1.5948275862068966,23.125,8.439733011740765,229.5,34.94124572873868,375.025,4.083850574712644,15.827586206896552,15.489942528735632,25.863793103448273
15522,573,0.9498245614035088,6.99719298245614,398.84,2,47,1.2127659574468086,28.5,0.8352380952380953,286.5,7.725380952380952,199.42,1.04468085106383,12.191489361702128,6.569148936170213,8.48595744680851
15523,132,3.6310000000000002,41.20100000000001,412.01000000000005,1,10,1.0,10.0,3.6310000000000002,132.0,41.20100000000001,412.01000000000005,3.6310000000000002,13.2,41.20100000000001,41.20100000000001
15524,4,110.0,440.0,440.0,1,1,1.0,1.0,110.0,4.0,440.0,440.0,110.0,4.0,440.0,440.0
15525,416,2.703258426966292,4.64,825.92,3,133,1.3383458646616542,59.333333333333336,2.5677510288065846,138.66666666666666,4.775035196014728,275.3066666666667,2.576390977443609,3.1278195488721803,4.74015664160401,6.209924812030075
15526,24,5.494999999999999,37.11,148.44,2,4,1.0,2.0,6.9799999999999995,12.0,31.37333333333333,74.22,5.494999999999999,6.0,37.11,37.11
15527,992,3.3190797546012267,14.906625766871167,2429.78,8,127,1.2834645669291338,20.375,3.562535533910534,124.0,18.00790634018759,303.7225,2.9429265091863517,7.811023622047244,12.765793963254593,19.13212598425197
15528,123,2.6076923076923078,8.820384615384615,229.33,1,26,1.0,26.0,2.6076923076923078,123.0,8.820384615384615,229.33,2.6076923076923078,4.730769230769231,8.820384615384615,8.820384615384615
15529,3496,1.7170982142857145,5.945282738095238,3995.23,11,415,1.619277108433735,61.09090909090909,1.8054227916314167,317.8181818181818,8.012928589182591,363.20272727272726,1.661037751004016,8.42409638554217,5.934851004016064,9.627060240963855
15530,950,2.843518518518519,13.91064814814815,1502.3500000000001,4,90,1.2,27.0,2.934031911375661,237.5,15.85708912037037,375.5875,2.8302222222222224,10.555555555555555,14.04662962962963,16.692777777777778
15531,1105,3.037982456140351,8.804561403508773,2007.44,2,196,1.163265306122449,114.0,2.967456247456248,552.5,10.246890516890517,1003.72,3.0232653061224495,5.637755102040816,8.906173469387756,10.242040816326531
15532,521,3.8781640625,6.1755078125,1580.93,4,205,1.248780487804878,64.0,3.886141712314871,130.25,6.273323087847434,395.2325,3.9298943089430893,2.5414634146341464,6.013487804878049,7.711853658536586
15533,289,4.041927710843374,9.729759036144578,807.57,3,73,1.1369863013698631,27.666666666666668,4.142128982128982,96.33333333333333,9.887202797202796,269.19,4.0517808219178075,3.958904109589041,9.872990867579908,11.062602739726026
15535,143,4.692666666666667,7.152,536.4,4,55,1.3636363636363635,18.75,4.428397297297297,35.75,11.102763288288289,134.10000000000002,4.694727272727272,2.6,6.778363636363636,9.752727272727272
15537,29,3.862083333333333,4.621666666666667,110.92,1,24,1.0,24.0,3.862083333333333,29.0,4.621666666666667,110.92,3.862083333333333,1.2083333333333333,4.621666666666667,4.621666666666667
15539,410,1.343658536585366,13.133170731707319,538.46,1,41,1.0,41.0,1.343658536585366,410.0,13.133170731707319,538.46,1.343658536585366,10.0,13.133170731707319,13.133170731707319
15540,200,1.7133333333333334,14.22,213.3,1,15,1.0,15.0,1.7133333333333334,200.0,14.22,213.3,1.7133333333333334,13.333333333333334,14.22,14.22
15541,49,2.0941379310344828,2.9355172413793107,85.13000000000001,1,29,1.0,29.0,2.0941379310344828,49.0,2.9355172413793107,85.13000000000001,2.0941379310344828,1.6896551724137931,2.9355172413793107,2.9355172413793107
15543,86,2.1992857142857143,4.566428571428571,127.86,1,26,1.0769230769230769,28.0,2.1992857142857143,86.0,4.566428571428571,127.86,2.3030769230769232,3.3076923076923075,4.7215384615384615,4.917692307692308
15544,3109,1.5977992277992277,13.693861003861004,3546.71,9,122,2.122950819672131,28.77777777777778,1.6002626523862833,345.44444444444446,13.83006607134589,394.0788888888889,1.5401092896174864,25.483606557377048,13.647834699453552,29.071393442622952
15545,163,2.6919753086419753,3.613827160493827,292.71999999999997,2,78,1.0384615384615385,40.5,2.747251612903226,81.5,3.756641935483871,146.36,2.619871794871795,2.08974358974359,3.577179487179487,3.752820512820513
15547,4032,2.6033048433048434,7.058176638176638,4954.84,14,441,1.5918367346938775,50.142857142857146,3.4711996765322053,288.0,7.820877907441572,353.9171428571429,2.604244142101285,9.142857142857142,7.287160727783176,11.23546485260771
15549,698,3.284173913043478,14.724,1693.26,3,104,1.1057692307692308,38.333333333333336,3.005936990954147,232.66666666666666,12.359729433103434,564.42,3.3147115384615384,6.711538461538462,15.327499999999999,16.281346153846155
15550,295,2.803934426229508,9.43655737704918,575.63,4,43,1.4186046511627908,15.25,2.768120098039216,73.75,9.842129901960785,143.9075,2.616627906976744,6.8604651162790695,7.752441860465117,13.386744186046512
15551,218,3.9306896551724138,15.036551724137931,436.06,1,29,1.0,29.0,3.9306896551724138,218.0,15.036551724137931,436.06,3.9306896551724138,7.517241379310345,15.036551724137931,15.036551724137931
15552,60,1.7841176470588236,5.301176470588236,90.12,1,17,1.0,17.0,1.7841176470588236,60.0,5.301176470588236,90.12,1.7841176470588236,3.5294117647058822,5.301176470588236,5.301176470588236
15553,451,2.4103571428571433,7.807678571428572,437.23,1,51,1.0980392156862746,56.0,2.4103571428571433,451.0,7.807678571428572,437.23,2.2613725490196077,8.843137254901961,7.93686274509804,8.573137254901962
15554,74,4.810714285714285,15.514285714285714,217.2,1,14,1.0,14.0,4.810714285714285,74.0,15.514285714285714,217.2,4.810714285714285,5.285714285714286,15.514285714285714,15.514285714285714
15555,4439,1.6966740823136819,5.345016685205784,4805.17,16,401,2.2418952618453867,56.1875,2.16313071418339,277.4375,6.702667046879185,300.323125,1.8401828761429757,11.069825436408978,5.861726487353046,11.982967581047381
15556,236,1.7899999999999998,9.024838709677418,279.77,1,31,1.0,31.0,1.7899999999999998,236.0,9.024838709677418,279.77,1.7899999999999998,7.612903225806452,9.024838709677418,9.024838709677418
15557,219,3.5595,23.6825,473.65000000000003,1,16,1.25,20.0,3.5595,219.0,23.6825,473.65000000000003,3.5412500000000002,13.6875,26.1396875,29.603125000000002
15561,267,4.274814814814815,29.65148148148148,800.5899999999999,4,27,1.0,6.75,4.195693993506493,66.75,24.329650974025974,200.1475,4.274814814814815,9.88888888888889,29.651481481481483,29.651481481481483
15562,39,3.45,134.55,134.55,1,1,1.0,1.0,3.45,39.0,134.55,134.55,3.45,39.0,134.55,134.55
15563,1501,1.883362831858407,12.393274336283186,1400.44,4,88,1.2840909090909092,28.25,1.4344272727272727,375.25,11.50837840909091,350.11,1.915,17.056818181818183,12.375852272727274,15.914090909090909
15565,60,4.56625,21.645000000000003,173.16000000000003,2,8,1.0,4.0,4.56625,30.0,21.645000000000003,86.58000000000001,4.56625,7.5,21.645000000000003,21.645000000000003
15567,223,3.2357142857142853,26.572857142857142,186.01,1,7,1.0,7.0,3.2357142857142853,223.0,26.572857142857142,186.01,3.2357142857142853,31.857142857142858,26.572857142857142,26.572857142857142
15568,461,2.5564150943396227,14.307358490566036,758.29,3,27,1.962962962962963,17.666666666666668,2.5871323529411767,153.66666666666666,14.434933823529411,252.76333333333332,2.6908641975308645,17.074074074074073,13.696296296296296,28.084814814814813
15569,666,2.165161290322581,44.377741935483876,1375.71,5,27,1.1481481481481481,6.2,2.3675571428571427,133.2,134.17095714285716,275.142,2.1081481481481483,24.666666666666668,28.78925925925926,50.952222222222225
15570,2067,3.6973993808049537,12.896346749226007,4165.52,12,231,1.3982683982683983,26.916666666666668,3.98538727441219,172.25,13.584766320369836,347.1266666666667,3.5864935064935066,8.948051948051948,12.633795093795094,18.032554112554113
15571,264,2.701578947368421,11.411052631578949,650.4300000000001,4,47,1.2127659574468086,14.25,2.67282474078341,66.0,19.92618879608295,162.60750000000002,2.436595744680851,5.617021276595745,8.324627659574467,13.838936170212767
15572,1229,3.6436279069767443,11.873767441860466,2552.86,7,166,1.2951807228915662,30.714285714285715,4.692521886024882,175.57142857142858,12.838521018382538,364.69428571428574,3.9564759036144577,7.403614457831325,12.521004016064257,15.378674698795182
15573,363,2.8558653846153845,5.840865384615385,607.45,2,88,1.1818181818181819,52.0,2.826532738095238,181.5,5.716443452380952,303.725,2.7495454545454545,4.125,5.948409090909092,6.9028409090909095
15574,349,2.5163690476190474,4.180059523809524,702.25,4,131,1.282442748091603,42.0,3.345926525699253,87.25,6.251511739011739,175.5625,2.6341221374045802,2.66412213740458,4.245826972010178,5.3606870229007635
15576,404,3.5811111111111114,20.903777777777776,940.67,1,43,1.0465116279069768,45.0,3.5811111111111114,404.0,20.903777777777776,940.67,3.65,9.395348837209303,21.427209302325583,21.876046511627905
15577,89,3.0605128205128205,6.637948717948718,258.88,3,39,1.0,13.0,3.64765350877193,29.666666666666668,7.008366228070176,86.29333333333334,3.0605128205128205,2.282051282051282,6.637948717948718,6.637948717948718
15578,52,2.3884615384615384,9.776923076923076,127.1,1,13,1.0,13.0,2.3884615384615384,52.0,9.776923076923076,127.1,2.3884615384615384,4.0,9.776923076923078,9.776923076923078
15579,120,4.046666666666667,6.835294117647059,348.6,2,45,1.1333333333333333,25.5,4.038215384615385,60.0,6.818461538461538,174.3,3.793111111111111,2.6666666666666665,6.614444444444444,7.746666666666667
15581,286,22.55167785234899,24.69778523489933,3679.9700000000003,13,134,1.1119402985074627,11.461538461538462,229.52012348435878,22.0,231.14406460206462,283.0746153846154,10.153532338308457,2.1343283582089554,12.335677860696519,27.462462686567164
15582,453,2.3970454545454545,15.52068181818182,682.9100000000001,3,39,1.1282051282051282,14.666666666666666,2.5631872294372293,151.0,16.156103896103897,227.63666666666668,2.2851282051282054,11.615384615384615,15.152820512820513,17.510512820512822
15584,314,3.0995121951219513,5.895203252032521,725.11,4,89,1.3820224719101124,30.75,2.9531195999503623,78.5,5.980564736609428,181.2775,3.404157303370787,3.5280898876404496,6.22625468164794,8.147303370786517
15585,320,2.2641935483870967,14.687096774193549,455.3,1,31,1.0,31.0,2.2641935483870967,320.0,14.687096774193549,455.3,2.2641935483870967,10.32258064516129,14.687096774193549,14.687096774193549
15587,312,2.9166666666666665,101.52,913.68,4,3,3.0,2.25,2.91125,78.0,99.84,228.42000000000002,3.035,104.0,96.48,304.56
15589,243,3.6893103448275864,16.50103448275862,478.53,3,28,1.0357142857142858,9.666666666666666,2.7779166666666666,81.0,20.62875,159.51,3.7764285714285712,8.678571428571429,16.554642857142856,17.090357142857144
15592,354,1.5645833333333334,16.190833333333334,388.58,1,24,1.0,24.0,1.5645833333333334,354.0,16.190833333333334,388.58,1.5645833333333332,14.75,16.190833333333334,16.190833333333334
15593,60,3.3299999999999996,39.96,199.8,1,5,1.0,5.0,3.3299999999999996,60.0,39.96,199.8,3.3299999999999996,12.0,39.96,39.96
15594,983,3.1589320388349513,17.201747572815535,1771.78,5,85,1.2117647058823529,20.6,3.147869696969697,196.6,17.629207575757576,354.35600000000005,3.032235294117647,11.564705882352941,17.13029411764706,20.844470588235293
15596,561,4.183246753246753,18.267402597402597,1406.59,5,51,1.5098039215686274,15.4,4.927124649859944,112.2,16.524410014005603,281.318,3.6366666666666667,11.0,16.76968954248366,27.58019607843137
15597,279,1.6090909090909091,14.753181818181817,324.57,1,22,1.0,22.0,1.6090909090909091,279.0,14.753181818181817,324.57,1.6090909090909091,12.681818181818182,14.753181818181817,14.753181818181817
15598,160,2.5564285714285715,17.19142857142857,240.68,1,14,1.0,14.0,2.5564285714285715,160.0,17.19142857142857,240.68,2.5564285714285715,11.428571428571429,17.19142857142857,17.19142857142857
15599,718,1.8890384615384617,14.648846153846154,761.74,2,50,1.04,26.0,1.8345802098950525,359.0,14.540839580209894,380.87,1.9392000000000003,14.36,14.93,15.2348
15601,4983,2.6858536585365855,16.52819512195122,6776.56,14,230,1.7826086956521738,29.285714285714285,2.56907977635137,355.92857142857144,16.673970222906185,484.04,3.0754057971014492,21.66521739130435,17.610947826086957,29.46330434782609
15602,1137,2.409782608695652,28.214565217391307,1297.8700000000001,9,30,1.5333333333333334,5.111111111111111,2.3493571428571425,126.33333333333333,36.879777777777775,144.20777777777778,2.6403333333333334,37.9,23.025333333333332,43.26233333333334
15603,96,0.505,24.240000000000002,48.480000000000004,1,2,1.0,2.0,0.505,96.0,24.240000000000002,48.480000000000004,0.505,48.0,24.240000000000002,24.240000000000002
15604,159,1.543529411764706,12.728823529411766,216.39000000000001,1,17,1.0,17.0,1.543529411764706,159.0,12.728823529411766,216.39000000000001,1.543529411764706,9.352941176470589,12.728823529411766,12.728823529411766
15605,441,4.588358208955224,17.88402985074627,1198.23,5,61,1.098360655737705,13.4,4.784285943468296,88.2,18.88472857142857,239.64600000000002,4.551967213114755,7.229508196721311,18.089016393442623,19.64311475409836
15606,892,3.7179220779220774,37.92415584415584,2920.16,9,48,1.6041666666666667,8.555555555555555,3.707446208112875,99.11111111111111,38.794177248677244,324.4622222222222,3.5188194444444445,18.583333333333332,34.55833333333333,60.836666666666666
15607,202,1.1753846153846153,8.05846153846154,104.76,1,13,1.0,13.0,1.1753846153846153,202.0,8.05846153846154,104.76,1.1753846153846153,15.538461538461538,8.05846153846154,8.05846153846154
15608,714,3.255666666666667,18.228,1093.68,4,59,1.0169491525423728,15.0,2.028830409356725,178.5,26.734093567251463,273.42,3.3037288135593217,12.101694915254237,18.280677966101695,18.536949152542373
15609,148,4.44625,18.655,298.48,1,16,1.0,16.0,4.44625,148.0,18.655,298.48,4.44625,9.25,18.655,18.655
15610,66,1.8733333333333333,18.743333333333336,112.46000000000001,1,6,1.0,6.0,1.8733333333333333,66.0,18.743333333333336,112.46000000000001,1.8733333333333333,11.0,18.743333333333336,18.743333333333336
15611,504,5.777674418604651,37.01046511627907,1591.45,13,23,1.8695652173913044,3.3076923076923075,6.931657509157509,38.76923076923077,42.15195970695971,122.41923076923078,5.253043478260869,21.91304347826087,28.670434782608698,69.19347826086957
15612,52,6.141666666666667,32.525,195.15,2,4,1.5,3.0,6.141666666666667,26.0,32.525000000000006,97.575,6.6625,13.0,30.61875,48.787499999999994
15615,5508,2.562931442080378,24.585673758865248,10399.74,23,184,2.2989130434782608,18.391304347826086,2.63029544501409,239.47826086956522,25.663910490032006,452.1626086956522,2.8758238224637678,29.934782608695652,24.419841054175293,56.52032608695652
15618,454,2.550911111111111,17.263355555555556,776.851,4,39,1.1538461538461537,11.25,2.7714791666666665,113.5,17.358517857142857,194.21275,2.4938717948717946,11.64102564102564,16.994641025641027,19.91925641025641
15619,136,4.416666666666667,112.13333333333333,336.4,1,3,1.0,3.0,4.416666666666667,136.0,112.13333333333333,336.4,4.416666666666667,45.333333333333336,112.13333333333333,112.13333333333333
15620,915,3.7297000000000002,15.5318,1553.18,3,92,1.0869565217391304,33.333333333333336,3.7468103448275865,305.0,15.394216073414904,517.7266666666666,3.5867391304347827,9.945652173913043,15.445108695652175,16.882391304347827
15621,501,2.06625,80.814375,1293.03,4,11,1.4545454545454546,4.0,2.1085416666666665,125.25,87.53156249999999,323.2575,1.6445454545454545,45.54545454545455,50.75863636363636,117.54818181818182
15622,1674,4.08372972972973,20.051675675675675,3709.56,9,169,1.0946745562130178,20.555555555555557,4.56358899406506,186.0,21.067323131244834,412.17333333333335,4.15861932938856,9.905325443786982,19.619289940828402,21.950059171597633
15623,125,4.2905263157894735,15.843684210526318,301.03000000000003,1,19,1.0,19.0,4.2905263157894735,125.0,15.843684210526318,301.03000000000003,4.2905263157894735,6.578947368421052,15.843684210526318,15.843684210526318
15624,357,3.6561764705882354,17.297941176470587,588.13,4,26,1.3076923076923077,8.5,3.6217147435897434,89.25,18.268990384615385,147.0325,3.5926923076923076,13.73076923076923,16.466538461538462,22.620384615384616
15625,1188,1.62359375,23.9728125,1534.26,4,44,1.4545454545454546,16.0,1.557625,297.0,27.684055555555553,383.565,1.6727272727272726,27.0,23.173522727272726,34.86954545454545
15626,766,1.646938775510204,13.791836734693877,675.8,2,49,1.0,24.5,1.714448275862069,383.0,13.838724137931035,337.9,1.646938775510204,15.63265306122449,13.791836734693877,13.791836734693877
15628,1894,2.3046451612903227,18.51767741935484,2870.2400000000002,9,85,1.8235294117647058,17.22222222222222,2.316886092173889,210.44444444444446,18.85965585811677,318.91555555555556,2.1200196078431373,22.28235294117647,17.242058823529412,33.767529411764706
15630,800,2.8271666666666664,19.772499999999997,1186.35,2,57,1.0526315789473684,30.0,2.9355128205128205,400.0,19.570714285714285,593.175,2.6289473684210525,14.035087719298245,19.020614035087718,20.81315789473684
15632,2109,2.695928143712575,19.67251497005988,3285.31,8,107,1.560747663551402,20.875,3.071452280956591,263.625,22.72214539914109,410.66375,2.4198130841121497,19.710280373831775,18.194182242990653,30.703831775700934
15634,99,3.7266666666666666,16.236666666666668,243.55,1,15,1.0,15.0,3.7266666666666666,99.0,16.236666666666668,243.55,3.7266666666666666,6.6,16.236666666666668,16.236666666666668
15636,284,3.1712000000000002,28.9904,724.76,2,20,1.25,12.5,3.483235294117647,142.0,31.464632352941177,362.38,3.0715,14.2,28.2055,36.238
15637,128,3.026666666666667,14.890666666666668,223.36,1,15,1.0,15.0,3.026666666666667,128.0,14.890666666666668,223.36,3.0266666666666664,8.533333333333333,14.890666666666668,14.890666666666668
15639,323,4.3084,17.0128,425.32,1,25,1.0,25.0,4.3084,323.0,17.0128,425.32,4.3084,12.92,17.0128,17.0128
15640,6607,2.7894628099173553,25.858801652892563,12515.66,15,240,2.0166666666666666,32.266666666666666,2.5936923327372337,440.46666666666664,31.541284093376223,834.3773333333334,2.90385248015873,27.529166666666665,23.069335813492064,52.148583333333335
15641,1562,1.9095798319327733,15.858823529411765,1887.2,4,102,1.1666666666666667,29.75,1.9364929163034001,390.5,15.826244442022668,471.80000000000007,1.9334313725490198,15.313725490196079,16.310686274509806,18.501960784313727
15643,246,5.933030303030303,20.12121212121212,664.0,3,31,1.064516129032258,11.0,7.465797101449275,82.0,23.437590579710147,221.33333333333334,5.357741935483871,7.935483870967742,19.638709677419353,21.419354838709676
15644,557,1.7819327731092438,3.4159663865546217,813.0,4,166,1.4337349397590362,59.5,1.8792126623376624,139.25,3.47633658008658,203.25,1.7233734939759036,3.355421686746988,3.3198343373493975,4.897590361445783
15645,256,2.9526923076923075,11.769423076923077,612.01,1,50,1.04,52.0,2.9526923076923075,256.0,11.769423076923077,612.01,2.9592,5.12,12.0107,12.2402
15646,394,2.914285714285714,12.789714285714288,447.64000000000004,3,35,1.0,11.666666666666666,3.633638910109499,131.33333333333334,13.398105423987777,149.21333333333334,2.914285714285714,11.257142857142858,12.789714285714288,12.789714285714288
15648,221,4.58,26.294,657.35,2,23,1.0869565217391304,12.5,4.574198717948718,110.5,26.29823717948718,328.675,4.539130434782609,9.608695652173912,26.360869565217396,28.580434782608698
15649,192,4.25,408.0,816.0,2,1,2.0,1.0,4.25,96.0,408.0,408.0,4.25,192.0,408.0,816.0
15651,479,2.1584375,20.196875,646.3,3,27,1.1851851851851851,10.666666666666666,2.251590909090909,159.66666666666666,21.58492424242424,215.4333333333333,2.218148148148148,17.74074074074074,21.385925925925925,23.937037037037037
15652,208,3.8533333333333335,16.082857142857144,337.74,1,21,1.0,21.0,3.8533333333333335,208.0,16.082857142857144,337.74,3.8533333333333335,9.904761904761905,16.082857142857144,16.082857142857144
15653,1200,0.9066666666666666,146.24,877.44,2,4,1.5,3.0,0.86,600.0,213.36,438.72,0.9674999999999999,300.0,113.13,219.36
15654,475,3.070952380952381,43.93,922.53,2,15,1.4,10.5,2.946944444444444,237.5,46.70291666666667,461.265,3.4806666666666666,31.666666666666668,38.848,61.501999999999995
15655,324,3.0920588235294115,16.49029411764706,560.6700000000001,1,34,1.0,34.0,3.0920588235294115,324.0,16.49029411764706,560.6700000000001,3.0920588235294115,9.529411764705882,16.49029411764706,16.49029411764706
15656,343,4.41127659574468,15.925531914893616,748.5,4,46,1.0217391304347827,11.75,4.695885416666667,85.75,15.907031250000001,187.125,4.290869565217391,7.456521739130435,16.055434782608696,16.27173913043478
15657,24,1.25,30.0,30.0,1,1,1.0,1.0,1.25,24.0,30.0,30.0,1.25,24.0,30.0,30.0
15658,242,6.244791666666667,21.33541666666667,1024.1000000000001,5,40,1.2,9.6,6.582476190476191,48.4,17.393285714285714,204.82,6.01,6.05,19.5346875,25.6025
15659,111,5.459090909090909,27.85909090909091,306.45,1,11,1.0,11.0,5.459090909090909,111.0,27.85909090909091,306.45,5.459090909090909,10.090909090909092,27.85909090909091,27.85909090909091
15660,1050,2.3347777777777776,17.787333333333333,1600.86,9,55,1.6363636363636365,10.0,2.780222129397568,116.66666666666667,16.70016262879421,177.87333333333333,2.3225454545454545,19.09090909090909,16.760727272727273,29.106545454545458
15661,236,0.9099999999999999,61.96,309.8,2,4,1.25,2.5,1.1125,118.0,82.225,154.89999999999998,0.775,59.0,41.2,77.45
15663,106,2.51,15.348888888888887,138.14,1,9,1.0,9.0,2.51,106.0,15.348888888888887,138.14,2.51,11.777777777777779,15.348888888888887,15.348888888888887
15664,157,4.165294117647059,22.731176470588235,386.43,1,17,1.0,17.0,4.165294117647059,157.0,22.731176470588235,386.43,4.165294117647059,9.235294117647058,22.731176470588235,22.731176470588235
15665,1666,2.2631896551724138,19.327672413793106,2242.01,2,92,1.2608695652173914,58.0,2.447847152847153,833.0,19.403664668664668,1121.005,2.3782608695652177,18.108695652173914,19.11978260869565,24.36967391304348
15667,240,1.5553846153846154,23.17846153846154,301.32000000000005,1,13,1.0,13.0,1.5553846153846154,240.0,23.17846153846154,301.32000000000005,1.5553846153846154,18.46153846153846,23.17846153846154,23.17846153846154
15668,72,1.06,76.32000000000001,76.32000000000001,1,1,1.0,1.0,1.06,72.0,76.32000000000001,76.32000000000001,1.06,72.0,76.32000000000001,76.32000000000001
15669,342,3.212121212121212,20.737575757575758,684.34,4,31,1.064516129032258,8.25,2.8729978354978356,85.5,25.171396103896107,171.085,3.2976344086021507,11.03225806451613,18.111612903225808,22.075483870967744
15670,91,3.15,14.420833333333334,173.05,1,12,1.0,12.0,3.15,91.0,14.420833333333334,173.05,3.15,7.583333333333333,14.420833333333334,14.420833333333334
15671,1699,2.4162820512820513,34.065769230769234,2657.13,7,52,1.5,11.142857142857142,2.5544611511271174,242.71428571428572,43.47068587434974,379.59000000000003,2.4562820512820513,32.67307692307692,26.487596153846155,51.09865384615385
15673,1514,2.949225806451613,18.587225806451613,2881.02,4,107,1.4485981308411215,38.75,2.8542757041290674,378.5,19.321977567483106,720.255,2.6655607476635512,14.149532710280374,18.051705607476634,26.925420560747664
15674,1275,5.779999999999999,21.46140350877193,2446.6,5,88,1.2954545454545454,22.8,69.31104901141742,255.0,81.5575544416597,489.32,6.546477272727272,14.488636363636363,21.88357954545455,27.802272727272726
15675,527,2.8790476190476193,15.413809523809524,323.69,3,20,1.05,7.0,2.384,175.66666666666666,16.17871794871795,107.89666666666669,2.8754999999999997,26.35,15.2995,16.1845
15676,2252,3.1958415841584156,17.00871287128713,3435.76,3,191,1.057591623036649,67.33333333333333,3.377434325035418,750.6666666666666,20.08685043513459,1145.2533333333333,3.166753926701571,11.790575916230367,16.644973821989527,17.988272251308903
15677,319,3.582121212121212,19.916060606060608,657.23,1,33,1.0,33.0,3.582121212121212,319.0,19.916060606060608,657.23,3.5821212121212125,9.666666666666666,19.916060606060608,19.916060606060608
15678,184,2.04,29.391666666666666,352.7,1,12,1.0,12.0,2.04,184.0,29.391666666666666,352.7,2.04,15.333333333333334,29.39166666666667,29.39166666666667
15679,1170,1.1043636363636364,7.102545454545455,781.28,4,98,1.1224489795918366,27.5,0.9190086996336997,292.5,10.031851343101343,195.32,1.0639795918367347,11.938775510204081,6.201156462585034,7.972244897959183
15680,952,2.42,17.09846153846154,1333.68,3,61,1.278688524590164,26.0,2.537858585858586,317.3333333333333,17.73669696969697,444.56,2.392950819672131,15.60655737704918,17.09535519125683,21.86360655737705
15681,816,1.9690566037735848,26.90867924528302,1426.16,5,32,1.65625,10.6,2.4461176470588235,163.2,27.59996638655462,285.232,2.1409375,25.5,28.86125,44.5675
15683,131,2.163,19.375,193.75,1,10,1.0,10.0,2.163,131.0,19.375,193.75,2.163,13.1,19.375,19.375
15687,1310,4.248253012048193,18.030722891566263,2993.1,9,119,1.3949579831932772,18.444444444444443,3.966346518851778,145.55555555555554,17.91979415646718,332.56666666666666,3.8377731092436975,11.008403361344538,18.062394957983194,25.152100840336132
15689,84,3.5,28.233333333333334,254.1,2,8,1.125,4.5,3.9124999999999996,42.0,33.724999999999994,127.05,3.0375,10.5,25.74375,31.7625
15690,408,0.6831578947368421,12.618947368421052,239.76,2,19,1.0,9.5,0.6731818181818181,204.0,12.790227272727272,119.88,0.6831578947368421,21.473684210526315,12.618947368421052,12.618947368421052
15691,72,1.9,68.4,136.8,1,2,1.0,2.0,1.9,72.0,68.4,136.8,1.9,36.0,68.4,68.4
15692,138,1.9041666666666668,15.92,191.04,1,12,1.0,12.0,1.9041666666666668,138.0,15.92,191.04,1.9041666666666668,11.5,15.92,15.92
15694,1677,4.71076923076923,83.06923076923077,6479.4,14,42,1.8571428571428572,5.571428571428571,5.3543103741496605,119.78571428571429,110.17876360544219,462.8142857142857,4.12297619047619,39.92857142857143,55.487018140589576,154.27142857142857
15695,212,2.887272727272727,18.635454545454547,409.98,2,22,1.0,11.0,3.194385964912281,106.0,17.841578947368426,204.99,2.887272727272727,9.636363636363637,18.635454545454547,18.635454545454547
15696,1028,4.26625730994152,16.002690058479534,2736.46,8,140,1.2214285714285715,21.375,4.542088688634056,128.5,16.870993106247877,342.0575,4.320809523809523,7.3428571428571425,16.372833333333332,19.546142857142858
15699,113,6.181111111111111,17.202777777777776,309.65,1,18,1.0,18.0,6.181111111111111,113.0,17.202777777777776,309.65,6.181111111111111,6.277777777777778,17.202777777777776,17.202777777777776
15700,357,2.933488372093023,8.10093023255814,696.68,2,85,1.011764705882353,43.0,2.4475294117647057,178.5,6.025176470588235,348.34,2.953294117647059,4.2,8.10064705882353,8.196235294117647
15701,923,2.94168776371308,6.506919831223629,1542.14,4,193,1.2279792746113989,59.25,3.7285354114517273,230.75,8.781161009348766,385.53499999999997,2.905155440414508,4.782383419689119,6.624922279792745,7.990362694300519
15703,66,2.93,42.3,211.5,1,5,1.0,5.0,2.93,66.0,42.3,211.5,2.93,13.2,42.3,42.3
15704,1028,3.227008547008547,19.603589743589744,2293.62,4,79,1.481012658227848,29.25,2.8801263478060313,257.0,19.5893233581272,573.405,3.1524050632911393,13.012658227848101,17.345443037974682,29.033164556962024
15705,62,6.05,23.849999999999998,143.1,1,6,1.0,6.0,6.05,62.0,23.849999999999998,143.1,6.05,10.333333333333334,23.849999999999998,23.849999999999998
15706,321,5.126181818181818,19.28290909090909,1060.56,4,50,1.1,13.75,5.826821589205397,80.25,44.01463268365817,265.14,4.9798,6.42,19.0502,21.211199999999998
15707,605,2.2814953271028036,4.418598130841121,945.58,4,126,1.6984126984126984,53.5,2.3145816437955444,151.25,4.403101494487088,236.39499999999998,2.3702380952380953,4.801587301587301,4.524583333333333,7.504603174603175
15708,1267,4.0928125,11.68138888888889,3364.2400000000002,7,124,2.3225806451612905,41.142857142857146,4.040551378012611,181.0,13.929853617261658,480.6057142857143,3.9423924731182796,10.21774193548387,11.40570036482335,27.130967741935486
15709,121,2.415,22.208333333333332,133.25,1,6,1.0,6.0,2.415,121.0,22.208333333333332,133.25,2.415,20.166666666666668,22.208333333333332,22.208333333333332
15712,486,3.666792452830189,20.233207547169815,1072.3600000000001,5,41,1.2926829268292683,10.6,3.8136089466089467,97.2,34.92989033189033,214.47200000000004,4.028231707317073,11.853658536585366,20.10829268292683,26.15512195121951
15713,150,5.338421052631579,18.773684210526316,356.7,2,18,1.0555555555555556,9.5,5.385944444444444,75.0,18.785833333333333,178.35000000000002,5.471111111111111,8.333333333333334,17.358333333333334,19.816666666666666
15714,187,3.0614285714285714,9.453714285714286,330.88,2,34,1.0294117647058822,17.5,2.6191666666666666,93.5,16.55466666666667,165.44,3.126470588235294,5.5,9.706764705882353,9.731764705882354
15716,744,2.288728813559322,9.481440677966102,1118.81,4,101,1.1683168316831682,29.5,2.2112607142857144,186.0,8.918649248120301,279.7025,2.3079207920792078,7.366336633663367,9.126039603960397,11.077326732673267
15717,70,2.4714285714285715,21.47142857142857,150.3,1,7,1.0,7.0,2.4714285714285715,70.0,21.47142857142857,150.3,2.4714285714285715,10.0,21.47142857142857,21.47142857142857
15719,2725,2.200554962646745,5.384855923159018,5045.61,13,299,3.1337792642140467,72.07692307692308,2.217252399270217,209.6153846153846,5.4722479559573225,388.1238461538462,2.347620594381464,9.11371237458194,5.103290992823601,16.87494983277592
15720,281,2.46609375,4.677578125,598.73,1,128,1.0,128.0,2.46609375,281.0,4.677578125,598.73,2.46609375,2.1953125,4.677578125,4.677578125
15721,409,2.0571428571428574,5.572307692307692,507.08000000000004,1,80,1.1375,91.0,2.0571428571428574,409.0,5.572307692307692,507.08000000000004,2.068,5.1125,5.7120625,6.3385
15722,1026,3.047536231884058,32.21101449275362,2222.56,5,45,1.5333333333333334,13.8,3.054478260869565,205.2,43.05789644268775,444.512,2.8783333333333334,22.8,31.92925925925926,49.39022222222222
15723,87,2.5853658536585367,4.953658536585366,203.10000000000002,1,37,1.1081081081081081,41.0,2.5853658536585367,87.0,4.953658536585366,203.10000000000002,2.7,2.3513513513513513,5.119594594594595,5.48918918918919
15724,73,3.4136363636363636,19.84090909090909,218.25,2,11,1.0,5.5,3.455,36.5,19.915,109.125,3.413636363636364,6.636363636363637,19.84090909090909,19.84090909090909
15725,221,2.65125,12.9765625,415.25,1,32,1.0,32.0,2.65125,221.0,12.9765625,415.25,2.65125,6.90625,12.9765625,12.9765625
15727,3065,3.2481456953642387,17.14887417218543,5178.96,7,213,1.4178403755868545,43.142857142857146,2.9336347680158865,437.85714285714283,18.056887066001305,739.8514285714285,3.531455399061033,14.389671361502348,17.284491392801254,24.314366197183098
15729,28,3.75,17.0,85.0,1,5,1.0,5.0,3.75,28.0,17.0,85.0,3.75,5.6,17.0,17.0
15730,689,2.9675714285714285,16.01257142857143,1120.88,3,68,1.0294117647058822,23.333333333333332,2.99810372591482,229.66666666666666,16.090190182686438,373.6266666666667,2.8651470588235295,10.132352941176471,15.841617647058824,16.483529411764707
15732,215,1.8907142857142856,21.00857142857143,294.12,2,13,1.0769230769230769,7.0,1.8803333333333332,107.5,22.477777777777778,147.06,1.881153846153846,16.53846153846154,20.324615384615388,22.624615384615385
15733,62,4.35,16.23,162.3,1,10,1.0,10.0,4.35,62.0,16.23,162.3,4.35,6.2,16.23,16.23
15734,346,4.843846153846154,51.517307692307696,1339.45,2,25,1.04,13.0,4.855575757575757,173.0,51.662272727272736,669.7250000000001,4.8716,13.84,45.278,53.578
15737,599,3.910416666666667,16.73777777777778,1205.1200000000001,8,60,1.2,9.0,5.684375,74.875,17.831415229885057,150.64000000000001,3.6525000000000003,9.983333333333333,16.61616666666667,20.085333333333335
15738,2982,2.12121387283237,27.817456647398846,4812.42,16,46,3.760869565217391,10.8125,2.2731579600954603,186.375,28.403940663503164,300.77625,2.3955434782608696,64.82608695652173,25.61181829945417,104.61782608695653
15739,472,2.52375,56.14,449.12,1,8,1.0,8.0,2.52375,472.0,56.14,449.12,2.52375,59.0,56.14,56.14
15740,152,2.4722222222222223,17.20888888888889,154.88,1,9,1.0,9.0,2.4722222222222223,152.0,17.20888888888889,154.88,2.4722222222222223,16.88888888888889,17.20888888888889,17.20888888888889
15743,216,4.683863636363636,8.914318181818182,784.46,4,59,1.4915254237288136,22.0,4.850503082632071,54.0,9.644990406342528,196.115,4.561186440677966,3.6610169491525424,8.99638418079096,13.295932203389832
15744,120,0.29,11.6,34.8,1,3,1.0,3.0,0.29,120.0,11.6,34.8,0.29,40.0,11.6,11.6
15745,421,4.3022580645161295,17.65467741935484,1094.5900000000001,4,57,1.087719298245614,15.5,4.16953431372549,105.25,17.918161764705886,273.64750000000004,4.214912280701754,7.385964912280702,16.949736842105263,19.203333333333333
15746,178,1.4835714285714285,7.031428571428571,196.88,1,28,1.0,28.0,1.4835714285714285,178.0,7.031428571428571,196.88,1.4835714285714285,6.357142857142857,7.031428571428571,7.031428571428571
15747,480,2.459569892473118,10.473548387096773,974.04,3,52,1.7884615384615385,31.0,2.4359089631129103,160.0,11.13901006522717,324.68,2.848269230769231,9.23076923076923,9.739935897435897,18.73153846153846
15748,51,3.7361904761904765,7.11,149.31,1,19,1.105263157894737,21.0,3.7361904761904765,51.0,7.11,149.31,3.5400000000000005,2.6842105263157894,7.104473684210527,7.858421052631579
15749,18028,3.0439999999999996,4453.43,44534.3,3,5,2.0,3.3333333333333335,3.2482222222222226,6009.333333333333,4426.521111111112,14844.766666666668,3.0439999999999996,3605.6,4453.43,8906.86
15750,1786,2.4343003412969284,8.414607508532423,2465.48,8,214,1.3691588785046729,36.625,2.357745542356282,223.25,11.302456091418508,308.185,2.2998831775700936,8.345794392523365,8.146522585669782,11.520934579439253
15752,1978,1.752676399026764,6.41698296836983,2637.38,7,236,1.7415254237288136,58.714285714285715,1.7423794416907425,282.57142857142856,7.879645528797981,376.7685714285714,1.8681765536723165,8.38135593220339,6.402412429378532,11.175338983050848
15753,144,0.55,79.2,79.2,1,1,1.0,1.0,0.55,144.0,79.2,79.2,0.55,144.0,79.2,79.2
15754,199,2.7239285714285715,16.3775,458.57,3,24,1.1666666666666667,9.333333333333334,2.8433903133903136,66.33333333333333,16.272450142450143,152.85666666666668,2.64875,8.291666666666666,16.507083333333334,19.107083333333332
15755,1427,3.1785106382978725,16.7677304964539,2364.25,6,127,1.110236220472441,23.5,3.2089420430681774,237.83333333333334,16.995454234244615,394.0416666666667,3.0312335958005248,11.236220472440944,16.71450131233596,18.616141732283463
15756,242,2.477239583333333,2.7758333333333334,532.96,4,160,1.2,48.0,2.493886217948718,60.5,2.7869895506279434,133.24,2.5565,1.5125,2.87515625,3.3310000000000004
15757,491,2.7295555555555557,15.876,714.42,2,43,1.0465116279069768,22.5,2.819870689655173,245.5,15.978879310344828,357.21000000000004,2.778604651162791,11.418604651162791,15.972558139534884,16.614418604651163
15758,47,4.427777777777778,22.805555555555557,205.25,1,9,1.0,9.0,4.427777777777778,47.0,22.805555555555557,205.25,4.427777777777778,5.222222222222222,22.805555555555557,22.805555555555557
15759,60,5.174285714285714,36.14857142857143,253.04000000000002,3,5,1.4,2.3333333333333335,5.989166666666667,20.0,45.403333333333336,84.34666666666668,3.650666666666666,12.0,27.168,50.608000000000004
15762,251,4.0018918918918915,15.777027027027026,583.75,2,37,1.0,18.5,3.9139848484848487,125.5,16.114136363636362,291.875,4.0018918918918915,6.783783783783784,15.777027027027026,15.777027027027026
15763,271,6.6593442622950825,17.818360655737706,1086.92,2,58,1.0517241379310345,30.5,6.784529220779221,135.5,17.995622294372296,543.46,6.690862068965517,4.672413793103448,17.81543103448276,18.740000000000002
15764,2050,2.836666666666667,18.222055555555556,3279.9700000000003,6,150,1.2,30.0,2.7417799425796687,341.6666666666667,15.313026660758466,546.6616666666667,2.8569666666666667,13.666666666666666,18.8993,21.866466666666664
15766,170,3.208181818181818,28.64181818181818,315.06,1,11,1.0,11.0,3.208181818181818,170.0,28.64181818181818,315.06,3.208181818181818,15.454545454545455,28.64181818181818,28.64181818181818
15768,244,7.899259259259259,23.030740740740743,621.83,3,23,1.173913043478261,9.0,7.476703703703705,81.33333333333333,22.296111111111106,207.27666666666664,8.322173913043478,10.608695652173912,24.727391304347826,27.03608695652174
15769,29672,2.050769230769231,432.7132307692308,56252.72,26,26,5.0,5.0,2.273348901098901,1141.2307692307693,451.94651098901096,2163.566153846154,2.270405184559031,1141.2307692307693,392.5187883910961,2163.566153846154
15773,311,1.334,63.568000000000005,635.6800000000001,1,10,1.0,10.0,1.334,311.0,63.568000000000005,635.6800000000001,1.334,31.1,63.568000000000005,63.568000000000005
15774,87,4.802,10.832,270.8,1,25,1.0,25.0,4.802,87.0,10.832,270.8,4.802,3.48,10.832,10.832
15775,68,2.4714285714285715,14.985714285714286,104.9,1,7,1.0,7.0,2.4714285714285715,68.0,14.985714285714286,104.9,2.4714285714285715,9.714285714285714,14.985714285714286,14.985714285714286
15776,138,4.183888888888889,13.423333333333334,241.62,1,18,1.0,18.0,4.183888888888889,138.0,13.423333333333334,241.62,4.183888888888889,7.666666666666667,13.423333333333334,13.423333333333334
15777,378,3.823333333333333,49.86238095238096,1047.1100000000001,4,18,1.1666666666666667,5.25,3.6487499999999997,94.5,120.42678571428573,261.77750000000003,3.5508333333333333,21.0,46.458888888888886,58.17277777777778
15780,220,4.157586206896552,16.38896551724138,475.28000000000003,3,26,1.1153846153846154,9.666666666666666,3.996623931623932,73.33333333333333,16.749038461538465,158.42666666666668,3.8046153846153845,8.461538461538462,16.651153846153846,18.28
15781,180,3.9675,17.273000000000003,345.46000000000004,3,20,1.0,6.666666666666667,4.564444444444444,60.0,17.63388888888889,115.15333333333335,3.9675,9.0,17.273000000000003,17.273000000000003
15782,864,6.1141860465116284,60.80790697674418,2614.74,3,34,1.2647058823529411,14.333333333333334,6.2502442002442,288.0,56.174057794057795,871.5799999999999,6.389411764705883,25.41176470588235,59.17941176470588,76.90411764705881
15783,212,3.4364285714285714,17.592857142857145,246.3,1,14,1.0,14.0,3.4364285714285714,212.0,17.592857142857145,246.3,3.4364285714285714,15.142857142857142,17.592857142857145,17.592857142857145
15785,1612,3.2433734939759034,28.059879518072293,2328.9700000000003,5,58,1.4310344827586208,16.6,3.4903759578544062,322.4,26.71079761904762,465.79400000000004,3.1655172413793102,27.79310344827586,30.765632183908046,40.15465517241379
15786,3364,2.732322097378277,18.47265917602996,4932.2,3,257,1.038910505836576,89.0,2.852027491408935,1121.3333333333333,19.13756655487931,1644.0666666666666,2.766964980544747,13.089494163424124,18.482101167315175,19.191439688715953
15787,540,2.164708737864078,4.602184466019417,948.05,3,156,1.3205128205128205,68.66666666666667,2.0859566220854537,180.0,4.25398781578359,316.0166666666667,2.210705128205128,3.4615384615384617,4.886495726495726,6.077243589743589
15789,438,0.9984000000000001,14.052,351.3,1,25,1.0,25.0,0.9984000000000001,438.0,14.052,351.3,0.9984000000000001,17.52,14.052,14.052
15790,114,3.424285714285714,6.31,220.85,1,34,1.0294117647058822,35.0,3.424285714285714,114.0,6.31,220.85,3.463235294117647,3.3529411764705883,6.4338235294117645,6.495588235294117
15791,731,3.256266666666667,21.502533333333336,1612.69,2,66,1.1363636363636365,37.5,3.1362037037037034,365.5,20.598915343915344,806.345,3.3425757575757578,11.075757575757576,21.06651515151515,24.434696969696972
15793,553,3.0975,80.4675,965.61,3,6,2.0,4.0,3.0915555555555554,184.33333333333334,83.89594444444445,321.87,4.306666666666667,92.16666666666667,72.495,160.935
15795,581,3.058095238095238,14.524047619047618,610.01,1,42,1.0,42.0,3.058095238095238,581.0,14.524047619047618,610.01,3.058095238095238,13.833333333333334,14.524047619047618,14.524047619047618
15796,861,3.9022556390977443,20.38766917293233,2711.56,8,70,1.9,16.625,3.9559678515767427,107.625,21.729266393397623,338.945,3.547166666666667,12.3,18.70961904761905,38.73657142857143
15797,873,4.23125,275.925,2207.4,4,8,1.0,2.0,5.5325,218.25,252.81,551.85,4.23125,109.125,275.925,275.925
15799,955,2.267448979591837,9.021836734693878,884.14,3,94,1.0425531914893618,32.666666666666664,2.376487166749462,318.3333333333333,10.6316797483027,294.7133333333333,2.3343617021276595,10.159574468085106,9.22345744680851,9.405744680851063
15800,335,2.712689075630252,5.874621848739496,699.08,2,116,1.0258620689655173,59.5,3.5754047619047618,167.5,10.896809523809525,349.53999999999996,2.738103448275862,2.8879310344827585,5.90551724137931,6.026551724137931
15801,570,2.96421875,16.62421875,1063.95,3,61,1.0491803278688525,21.333333333333332,3.1733481481481483,190.0,14.66542222222222,354.65000000000003,3.000983606557377,9.344262295081966,16.838524590163935,17.441803278688525
15802,1,451.42,451.42,451.42,1,1,1.0,1.0,451.42,1.0,451.42,451.42,451.42,1.0,451.42,451.42
15803,290,1.74875,51.977500000000006,415.82000000000005,1,8,1.0,8.0,1.74875,290.0,51.977500000000006,415.82000000000005,1.74875,36.25,51.977500000000006,51.977500000000006
15804,2565,3.7104961832061067,16.05492366412214,4206.39,13,170,1.5411764705882354,20.153846153846153,3.4479914183309335,197.30769230769232,16.413020993762032,323.5684615384616,3.9800392156862747,15.088235294117647,16.460789915966387,24.743470588235297
15805,3387,2.7423920265780732,18.367043189368772,5528.4800000000005,17,220,1.3681818181818182,17.705882352941178,2.850137539262838,199.23529411764707,23.07254427425327,325.2047058823529,2.6674545454545457,15.395454545454545,18.096977272727273,25.129454545454546
15806,602,2.004193548387097,25.309032258064516,784.58,3,24,1.2916666666666667,10.333333333333334,2.1298809523809523,200.66666666666666,27.751904761904765,261.5266666666667,2.0262499999999997,25.083333333333332,24.467083333333335,32.69083333333334
15807,430,2.5812500000000003,18.83125,903.9,3,48,1.0,16.0,5.177142857142857,143.33333333333334,22.787142857142857,301.3,2.5812500000000003,8.958333333333334,18.83125,18.83125
15808,1343,3.5788461538461536,17.95658653846154,3734.9700000000003,4,142,1.4647887323943662,52.0,3.606397478211097,335.75,18.85575430021444,933.7425000000001,3.434694835680751,9.45774647887324,16.901123407109324,26.30260563380282
15809,301,4.123142857142857,14.736285714285714,515.77,5,31,1.1290322580645162,7.0,4.826561965811966,60.2,15.014350427350427,103.154,3.81,9.709677419354838,14.566774193548387,16.63774193548387
15810,861,2.6612359550561795,15.640224719101123,1391.98,4,66,1.3484848484848484,22.25,3.151161928050398,215.25,15.5731200265252,347.995,2.7380303030303033,13.045454545454545,15.550151515151514,21.09060606060606
15811,1071,3.487669172932331,16.681353383458646,2218.62,6,117,1.1367521367521367,22.166666666666668,4.012252041238331,178.5,17.3778528019024,369.77,3.290854700854701,9.153846153846153,16.479017094017095,18.9625641025641
15812,922,5.051707317073171,43.930243902439024,1801.14,5,36,1.1388888888888888,8.2,3.8196740740740736,184.4,93.30394814814815,360.228,5.220462962962963,25.61111111111111,32.94972222222222,50.031666666666666
15813,603,3.775,32.59775,1303.9099999999999,2,40,1.0,20.0,3.955705329153605,301.5,37.52615987460815,651.9549999999999,3.775,15.075,32.597750000000005,32.597750000000005
15814,1271,3.284861111111111,27.018472222222226,1945.3300000000002,4,63,1.1428571428571428,18.0,3.4974255952380955,317.75,27.798799603174604,486.3325,3.4692063492063494,20.174603174603174,27.26888888888889,30.878253968253972
15815,1856,2.160408163265306,42.86938775510204,2100.6,5,33,1.4848484848484849,9.8,2.013047619047619,371.2,61.961333333333336,420.12,1.784848484848485,56.24242424242424,34.72166666666667,63.65454545454545
15819,1357,2.0016260162601625,15.491463414634147,1905.45,4,96,1.28125,30.75,2.034024005296871,339.25,15.522456654964277,476.3625,1.944079861111111,14.135416666666666,15.370798611111113,19.8484375
15820,128,2.2494117647058824,12.175294117647057,206.98,1,17,1.0,17.0,2.2494117647058824,128.0,12.175294117647057,206.98,2.2494117647058824,7.529411764705882,12.175294117647057,12.175294117647057
15821,202,3.696451612903226,9.209032258064516,570.96,2,57,1.087719298245614,31.0,3.689768907563025,101.0,9.394726890756303,285.48,3.6882456140350874,3.543859649122807,9.019035087719299,10.016842105263159
15822,375,3.369393939393939,26.832424242424242,885.47,2,28,1.1785714285714286,16.5,3.3882169117647063,187.5,26.852426470588235,442.735,3.5675,13.392857142857142,28.116785714285715,31.62392857142857
15823,1,15.0,15.0,15.0,1,1,1.0,1.0,15.0,1.0,15.0,15.0,15.0,1.0,15.0,15.0
15825,220,8.8395,26.647000000000002,532.94,1,20,1.0,20.0,8.8395,220.0,26.647000000000002,532.94,8.839500000000001,11.0,26.647000000000002,26.647000000000002
15826,963,3.2094117647058824,24.328088235294118,1654.31,3,64,1.0625,22.666666666666668,3.4487451737451735,321.0,22.69103818103818,551.4366666666666,3.28046875,15.046875,23.66796875,25.84859375
15827,882,4.353130434782609,15.966,1836.09,14,72,1.5972222222222223,8.214285714285714,4.237154260422117,63.0,17.315978556166055,131.1492857142857,3.913472222222222,12.25,16.427060185185184,25.50125
15829,996,1.0527450980392157,12.473333333333333,636.14,2,44,1.1590909090909092,25.5,1.0445076923076924,498.0,12.472461538461538,318.07,1.1372727272727272,22.636363636363637,12.985000000000001,14.457727272727272
15830,415,2.913846153846154,14.76923076923077,576.0,1,39,1.0,39.0,2.913846153846154,415.0,14.76923076923077,576.0,2.913846153846154,10.64102564102564,14.76923076923077,14.76923076923077
15831,1105,2.6416176470588235,11.790588235294118,801.76,3,63,1.0793650793650793,22.666666666666668,2.102843137254902,368.3333333333333,16.517440087145967,267.25333333333333,2.7822222222222224,17.53968253968254,12.24388888888889,12.726349206349207
15832,465,2.310185185185185,15.49611111111111,836.79,1,54,1.0,54.0,2.310185185185185,465.0,15.49611111111111,836.79,2.310185185185185,8.61111111111111,15.49611111111111,15.49611111111111
15834,965,4.069487179487179,8.182234432234432,2233.75,4,242,1.128099173553719,68.25,33.705542801710486,241.25,38.51079802819132,558.4375,4.191418732782369,3.987603305785124,8.223849862258954,9.230371900826446
15835,439,3.073,19.0818,954.09,4,47,1.0638297872340425,12.5,2.938833333333333,109.75,19.116045454545453,238.5225,3.141914893617021,9.340425531914894,19.02744680851064,20.299787234042554
15836,26,9.244,13.737,137.37,1,10,1.0,10.0,9.244,26.0,13.737,137.37,9.244,2.6,13.737,13.737
15837,189,4.09125,16.3325,391.98,1,24,1.0,24.0,4.09125,189.0,16.3325,391.98,4.09125,7.875,16.3325,16.3325
15838,18368,1.9419760479041916,201.45556886227547,33643.08,19,54,3.0925925925925926,8.789473684210526,2.038118730291985,966.7368421052631,196.52165039477265,1770.6884210526316,1.8896851851851852,340.14814814814815,173.52752469135805,623.02
15839,675,2.1283870967741936,16.911129032258064,1048.49,3,56,1.1071428571428572,20.666666666666668,2.1621993810786915,225.0,17.250798408488063,349.49666666666667,2.0373214285714285,12.053571428571429,16.864642857142858,18.723035714285714
15840,396,1.961111111111111,13.168888888888889,355.56,2,26,1.0384615384615385,13.5,1.9658235294117645,198.0,12.801,177.78,1.8461538461538463,15.23076923076923,12.913846153846153,13.675384615384615
15841,942,1.416808510638298,26.043829787234042,1224.06,4,36,1.3055555555555556,11.75,1.504687324929972,235.5,30.646665966386557,306.015,1.376111111111111,26.166666666666668,28.866944444444446,34.001666666666665
15843,27,7.14375,14.86875,118.95,1,8,1.0,8.0,7.14375,27.0,14.86875,118.95,7.14375,3.375,14.86875,14.86875
15844,134,1.7936363636363637,11.885454545454543,130.73999999999998,1,11,1.0,11.0,1.7936363636363637,134.0,11.885454545454543,130.73999999999998,1.7936363636363637,12.181818181818182,11.885454545454547,11.885454545454547
15845,1926,2.730144927536232,26.896884057971015,3711.77,8,97,1.422680412371134,17.25,2.7575077815702818,240.75,26.426730075480073,463.97125,2.9301030927835052,19.855670103092784,25.787079037800687,38.26567010309278
15847,449,3.35,17.694090909090907,389.27,2,22,1.0,11.0,3.181794871794872,224.5,18.060470085470087,194.635,3.35,20.40909090909091,17.694090909090907,17.694090909090907
15850,302,1.5638144329896908,2.4623711340206187,238.85,2,87,1.1149425287356323,48.5,1.547972340425532,151.0,2.4643808510638294,119.425,1.6591954022988504,3.471264367816092,2.620804597701149,2.745402298850575
15852,48,3.355,7.305000000000001,160.71,2,22,1.0,11.0,4.49547619047619,24.0,31.20738095238095,80.355,3.355,2.1818181818181817,7.305000000000001,7.305000000000001
15853,135,1.4693333333333334,3.6933333333333334,110.8,1,29,1.0344827586206897,30.0,1.4693333333333334,135.0,3.6933333333333334,110.8,1.4320689655172414,4.655172413793103,3.5568965517241375,3.820689655172414
15854,939,2.9360714285714287,21.247500000000002,2974.65,12,105,1.3333333333333333,11.666666666666666,4.2156414835164835,78.25,54.65629899267399,247.88750000000002,2.3186666666666667,8.942857142857143,9.459281746031747,28.330000000000002
15855,470,1.886,8.903,712.24,5,59,1.3559322033898304,16.0,1.845845238095238,94.0,10.559994285714286,142.448,1.8271186440677967,7.966101694915254,8.784915254237287,12.07186440677966
15856,11005,1.7719379844961243,25.40708527131783,16387.57,27,295,2.1864406779661016,23.88888888888889,1.8184092892175638,407.5925925925926,34.237870730213096,606.947037037037,1.8005537456893388,37.30508474576271,17.782194078802554,55.55108474576271
15857,308,0.9428571428571428,21.214285714285715,297.0,1,14,1.0,14.0,0.9428571428571428,308.0,21.214285714285715,297.0,0.9428571428571428,22.0,21.214285714285715,21.214285714285715
15858,1167,2.3072774869109947,7.533246073298429,1438.85,5,145,1.3172413793103448,38.2,2.192549912311255,233.4,7.695440658857175,287.77,2.1335862068965517,8.048275862068966,6.859091954022988,9.923103448275862
15860,440,3.4395070422535214,6.881760563380282,977.21,8,105,1.3523809523809525,17.75,3.503801711309524,55.0,7.550636160714285,122.15125,3.478190476190476,4.190476190476191,7.086333333333334,9.306761904761904
15861,2544,1.871190476190476,5.797362637362638,3165.36,8,339,1.6106194690265487,68.25,22.016582670276513,318.0,25.443260145678106,395.67,2.121140609636185,7.504424778761062,5.885465655288664,9.337345132743364
15862,585,2.7378911564625854,5.665850340136054,832.88,4,142,1.0352112676056338,36.75,2.400215345477834,146.25,7.03607609084804,208.22,2.7764084507042255,4.119718309859155,5.722992957746478,5.865352112676057
15863,19,3.708888888888889,3.8244444444444445,68.84,2,18,1.0,9.0,4.09875,9.5,4.16375,34.42,3.708888888888889,1.0555555555555556,3.8244444444444445,3.8244444444444445
15864,1192,2.7265,96.816,1936.32,6,16,1.25,3.3333333333333335,2.1991666666666667,198.66666666666666,121.72522222222221,322.71999999999997,2.86875,74.5,89.44875,121.02
15865,368,5.611,22.37825,895.13,3,37,1.0810810810810811,13.333333333333334,5.906240740740741,122.66666666666667,23.771023148148146,298.37666666666667,5.2889189189189185,9.945945945945946,21.564324324324325,24.192702702702704
15866,126,3.8722222222222222,5.122888888888889,230.53,1,43,1.0465116279069768,45.0,3.8722222222222222,126.0,5.122888888888889,230.53,3.6188372093023258,2.9302325581395348,4.927674418604651,5.361162790697675
15867,2054,3.4156399132321043,8.270368763557483,3812.64,15,302,1.5264900662251655,30.733333333333334,3.775228192946287,136.93333333333334,9.226727564960202,254.176,2.902414853358562,6.801324503311259,6.849353634500158,12.624635761589403
15869,175,2.1420000000000003,9.975999999999999,149.64,2,13,1.1538461538461537,7.5,2.028,87.5,10.5615,74.82000000000001,1.9792307692307693,13.461538461538462,10.660769230769231,11.51076923076923
15870,335,1.801842105263158,4.659078947368421,354.09000000000003,1,68,1.1176470588235294,76.0,1.801842105263158,335.0,4.659078947368421,354.09000000000003,1.7351470588235296,4.926470588235294,4.652671568627451,5.207205882352941
15872,212,2.07296875,2.819765625,360.93,2,101,1.2673267326732673,64.0,2.086377952755906,106.0,2.4627165354330707,180.465,2.0284158415841587,2.099009900990099,2.7964356435643563,3.573564356435644
15874,2534,5.8974166666666665,36.71566666666667,4405.88,7,110,1.0909090909090908,17.142857142857142,12.79913950731808,362.0,38.212718253968255,629.4114285714286,5.0533636363636365,23.036363636363635,37.49813636363636,40.05345454545455
15877,371,1.8717829457364341,3.823875968992248,493.28,2,122,1.0573770491803278,64.5,2.451800458715596,185.5,7.386784403669725,246.64,1.8696721311475408,3.040983606557377,3.817459016393443,4.04327868852459
15880,211,2.1701904761904762,3.269333333333333,343.28,1,95,1.105263157894737,105.0,2.1701904761904762,211.0,3.269333333333333,343.28,2.2312631578947366,2.221052631578947,3.434526315789473,3.613473684210526
15881,260,3.3168965517241378,17.289310344827587,501.39,5,26,1.1153846153846154,5.8,2.7654202898550726,52.0,20.110347826086958,100.278,3.4159615384615383,10.0,16.224615384615383,19.284230769230767
15882,276,1.9078260869565218,22.450434782608696,516.36,4,23,1.0,5.75,1.846845238095238,69.0,25.53654761904762,129.09,1.9078260869565218,12.0,22.450434782608696,22.450434782608696
15883,223,2.9546938775510205,8.091428571428573,396.48,2,42,1.1666666666666667,24.5,2.9988879310344823,111.5,7.9512413793103445,198.24,2.836666666666667,5.309523809523809,7.791428571428572,9.440000000000001
15885,111,5.686111111111111,21.075000000000003,379.35,3,18,1.0,6.0,11.507291666666667,37.0,17.278125,126.45,5.686111111111111,6.166666666666667,21.075000000000003,21.075000000000003
15886,147,2.9975,15.090833333333334,181.09,1,12,1.0,12.0,2.9975,147.0,15.090833333333334,181.09,2.9975,12.25,15.090833333333334,15.090833333333334
15888,76,2.464166666666667,14.025833333333333,168.31,1,11,1.0909090909090908,12.0,2.464166666666667,76.0,14.025833333333333,168.31,2.640909090909091,6.909090909090909,15.043181818181818,15.30090909090909
15889,215,2.8899999999999997,4.80505376344086,446.87,2,79,1.1772151898734178,46.5,2.8477609427609427,107.5,5.015303030303031,223.435,2.941518987341772,2.721518987341772,5.03,5.656582278481013
15891,442,2.651774193548387,8.459999999999999,524.52,1,60,1.0333333333333334,62.0,2.651774193548387,442.0,8.459999999999999,524.52,2.7223333333333333,7.366666666666666,8.528,8.741999999999999
15894,168,2.0119512195121954,6.4280487804878055,263.55,2,35,1.1714285714285715,20.5,2.101622807017544,84.0,19.864035087719298,131.775,2.004,4.8,6.905,7.53
15895,94,1.9845454545454544,16.288181818181815,179.17,1,11,1.0,11.0,1.9845454545454544,94.0,16.288181818181815,179.17,1.9845454545454544,8.545454545454545,16.288181818181815,16.288181818181815
15897,261,2.0920833333333335,9.252083333333333,222.05,2,17,1.411764705882353,12.0,1.8369444444444445,130.5,12.818611111111112,111.025,2.155294117647059,15.352941176470589,11.03950980392157,13.061764705882354
15898,570,3.322674418604651,16.149767441860465,1388.88,5,70,1.2285714285714286,17.2,3.906130750605327,114.0,38.948754237288135,277.776,3.1385714285714283,8.142857142857142,11.18367857142857,19.84114285714286
15899,39,4.125,14.0625,56.25,1,4,1.0,4.0,4.125,39.0,14.0625,56.25,4.125,9.75,14.0625,14.0625
15900,221,2.0315686274509805,6.884509803921569,351.11,1,44,1.1590909090909092,51.0,2.0315686274509805,221.0,6.884509803921569,351.11,1.9631818181818181,5.0227272727272725,7.3090909090909095,7.979772727272728
15901,384,2.0995689655172414,3.136896551724138,363.88,3,102,1.1372549019607843,38.666666666666664,2.0795420634920636,128.0,3.379862698412698,121.29333333333334,2.118529411764706,3.764705882352941,3.2510784313725494,3.567450980392157
15903,2410,2.245135135135135,69.28054054054054,5126.76,7,46,1.608695652173913,10.571428571428571,2.752102040816326,344.2857142857143,78.56337414965988,732.3942857142857,2.287608695652174,52.391304347826086,65.95391304347827,111.4513043478261
15904,84,2.953333333333333,5.489333333333334,164.68,1,30,1.0,30.0,2.953333333333333,84.0,5.489333333333334,164.68,2.953333333333333,2.8,5.489333333333334,5.489333333333334
15906,544,3.3830666666666667,10.451266666666667,1567.69,7,113,1.3274336283185841,21.428571428571427,3.9426000678048996,77.71428571428571,11.414575538548752,223.95571428571427,3.4479646017699115,4.814159292035399,10.751312684365782,13.873362831858408
15907,509,2.590240963855422,3.8853413654618474,967.45,3,175,1.4228571428571428,83.0,2.6954952493228355,169.66666666666666,4.029492807320394,322.48333333333335,2.491542857142857,2.9085714285714284,3.5131380952380953,5.5282857142857145
15909,98,1.8599999999999999,27.419999999999998,191.94,1,7,1.0,7.0,1.8599999999999999,98.0,27.419999999999998,191.94,1.8599999999999999,14.0,27.419999999999998,27.419999999999998
15910,1015,1.8127340823970037,4.614906367041199,1232.18,8,215,1.241860465116279,33.375,1.798326000621814,126.875,4.6988191409749405,154.0225,1.89784496124031,4.72093023255814,4.583383720930232,5.731069767441861
15912,185,2.0957894736842104,13.927368421052632,264.62,2,19,1.0,9.5,2.19474358974359,92.5,15.70275641025641,132.31,2.0957894736842104,9.736842105263158,13.927368421052632,13.927368421052632
15916,757,3.7222580645161294,9.858645161290323,1528.09,8,124,1.25,19.375,4.734300568712333,94.625,14.876524467362703,191.01125,3.453965053763441,6.104838709677419,9.90516129032258,12.323306451612902
15917,42,5.1499999999999995,10.258333333333333,123.1,1,12,1.0,12.0,5.1499999999999995,42.0,10.258333333333333,123.1,5.1499999999999995,3.5,10.258333333333333,10.258333333333333
15918,153,2.5142499999999997,8.35575,334.23,2,33,1.2121212121212122,20.0,2.508611111111111,76.5,8.56699494949495,167.115,2.561212121212121,4.636363636363637,8.575151515151516,10.128181818181819
15919,545,2.4646153846153847,4.4747552447552446,639.89,2,103,1.3883495145631068,71.5,2.572933130699088,272.5,4.726119192357794,319.94500000000005,2.670776699029126,5.29126213592233,4.143851132686084,6.21252427184466
15920,99,2.1593333333333335,2.7916666666666665,167.5,4,53,1.1320754716981132,15.0,1.7430084526479213,24.75,2.6530257029498014,41.875,2.0956603773584903,1.8679245283018868,2.7004716981132075,3.160377358490566
15921,166,3.7872000000000003,13.441200000000002,336.03000000000003,1,24,1.0416666666666667,25.0,3.7872000000000003,166.0,13.441200000000002,336.03000000000003,3.8095833333333338,6.916666666666667,13.459583333333335,14.00125
15922,138,4.409090909090909,33.59090909090909,369.5,1,11,1.0,11.0,4.409090909090909,138.0,33.59090909090909,369.5,4.409090909090909,12.545454545454545,33.59090909090909,33.59090909090909
15923,122,2.814761904761905,6.051428571428572,127.08,1,21,1.0,21.0,2.814761904761905,122.0,6.051428571428572,127.08,2.814761904761905,5.809523809523809,6.051428571428572,6.051428571428572
15925,93,2.8958333333333335,17.2625,207.15,1,12,1.0,12.0,2.8958333333333335,93.0,17.2625,207.15,2.8958333333333335,7.75,17.2625,17.2625
15930,139,4.022857142857143,20.315714285714286,426.63,1,21,1.0,21.0,4.022857142857143,139.0,20.315714285714286,426.63,4.022857142857143,6.619047619047619,20.315714285714286,20.315714285714286
15932,2325,1.4927826086956522,21.703217391304346,2495.87,8,93,1.2365591397849462,14.375,1.5773740023252891,290.625,24.358556752989657,311.98375,1.5138709677419353,25.0,20.53494623655914,26.837311827956988
15933,885,2.1356756756756754,14.965675675675676,1107.46,3,63,1.1746031746031746,24.666666666666668,2.135324074074074,295.0,14.987318169618893,369.15333333333336,2.0695238095238095,14.047619047619047,14.84484126984127,17.57873015873016
15935,115,27.295,34.73833333333334,416.86,2,12,1.0,6.0,155.26090909090908,57.5,159.32090909090908,208.43,27.294999999999998,9.583333333333334,34.73833333333334,34.73833333333334
15937,73,2.3714285714285714,20.764285714285716,145.35000000000002,1,7,1.0,7.0,2.3714285714285714,73.0,20.764285714285716,145.35000000000002,2.3714285714285714,10.428571428571429,20.764285714285712,20.764285714285712
15938,240,2.320555555555556,22.47666666666667,404.58000000000004,5,13,1.3846153846153846,3.6,2.2348,48.0,25.2172,80.91600000000001,2.6015384615384614,18.46153846153846,21.394615384615385,31.121538461538464
15939,4728,1.7944736842105262,80.46065789473684,6115.01,15,28,2.7142857142857144,5.066666666666666,2.2851911255411257,315.2,81.04269350649352,407.6673333333334,2.349595238095238,168.85714285714286,87.8395119047619,218.3932142857143
15940,4,8.95,35.8,35.8,1,1,1.0,1.0,8.95,4.0,35.8,35.8,8.95,4.0,35.8,35.8
15942,232,2.657857142857143,24.102857142857143,337.44,1,14,1.0,14.0,2.657857142857143,232.0,24.102857142857143,337.44,2.657857142857143,16.571428571428573,24.102857142857143,24.102857142857143
15944,50,5.083333333333333,54.18333333333334,325.1,1,6,1.0,6.0,5.083333333333333,50.0,54.18333333333334,325.1,5.083333333333333,8.333333333333334,54.18333333333334,54.18333333333334
15945,52,2.75,90.5,181.0,1,2,1.0,2.0,2.75,52.0,90.5,181.0,2.75,26.0,90.5,90.5
15947,898,4.022068965517241,58.9048275862069,1708.24,1,29,1.0,29.0,4.022068965517241,898.0,58.9048275862069,1708.24,4.022068965517241,30.96551724137931,58.9048275862069,58.9048275862069
15948,567,2.5215,15.920666666666667,955.24,2,51,1.1764705882352942,30.0,2.666125,283.5,15.828000000000001,477.62,2.428235294117647,11.117647058823529,16.020392156862744,18.730196078431373
15949,284,1.8247368421052632,19.19578947368421,364.72,2,12,1.5833333333333333,9.5,1.8392261904761906,142.0,18.996666666666666,182.36,1.7841666666666667,23.666666666666668,19.271666666666665,30.393333333333334
15950,729,3.335,18.015408163265306,1765.51,4,86,1.1395348837209303,24.5,3.259145825438929,182.25,20.030213148920048,441.3775,3.36546511627907,8.476744186046512,16.98519379844961,20.52918604651163
15951,313,3.700731707317073,17.273658536585366,708.22,2,36,1.1388888888888888,20.5,3.715,156.5,17.291064593301435,354.11,3.915,8.694444444444445,17.6,19.672777777777778
15952,399,3.2756043956043954,8.863406593406594,806.57,4,65,1.4,22.75,3.4362172875615764,99.75,9.563553725369458,201.6425,3.236923076923077,6.138461538461539,9.558423076923077,12.40876923076923
15953,892,2.719795918367347,16.932448979591836,1659.3799999999999,8,63,1.5555555555555556,12.25,2.741274574456976,111.5,21.18253701441103,207.42249999999999,3.0441269841269842,14.158730158730158,11.630211640211641,26.339365079365077
15955,2135,2.833169398907104,24.13256830601093,4416.26,14,137,1.3357664233576643,13.071428571428571,2.9314891661092317,152.5,23.068301159245237,315.44714285714286,2.939038929440389,15.583941605839415,23.460024330900247,32.23547445255475
15957,211,2.787857142857143,10.211666666666666,428.89,1,40,1.05,42.0,2.787857142857143,211.0,10.211666666666666,428.89,2.8232500000000003,5.275,10.410250000000001,10.722249999999999
15958,33,3.9842857142857144,14.907142857142857,104.35,1,7,1.0,7.0,3.9842857142857144,33.0,14.907142857142857,104.35,3.9842857142857144,4.714285714285714,14.907142857142858,14.907142857142858
15963,298,2.41,16.812857142857144,470.76,2,26,1.0769230769230769,14.0,2.340888888888889,149.0,17.314888888888888,235.38,2.4992307692307696,11.461538461538462,16.663846153846155,18.106153846153845
15965,453,2.287704918032787,6.931475409836065,845.64,4,88,1.3863636363636365,30.5,2.3069333791208795,113.25,10.7893698489011,211.41,2.3000000000000003,5.1477272727272725,6.837992424242424,9.609545454545454
15967,211,2.8676190476190477,4.986071428571428,418.83,2,73,1.1506849315068493,42.0,2.9583673469387755,105.5,4.983163265306123,209.41500000000002,2.928356164383562,2.8904109589041096,5.1978767123287675,5.737397260273973
15969,124,7.0825000000000005,33.305,666.1,3,20,1.0,6.666666666666667,6.965277777777778,41.333333333333336,33.89555555555555,222.03333333333333,7.0825000000000005,6.2,33.305,33.305
15970,116,2.6,28.55454545454545,314.09999999999997,1,11,1.0,11.0,2.6,116.0,28.55454545454545,314.09999999999997,2.6,10.545454545454545,28.55454545454545,28.55454545454545
15971,1717,2.3254285714285716,119.9957142857143,4199.85,12,10,3.5,2.9166666666666665,2.5100416666666665,143.08333333333334,176.23541666666665,349.9875,2.760650793650794,171.7,165.11620634920635,419.98499999999996
15973,106,4.4275,76.95500000000001,307.82000000000005,1,4,1.0,4.0,4.4275,106.0,76.95500000000001,307.82000000000005,4.4275,26.5,76.955,76.955
15974,2262,2.819545454545455,19.557670454545455,3442.15,7,141,1.24822695035461,25.142857142857142,3.0373709890146823,323.14285714285717,19.416686611232514,491.7357142857143,2.8734633569739954,16.04255319148936,19.028274231678488,24.412411347517732
15975,243,2.1433333333333335,15.45875,371.01,1,24,1.0,24.0,2.1433333333333335,243.0,15.45875,371.01,2.1433333333333335,10.125,15.45875,15.45875
15976,277,2.4076530612244897,4.39734693877551,430.94,2,83,1.180722891566265,49.0,2.4143083333333335,138.5,4.401462499999999,215.47,2.549518072289157,3.3373493975903616,4.570722891566265,5.192048192771084
15977,1016,2.9993846153846153,16.226615384615386,1054.73,2,48,1.3541666666666667,32.5,3.064049227799228,508.0,15.79783301158301,527.365,3.082708333333333,21.166666666666668,15.698749999999999,21.973541666666666
15978,888,1.9628571428571426,22.42408163265306,1098.78,1,49,1.0,49.0,1.9628571428571426,888.0,22.42408163265306,1098.78,1.9628571428571426,18.122448979591837,22.42408163265306,22.42408163265306
15980,1560,2.072558139534884,55.78744186046512,2398.86,3,40,1.075,14.333333333333334,2.2243947368421053,520.0,52.60922807017544,799.6199999999999,2.119125,39.0,55.182,59.971500000000006
15981,1866,2.2077319587628867,35.13896907216495,3408.48,8,53,1.830188679245283,12.125,2.7352243589743592,233.25,39.995628205128206,426.06,2.210943396226415,35.20754716981132,34.05056603773585,64.31094339622642
15983,892,2.1008849557522122,13.053274336283186,1475.02,4,82,1.3780487804878048,28.25,2.1170510416666666,223.0,13.230429166666667,368.755,2.1808536585365856,10.878048780487806,10.698048780487804,17.988048780487805
15984,1843,2.730962962962963,10.50988888888889,2837.67,10,217,1.2442396313364055,27.0,2.647041662559663,184.3,22.033062464313463,283.767,2.6690168970814137,8.493087557603687,9.640330261136713,13.076820276497696
15985,1086,1.8202702702702702,30.876216216216218,1142.42,2,29,1.2758620689655173,18.5,1.9882962962962965,543.0,28.80088888888889,571.21,1.7865517241379312,37.44827586206897,33.50551724137931,39.39379310344828
15986,268,0.897142857142857,12.008571428571429,168.12,1,14,1.0,14.0,0.897142857142857,268.0,12.008571428571429,168.12,0.897142857142857,19.142857142857142,12.008571428571429,12.008571428571429
15987,1556,2.154642857142857,10.366285714285715,1451.28,7,110,1.2727272727272727,20.0,2.4804372860255213,222.28571428571428,69.23259803921569,207.32571428571433,2.2643636363636364,14.145454545454545,8.382727272727273,13.193454545454545
15988,181,3.451851851851852,5.852962962962963,158.03,1,26,1.0384615384615385,27.0,3.451851851851852,181.0,5.852962962962963,158.03,3.536538461538462,6.961538461538462,6.03,6.078076923076923
15990,443,3.0548076923076923,15.232884615384616,792.11,2,52,1.0,26.0,3.161221889055472,221.5,15.462331334332834,396.055,3.0548076923076923,8.51923076923077,15.232884615384616,15.232884615384616
15992,17,6.109999999999999,13.996666666666664,41.989999999999995,1,3,1.0,3.0,6.109999999999999,17.0,13.996666666666664,41.989999999999995,6.109999999999999,5.666666666666667,13.996666666666664,13.996666666666664
15993,2051,2.233713768115942,5.068061594202899,2797.57,7,335,1.6477611940298507,78.85714285714286,3.1989423337832212,293.0,6.9590424807309725,399.65285714285716,2.4111940298507464,6.122388059701493,5.093316417910447,8.350955223880597
15994,177,3.388,12.202,427.07,1,31,1.1290322580645162,35.0,3.388,177.0,12.202,427.07,3.386451612903226,5.709677419354839,12.884516129032258,13.776451612903225
15996,384,3.9843076923076928,8.159076923076924,1060.68,6,103,1.2621359223300972,21.666666666666668,4.22691112012987,64.0,8.428587977994228,176.78,4.051650485436893,3.7281553398058254,8.14235436893204,10.297864077669903
15998,2041,2.5529446640316205,6.106660079051383,3089.97,5,370,1.3675675675675676,101.2,2.553902795874364,408.2,5.972119606108345,617.994,2.5087027027027027,5.5162162162162165,6.025882882882883,8.35127027027027
16000,5110,3.3455555555555554,1377.0777777777778,12393.7,3,9,1.0,3.0,6.190952380952381,1703.3333333333333,1746.8904761904762,4131.233333333334,3.3455555555555554,567.7777777777778,1377.0777777777778,1377.0777777777778
16003,1185,5.018446601941747,26.556990291262135,2735.37,5,82,1.2560975609756098,20.6,5.405765546218488,237.0,26.300214285714286,547.074,5.94280487804878,14.451219512195122,28.944999999999997,33.35817073170732
16005,300,2.3735779816513762,2.822889908256881,615.39,4,173,1.260115606936416,54.5,2.586576750364064,75.0,3.1374914427922826,153.8475,2.4535260115606934,1.7341040462427746,2.937442196531792,3.5571676300578035
16006,84,1.5775000000000001,12.675,101.4,1,8,1.0,8.0,1.5775000000000001,84.0,12.675,101.4,1.5775000000000001,10.5,12.675,12.675
16007,1393,1.78612987012987,4.420623376623377,1701.94,4,221,1.742081447963801,96.25,1.7655126550114342,348.25,4.319593196512962,425.485,1.8981146304675718,6.3031674208144794,4.998642533936652,7.701085972850679
16008,323,2.111515151515152,14.508484848484848,478.78,3,29,1.1379310344827587,11.0,2.2425126262626267,107.66666666666667,16.620195707070707,159.59333333333333,2.2279310344827588,11.137931034482758,14.444482758620689,16.509655172413794
16009,378,3.313888888888889,11.030111111111111,992.71,4,68,1.3235294117647058,22.5,4.510375,94.5,28.25688636363636,248.1775,3.0534313725490194,5.5588235294117645,10.17953431372549,14.598676470588236
16010,210,2.2238372093023258,4.738372093023256,407.5,3,62,1.3870967741935485,28.666666666666668,2.2915178571428574,70.0,5.597172619047619,135.83333333333334,2.1733064516129033,3.3870967741935485,4.405268817204301,6.57258064516129
16011,2042,2.1162735849056604,15.86183962264151,3362.71,16,99,2.1414141414141414,13.25,2.112041656056362,127.625,17.703970146581362,210.169375,2.551111111111111,20.626262626262626,13.867361111111112,33.966767676767674
16012,799,2.5875531914893615,15.05627659574468,1415.29,3,87,1.0804597701149425,31.333333333333332,2.7316865079365082,266.3333333333333,16.449305555555554,471.7633333333333,2.4889655172413794,9.183908045977011,14.752758620689656,16.267701149425285
16013,15536,2.803669064748201,267.126618705036,37130.6,47,30,4.633333333333334,2.9574468085106385,3.2210075488931866,330.5531914893617,395.5618729851709,790.0127659574467,2.559532661782662,517.8666666666667,215.503731990232,1237.6866666666667
16014,265,2.8024137931034483,4.5681379310344825,662.38,3,123,1.1788617886178863,48.333333333333336,3.5748912186379926,88.33333333333333,8.119018817204301,220.79333333333332,2.9415447154471543,2.154471544715447,4.908292682926829,5.38520325203252
16015,909,1.2462637362637363,3.875769230769231,705.39,3,146,1.2465753424657535,60.666666666666664,1.1955407507778781,303.0,4.00851169326508,235.13,1.3033561643835616,6.226027397260274,3.837140410958904,4.831438356164384
16016,620,2.9934468085106385,6.420255319148936,1508.76,8,156,1.5064102564102564,29.375,3.1991461064910154,77.5,7.522093511441138,188.595,3.02974358974359,3.9743589743589745,6.547628205128205,9.67153846153846
16017,102,2.675625,6.62125,211.88,1,26,1.2307692307692308,32.0,2.675625,102.0,6.62125,211.88,2.873846153846154,3.923076923076923,7.126153846153846,8.149230769230769
16018,190,3.3039285714285715,14.603571428571428,408.9,2,26,1.0769230769230769,14.0,3.2139743589743586,95.0,14.896666666666667,204.45,3.3965384615384617,7.3076923076923075,14.407692307692308,15.726923076923075
16019,1733,3.3305,23.663999999999998,3786.24,9,133,1.2030075187969924,17.77777777777778,3.9567115494517875,192.55555555555554,28.028241875625877,420.6933333333333,2.969310776942356,13.030075187969924,20.335802005012532,28.467969924812028
16020,487,2.4445652173913044,18.500217391304346,851.01,3,42,1.0952380952380953,15.333333333333334,2.207341430499325,162.33333333333334,17.69005398110661,283.67,2.5692857142857144,11.595238095238095,18.853571428571428,20.262142857142855
16022,261,3.3089473684210526,8.266842105263157,628.28,1,68,1.1176470588235294,76.0,3.3089473684210526,261.0,8.266842105263157,628.28,3.2729411764705882,3.838235294117647,8.662083333333333,9.239411764705881
16023,358,3.1293069306930694,7.126831683168317,719.81,3,90,1.1222222222222222,33.666666666666664,3.140729448961156,119.33333333333333,7.123685636856369,239.9366666666667,3.099388888888889,3.977777777777778,7.136444444444444,7.997888888888888
16024,398,1.11484375,3.925625,251.24,1,61,1.0491803278688525,64.0,1.11484375,398.0,3.925625,251.24,1.1522950819672133,6.524590163934426,4.058442622950819,4.118688524590164
16025,338,1.9764285714285712,15.702142857142857,439.65999999999997,1,28,1.0,28.0,1.9764285714285712,338.0,15.702142857142857,439.65999999999997,1.9764285714285716,12.071428571428571,15.702142857142857,15.702142857142857
16026,243,1.285625,7.3778125,236.09,1,30,1.0666666666666667,32.0,1.285625,243.0,7.3778125,236.09,1.2213333333333334,8.1,7.582166666666667,7.869666666666666
16027,1147,13.510000000000002,58.41375,934.62,6,11,1.4545454545454546,2.6666666666666665,11.563333333333333,191.16666666666666,74.97111111111111,155.77,19.400909090909092,104.27272727272727,42.96545454545455,84.96545454545456
16029,40208,36.04293388429752,334.813388429752,81024.84,63,44,5.5,3.8412698412698414,131.57417444284113,638.2222222222222,407.1024494834971,1286.1085714285714,187.63524943561342,913.8181818181819,565.8465171103406,1841.4736363636364
16030,283,2.3137931034482757,11.422068965517242,331.24,1,28,1.0357142857142858,29.0,2.3137931034482757,283.0,11.422068965517242,331.24,2.230357142857143,10.107142857142858,10.999642857142858,11.83
16031,423,2.7897000000000003,5.489400000000001,548.94,2,91,1.098901098901099,50.0,2.9195901639344264,211.5,5.912677595628415,274.47,2.890989010989011,4.648351648351649,5.7480769230769235,6.032307692307693
16033,3539,3.34532981530343,7.754089709762533,8816.4,20,538,2.113382899628253,56.85,3.4427368003372303,176.95,8.427904718213593,440.82,3.2613523337463857,6.578066914498141,7.0434218076945765,16.38736059479554
16034,242,2.5545454545454547,19.895454545454548,437.70000000000005,3,18,1.2222222222222223,7.333333333333333,2.646296296296296,80.66666666666667,22.98888888888889,145.9,2.4944444444444445,13.444444444444445,19.418055555555558,24.31666666666667
16036,716,2.1336363636363638,13.798545454545456,758.9200000000001,2,55,1.0,27.5,2.3811363636363634,358.0,15.058068181818184,379.46000000000004,2.1336363636363638,13.018181818181818,13.798545454545454,13.798545454545454
16037,428,3.1225641025641027,21.923589743589744,855.02,3,37,1.054054054054054,13.0,3.4921481481481482,142.66666666666666,23.489333333333335,285.00666666666666,3.1886486486486487,11.567567567567568,22.289729729729732,23.108648648648646
16038,244,3.19,18.145384615384614,471.78,3,24,1.0833333333333333,8.666666666666666,3.4258479532163744,81.33333333333333,20.64219298245614,157.26,3.0141666666666667,10.166666666666666,17.669999999999998,19.6575
16040,684,3.9113846153846157,20.20846153846154,1313.55,3,57,1.1403508771929824,21.666666666666668,3.9333559276980328,228.0,20.375695773524722,437.84999999999997,3.8024561403508774,12.0,20.164736842105263,23.044736842105262
16041,1584,5.39,527.7333333333333,3166.4,3,6,1.0,2.0,4.58,528.0,539.2666666666668,1055.4666666666667,5.39,264.0,527.7333333333333,527.7333333333333
16042,755,2.9728169014084505,16.862957746478873,1197.27,5,68,1.0441176470588236,14.2,3.3238600000000007,151.0,15.099540000000001,239.454,3.015,11.102941176470589,16.94220588235294,17.60691176470588
16043,503,4.506923076923077,19.845897435897434,773.99,4,30,1.3,9.75,4.253827205882353,125.75,22.19383088235294,193.4975,3.917333333333333,16.766666666666666,17.639666666666667,25.799666666666667
16045,897,2.8589156626506025,16.15301204819277,1340.7,4,71,1.1690140845070423,20.75,3.1142949056757194,224.25,16.584606744999185,335.175,2.746807511737089,12.633802816901408,15.493661971830985,18.883098591549295
16048,144,1.62125,32.055,256.44,2,8,1.0,4.0,1.1064285714285715,72.0,20.47714285714286,128.22000000000003,1.62125,18.0,32.055,32.055
16049,793,2.019967948717949,3.563429487179487,1111.79,3,248,1.2580645161290323,104.0,1.9729370997531632,264.3333333333333,3.4408600315972993,370.59666666666664,2.227096774193549,3.1975806451612905,3.7851108870967742,4.4830241935483865
16050,278,2.585,13.790000000000001,137.9,1,10,1.0,10.0,2.585,278.0,13.790000000000001,137.9,2.585,27.8,13.790000000000001,13.790000000000001
16052,282,2.4885294117647057,10.648823529411764,362.06,1,34,1.0,34.0,2.4885294117647057,282.0,10.648823529411764,362.06,2.4885294117647057,8.294117647058824,10.648823529411764,10.648823529411764
16053,1793,2.883809523809524,17.999404761904763,1511.95,2,81,1.037037037037037,42.0,3.1941642228739004,896.5,17.878775659824047,755.975,2.51962962962963,22.135802469135804,17.95,18.66604938271605
16054,380,3.998142857142857,11.198571428571428,783.9,1,70,1.0,70.0,3.998142857142857,380.0,11.198571428571428,783.9,3.998142857142857,5.428571428571429,11.198571428571428,11.198571428571428
16055,22,8.9875,16.85,134.8,1,8,1.0,8.0,8.9875,22.0,16.85,134.8,8.9875,2.75,16.85,16.85
16056,347,3.7658823529411762,9.777205882352941,664.85,1,66,1.0303030303030303,68.0,3.7658823529411762,347.0,9.777205882352941,664.85,3.666363636363636,5.257575757575758,9.859848484848484,10.07348484848485
16057,863,4.028181818181818,18.703471074380165,2263.12,7,109,1.110091743119266,17.285714285714285,3.3248363617376775,123.28571428571429,18.409476921470343,323.30285714285714,3.9033027522935777,7.91743119266055,18.80362385321101,20.76256880733945
16059,643,3.109333333333333,8.110333333333333,1459.8600000000001,6,126,1.4285714285714286,30.0,2.9807263674965285,107.16666666666667,9.182190700781428,243.31000000000003,3.2847619047619045,5.103174603174603,8.322367724867725,11.586190476190477
16062,800,2.7225,18.0253125,1153.62,4,50,1.28,16.0,2.8938337320574163,200.0,21.330839456596035,288.405,3.0524,16.0,18.2544,23.0724
16063,262,2.242608695652174,14.57913043478261,335.32,1,23,1.0,23.0,2.242608695652174,262.0,14.57913043478261,335.32,2.2426086956521742,11.391304347826088,14.57913043478261,14.57913043478261
16065,231,1.8732432432432433,5.028243243243243,372.09,1,71,1.0422535211267605,74.0,1.8732432432432433,231.0,5.028243243243243,372.09,1.9094366197183097,3.2535211267605635,5.141408450704225,5.240704225352112
16066,936,3.1003921568627453,14.920294117647058,1521.87,5,77,1.3246753246753247,20.4,3.3578353315721734,187.2,21.09430061640588,304.37399999999997,3.0816883116883114,12.155844155844155,14.331341991341992,19.764545454545456
16070,457,2.1045454545454545,25.82272727272727,852.15,2,32,1.03125,16.5,1.9699248120300752,228.5,23.978571428571428,426.07500000000005,2.144375,14.28125,26.3184375,26.6296875
16071,180,2.737142857142857,15.535238095238096,326.24,1,21,1.0,21.0,2.737142857142857,180.0,15.535238095238096,326.24,2.737142857142857,8.571428571428571,15.535238095238096,15.535238095238096
16072,140,8.399565217391304,25.405217391304344,584.3199999999999,1,23,1.0,23.0,8.399565217391304,140.0,25.405217391304344,584.3199999999999,8.399565217391304,6.086956521739131,25.405217391304344,25.405217391304344
16073,48,2.55,122.4,122.4,1,1,1.0,1.0,2.55,48.0,122.4,122.4,2.55,48.0,122.4,122.4
16076,1435,2.541007751937985,17.323488372093024,2234.73,10,71,1.8169014084507042,12.9,2.463249007936508,143.5,22.67576884920635,223.473,2.190680751173709,20.211267605633804,13.46396042924212,31.47507042253521
16078,16,4.95,79.2,79.2,1,1,1.0,1.0,4.95,16.0,79.2,79.2,4.95,16.0,79.2,79.2
16079,864,2.9714285714285715,64.38095238095238,1352.0,3,18,1.1666666666666667,7.0,2.9301818181818184,288.0,71.65260606060606,450.6666666666667,3.0838888888888887,48.0,47.67111111111112,75.11111111111111
16080,128,1.7919999999999998,21.716,217.16,2,10,1.0,5.0,1.792,64.0,21.716,108.58,1.7920000000000003,12.8,21.716,21.716
16081,1477,2.7976211453744493,12.365198237885464,2806.9,5,175,1.2971428571428572,45.4,3.0588704405448626,295.4,13.32253709869406,561.3799999999999,2.654171428571429,8.44,11.041742857142857,16.039428571428573
16083,908,1.5748387096774195,42.50387096774193,1317.62,2,31,1.0,15.5,1.6326470588235296,454.0,44.92773109243697,658.81,1.5748387096774195,29.29032258064516,42.50387096774193,42.50387096774193
16084,216,2.6457894736842107,11.47842105263158,436.18,1,38,1.0,38.0,2.6457894736842107,216.0,11.47842105263158,436.18,2.6457894736842107,5.684210526315789,11.47842105263158,11.47842105263158
16085,636,2.387125748502994,5.877305389221557,981.51,5,123,1.3577235772357723,33.4,2.372630862269214,127.2,5.838059448716408,196.302,2.3514498644986452,5.170731707317073,5.7606571815718155,7.979756097560975
16086,511,3.22025641025641,28.753589743589746,1121.39,5,24,1.625,7.8,3.3195,102.2,28.00955,224.27799999999996,3.4282500000000002,21.291666666666668,27.529375,46.724583333333335
16091,154,2.841666666666667,17.503333333333334,315.06,2,16,1.125,9.0,2.8268750000000002,77.0,17.725625,157.53,2.578125,9.625,17.525625,19.69125
16092,628,2.176862745098039,16.036470588235293,817.86,3,37,1.3783783783783783,17.0,2.1112997198879553,209.33333333333334,16.06386974789916,272.62,2.4224324324324322,16.972972972972972,16.192702702702704,22.104324324324324
16093,20,0.85,17.0,17.0,1,1,1.0,1.0,0.85,20.0,17.0,17.0,0.85,20.0,17.0,17.0
16094,647,3.607936507936508,17.114761904761906,1078.23,4,48,1.3125,15.75,3.470348557692308,161.75,17.12208447802198,269.5575,3.37625,13.479166666666666,16.50746527777778,22.463125
16096,155,13.269166666666669,26.718333333333334,320.62,1,12,1.0,12.0,13.269166666666669,155.0,26.718333333333334,320.62,13.269166666666665,12.916666666666666,26.718333333333334,26.718333333333334
16097,87,5.359999999999999,18.505,185.04999999999998,1,10,1.0,10.0,5.359999999999999,87.0,18.505,185.04999999999998,5.359999999999999,8.7,18.505,18.505
16098,613,4.424626865671642,29.934776119402986,2005.63,7,34,1.9705882352941178,9.571428571428571,4.46986198325484,87.57142857142857,31.524847592883305,286.5185714285714,5.313147759103641,18.029411764705884,31.406768207282912,58.989117647058826
16099,434,1.8684615384615386,18.766666666666666,731.9,3,29,1.3448275862068966,13.0,1.889733950260266,144.66666666666666,19.26186620397147,243.9666666666667,1.7651724137931033,14.96551724137931,17.935632183908044,25.23793103448276
16101,757,2.4839473684210525,16.982894736842105,1290.7,1,76,1.0,76.0,2.4839473684210525,757.0,16.982894736842105,1290.7,2.4839473684210525,9.960526315789474,16.982894736842105,16.982894736842105
16102,942,2.5987719298245615,32.31824561403509,1842.14,3,41,1.3902439024390243,19.0,2.872700119474313,314.0,37.992732974910396,614.0466666666667,2.4426016260162604,22.975609756097562,29.96317073170732,44.930243902439024
16103,558,4.607291666666667,29.784166666666668,1429.64,6,30,1.6,8.0,5.411977564102564,93.0,30.390544871794873,238.27333333333334,3.5469999999999997,18.6,25.55111111111111,47.65466666666667
16104,123,3.3613793103448275,10.426206896551724,302.36,1,28,1.0357142857142858,29.0,3.3613793103448275,123.0,10.426206896551724,302.36,3.3332142857142855,4.392857142857143,10.650357142857144,10.79857142857143
16105,330,1.18,25.919999999999998,336.96,1,13,1.0,13.0,1.18,330.0,25.919999999999998,336.96,1.18,25.384615384615383,25.919999999999998,25.919999999999998
16106,74,1.5133333333333334,18.063333333333333,108.38,1,6,1.0,6.0,1.5133333333333334,74.0,18.063333333333333,108.38,1.5133333333333334,12.333333333333334,18.063333333333333,18.063333333333333
16107,1176,4.36483870967742,103.36000000000001,3204.1600000000003,7,16,1.9375,4.428571428571429,3.638952380952381,168.0,122.31742857142856,457.7371428571429,5.303541666666667,73.5,98.14052083333334,200.26000000000002
16108,615,1.9610416666666666,17.552083333333332,842.5,1,48,1.0,48.0,1.9610416666666666,615.0,17.552083333333332,842.5,1.9610416666666666,12.8125,17.552083333333332,17.552083333333332
16109,612,1.5788888888888888,33.99333333333333,611.88,2,18,1.0,9.0,3.0873333333333335,306.0,62.396,305.94,1.5788888888888888,34.0,33.99333333333333,33.99333333333333
16110,733,2.2664406779661017,3.77819209039548,1337.48,3,283,1.2508833922261484,118.0,2.267793104593616,244.33333333333334,3.695129050829818,445.82666666666665,2.2950883392226147,2.590106007067138,3.8524411071849234,4.726077738515901
16112,574,0.5575,12.23375,195.74,4,15,1.0666666666666667,4.0,0.49124999999999996,143.5,16.169375,48.935,0.5786666666666667,38.266666666666666,10.937333333333333,13.049333333333333
16113,176,2.6510000000000002,5.379333333333333,161.38,1,30,1.0,30.0,2.6510000000000002,176.0,5.379333333333333,161.38,2.6510000000000002,5.866666666666666,5.379333333333333,5.379333333333333
16114,43,3.34375,16.968750000000004,135.75000000000003,1,8,1.0,8.0,3.34375,43.0,16.968750000000004,135.75000000000003,3.34375,5.375,16.96875,16.96875
16115,1001,2.356901408450704,5.873133802816901,1667.97,8,169,1.680473372781065,35.5,2.3742368027528338,125.125,5.933066218604842,208.49625,2.32905325443787,5.923076923076923,5.400553817976895,9.869644970414202
16116,248,4.36735294117647,18.02294117647059,612.78,1,34,1.0,34.0,4.36735294117647,248.0,18.02294117647059,612.78,4.36735294117647,7.294117647058823,18.02294117647059,18.02294117647059
16117,130,2.449,7.740333333333334,232.21,1,30,1.0,30.0,2.449,130.0,7.740333333333334,232.21,2.449,4.333333333333333,7.740333333333334,7.740333333333334
16119,240,2.131875,26.46,423.36,2,14,1.1428571428571428,8.0,2.0751818181818185,120.0,25.455272727272728,211.68,2.015,17.142857142857142,25.815,30.240000000000002
16120,878,1.807,43.638000000000005,1309.14,4,26,1.1538461538461537,7.5,2.3944318181818183,219.5,49.59647727272728,327.285,1.8465384615384615,33.76923076923077,44.94096153846154,50.35153846153847
16121,586,1.965188679245283,4.090141509433963,867.11,2,170,1.2470588235294118,106.0,2.0094849197023112,293.0,4.0438258911085,433.555,2.0047058823529413,3.447058823529412,4.114911764705882,5.1006470588235295
16122,1128,1.583157894736842,18.011052631578945,684.42,4,26,1.4615384615384615,9.5,1.2854281045751632,282.0,27.834274509803922,171.10500000000002,1.5653846153846156,43.38461538461539,19.118076923076924,26.32384615384615
16123,170,3.1075,19.236250000000002,307.78000000000003,1,16,1.0,16.0,3.1075,170.0,19.236250000000002,307.78000000000003,3.1075,10.625,19.236250000000002,19.236250000000002
16124,48,8.549999999999999,22.636363636363637,249.0,1,11,1.0,11.0,8.549999999999999,48.0,22.636363636363637,249.0,8.549999999999999,4.363636363636363,22.636363636363637,22.636363636363637
16125,124,3.209230769230769,22.25769230769231,289.35,1,13,1.0,13.0,3.209230769230769,124.0,22.25769230769231,289.35,3.209230769230769,9.538461538461538,22.25769230769231,22.25769230769231
16126,2125,3.6533333333333333,53.741623931623934,6287.77,4,57,2.0526315789473686,29.25,3.7550806451612906,531.25,51.72404692082112,1571.9425,3.288859649122807,37.280701754385966,52.34596491228071,110.31175438596492
16127,323,3.10625,16.40625,656.25,1,40,1.0,40.0,3.10625,323.0,16.40625,656.25,3.10625,8.075,16.40625,16.40625
16128,988,2.425056179775281,21.126067415730336,1880.22,5,76,1.1710526315789473,17.8,2.4169435435435433,197.6,24.939999399399404,376.044,2.500921052631579,13.0,19.917894736842104,24.739736842105263
16131,1802,3.2437179487179484,44.95564102564102,3506.54,6,55,1.4181818181818182,13.0,3.844218635631679,300.3333333333333,41.844927902210515,584.4233333333334,3.073272727272727,32.763636363636365,42.868545454545455,63.755272727272725
16133,8887,3.2128106508875742,43.16284023668639,14589.04,33,219,1.54337899543379,10.242424242424242,3.401772054544782,269.3030303030303,54.258109551223185,442.0921212121212,3.3268493150684932,40.57990867579909,41.424573820395736,66.61662100456621
16134,371,2.047428571428571,17.659714285714287,618.09,2,34,1.0294117647058822,17.5,2.0686513157894737,185.5,17.66452302631579,309.045,2.065,10.911764705882353,17.66735294117647,18.179117647058824
16135,209,3.4428571428571426,24.645238095238092,517.55,1,21,1.0,21.0,3.4428571428571426,209.0,24.645238095238092,517.55,3.4428571428571426,9.952380952380953,24.645238095238092,24.645238095238092
16136,440,2.655675675675676,19.172432432432434,709.38,3,35,1.0571428571428572,12.333333333333334,2.9472510822510825,146.66666666666666,19.625941558441557,236.46,2.7471428571428573,12.571428571428571,19.40057142857143,20.268
16139,330,2.7732258064516127,20.49709677419355,635.4100000000001,3,25,1.24,10.333333333333334,2.912824074074074,110.0,20.790925925925926,211.80333333333337,2.3788,13.2,20.5444,25.416400000000003
16140,730,1.7917142857142858,20.719428571428573,725.1800000000001,2,32,1.09375,17.5,1.7610714285714288,365.0,19.6,362.59,1.8278125,22.8125,21.473125,22.661875000000002
16141,238,4.6883333333333335,20.68,620.4,1,30,1.0,30.0,4.6883333333333335,238.0,20.68,620.4,4.6883333333333335,7.933333333333334,20.68,20.68
16142,422,2.8767567567567567,14.46864864864865,535.34,1,37,1.0,37.0,2.8767567567567567,422.0,14.46864864864865,535.34,2.8767567567567567,11.405405405405405,14.46864864864865,14.46864864864865
16143,919,4.138119658119658,20.725982905982907,2424.94,6,75,1.56,19.5,4.982395339262187,153.16666666666666,22.58500650527009,404.1566666666667,4.6426,12.253333333333334,21.318866666666665,32.33253333333334
16144,16,10.95,175.2,175.2,1,1,1.0,1.0,10.95,16.0,175.2,175.2,10.95,16.0,175.2,175.2
16145,3123,2.2435267857142858,16.96200892857143,3799.4900000000002,11,134,1.671641791044776,20.363636363636363,2.2431780380557806,283.90909090909093,17.10022278987446,345.4081818181818,2.270957711442786,23.30597014925373,17.361705756929638,28.35440298507463
16146,427,2.0944827586206896,25.314827586206896,734.13,3,26,1.1153846153846154,9.666666666666666,1.7422222222222221,142.33333333333334,41.89389863547758,244.71000000000004,2.175,16.423076923076923,23.99423076923077,28.23576923076923
16147,246,3.9104545454545456,17.045454545454547,375.0,1,22,1.0,22.0,3.9104545454545456,246.0,17.045454545454547,375.0,3.9104545454545456,11.181818181818182,17.045454545454547,17.045454545454547
16148,72,1.06,76.32000000000001,76.32000000000001,1,1,1.0,1.0,1.06,72.0,76.32000000000001,76.32000000000001,1.06,72.0,76.32000000000001,76.32000000000001
16149,308,1.2538888888888888,15.584444444444443,280.52,2,18,1.0,9.0,1.2386363636363638,154.0,15.785714285714285,140.26,1.2538888888888888,17.11111111111111,15.584444444444443,15.584444444444443
16150,1047,3.028974358974359,17.547179487179488,2053.02,5,91,1.2857142857142858,23.4,3.0852883065953653,209.4,17.5718104456328,410.604,2.9626373626373628,11.505494505494505,17.31736263736264,22.560659340659342
16152,642,5.976206896551724,63.070344827586204,1829.04,1,29,1.0,29.0,5.976206896551724,642.0,63.070344827586204,1829.04,5.976206896551724,22.137931034482758,63.070344827586204,63.070344827586204
16153,1073,2.9908988764044944,20.496966292134832,1824.23,5,78,1.141025641025641,17.8,3.167051262626263,214.6,19.589019444444443,364.846,2.960769230769231,13.756410256410257,20.135641025641025,23.387564102564102
16156,1308,3.077,24.01569230769231,3122.04,9,108,1.2037037037037037,14.444444444444445,3.1702351290684625,145.33333333333334,25.897631640289536,346.8933333333333,3.056635802469136,12.11111111111111,22.967708333333334,28.907777777777778
16157,347,3.445555555555556,36.482777777777784,656.69,3,12,1.5,6.0,3.400603174603175,115.66666666666667,37.18568253968254,218.89666666666668,3.577083333333334,28.916666666666668,31.657916666666665,54.72416666666667
16159,236,1.8714285714285714,24.87142857142857,348.2,1,14,1.0,14.0,1.8714285714285714,236.0,24.87142857142857,348.2,1.8714285714285714,16.857142857142858,24.87142857142857,24.87142857142857
16160,1162,1.741,51.272000000000006,1025.44,2,20,1.0,10.0,2.4266666666666663,581.0,49.08133333333333,512.72,1.741,58.1,51.272000000000006,51.272000000000006
16161,2599,3.1820464135021096,11.762784810126583,5575.56,19,286,1.6573426573426573,24.94736842105263,3.350121156453903,136.78947368421052,12.840394760142127,293.4505263157895,3.0980040792540793,9.087412587412587,10.981876040626041,19.494965034965038
16162,4,9.35,18.7,37.4,1,2,1.0,2.0,9.35,4.0,18.7,37.4,9.35,2.0,18.7,18.7
16163,192,4.791666666666667,142.76666666666668,856.6,2,5,1.2,3.0,4.535,96.0,251.66000000000003,428.30000000000007,4.96,38.4,111.07000000000001,171.32
16164,433,2.433529411764706,24.19058823529412,822.48,3,27,1.2592592592592593,11.333333333333334,2.3861507936507937,144.33333333333334,25.23718253968254,274.16,2.4303703703703707,16.037037037037038,21.062592592592594,30.462222222222223
16168,1892,3.3155102040816327,38.648979591836735,3787.6,27,57,1.719298245614035,3.6296296296296298,3.4076014109347446,70.07407407407408,56.20435185185185,140.28148148148148,3.3476023391812864,33.19298245614035,35.822426900584794,66.44912280701755
16169,1325,2.0698823529411765,21.44670588235294,1822.97,4,71,1.1971830985915493,21.25,2.0548322281167106,331.25,21.580659593280284,455.7425,2.1049295774647887,18.661971830985916,20.04338028169014,25.6756338028169
16170,1770,2.08032,15.0804,1885.05,6,106,1.179245283018868,20.833333333333332,2.080758987389422,295.0,15.296830925716796,314.175,2.1408490566037734,16.69811320754717,15.153207547169812,17.783490566037734
16171,24,3.4166666666666665,24.399999999999995,73.19999999999999,1,3,1.0,3.0,3.4166666666666665,24.0,24.399999999999995,73.19999999999999,3.4166666666666665,8.0,24.399999999999995,24.399999999999995
16172,787,1.9330434782608694,16.524782608695652,1140.21,5,52,1.3269230769230769,13.8,1.8017133838383839,157.4,16.932361111111113,228.042,1.7648076923076923,15.134615384615385,14.927788461538462,21.927115384615384
16173,575,4.0340476190476195,16.884761904761906,1418.32,6,70,1.2,14.0,4.014787134502924,95.83333333333333,18.08206424394319,236.38666666666666,3.8465714285714285,8.214285714285714,16.980285714285717,20.261714285714284
16174,651,3.7252173913043474,43.893478260869564,1009.55,3,19,1.2105263157894737,7.666666666666667,4.033333333333333,217.0,103.6324074074074,336.51666666666665,3.6994736842105267,34.26315789473684,33.90921052631579,53.13421052631579
16175,533,3.5925862068965517,17.88948275862069,1037.5900000000001,4,45,1.288888888888889,14.5,3.606663576007326,133.25,17.79900251831502,259.39750000000004,3.543555555555556,11.844444444444445,17.58822222222222,23.05755555555556
16177,95,5.41,22.13,331.95,1,15,1.0,15.0,5.41,95.0,22.13,331.95,5.41,6.333333333333333,22.13,22.13
16178,94,3.19375,24.7375,197.9,1,8,1.0,8.0,3.19375,94.0,24.7375,197.9,3.19375,11.75,24.7375,24.7375
16179,99,3.732727272727273,19.62090909090909,215.83,1,11,1.0,11.0,3.732727272727273,99.0,19.62090909090909,215.83,3.732727272727273,9.0,19.62090909090909,19.62090909090909
16180,5867,2.43179012345679,63.29740740740741,10254.18,8,90,1.8,20.25,2.310317851419414,733.375,71.10929429945055,1281.7725,2.407951851851852,65.18888888888888,44.14010185185185,113.93533333333333
16181,152,2.411818181818182,27.776363636363637,305.54,1,11,1.0,11.0,2.411818181818182,152.0,27.776363636363637,305.54,2.411818181818182,13.818181818181818,27.776363636363637,27.776363636363637
16182,3791,2.12,236.34464285714284,6617.65,4,17,1.6470588235294117,7.0,1.9671212121212123,947.75,245.47987012987014,1654.4125,2.3705882352941177,223.0,196.5970588235294,389.2735294117647
16183,113,3.5153333333333334,22.58066666666667,338.71000000000004,1,15,1.0,15.0,3.5153333333333334,113.0,22.58066666666667,338.71000000000004,3.5153333333333334,7.533333333333333,22.58066666666667,22.58066666666667
16184,561,4.008,25.750888888888888,1158.79,6,26,1.7307692307692308,7.5,3.610638888888889,93.5,28.061328703703705,193.13166666666666,4.0325,21.576923076923077,23.5075,44.56884615384615
16185,260,3.302258064516129,17.07774193548387,529.41,2,31,1.0,15.5,3.084934210526316,130.0,16.916206140350877,264.705,3.302258064516129,8.387096774193548,17.07774193548387,17.07774193548387
16186,3020,1.8390366972477066,18.38045871559633,4006.94,12,87,2.5057471264367814,18.166666666666668,1.9517188708974667,251.66666666666666,18.651706310529246,333.9116666666667,1.9047509578544062,34.71264367816092,17.272471811713192,46.056781609195404
16187,5048,2.1664745762711863,23.428610169491527,6911.4400000000005,15,160,1.84375,19.666666666666668,2.4632005526539005,336.53333333333336,24.235982663679337,460.7626666666667,2.3918125,31.55,21.575464583333336,43.1965
16188,782,2.2217910447761198,14.654626865671641,981.86,4,65,1.0307692307692307,16.75,2.377653846153846,195.5,15.083615384615385,245.465,2.229538461538462,12.03076923076923,14.804615384615383,15.105538461538462
16189,134,3.9436363636363634,19.58909090909091,215.48,2,9,1.2222222222222223,5.5,4.1825,67.0,19.14,107.74,4.497777777777777,14.88888888888889,20.558888888888887,23.94222222222222
16190,88,7.1866666666666665,35.84666666666667,215.08,1,6,1.0,6.0,7.1866666666666665,88.0,35.84666666666667,215.08,7.1866666666666665,14.666666666666666,35.84666666666667,35.84666666666667
16191,3351,2.2528358208955224,38.66059701492538,5180.52,13,65,2.0615384615384613,10.307692307692308,2.242993016729859,257.7692307692308,67.88077657819763,398.5015384615385,2.168282051282051,51.55384615384615,39.902641025641024,79.7003076923077
16193,219,2.3473684210526318,16.55,314.45,1,19,1.0,19.0,2.3473684210526318,219.0,16.55,314.45,2.3473684210526318,11.526315789473685,16.55,16.55
16198,129,4.1794,26.71206666666667,400.68100000000004,1,15,1.0,15.0,4.1794,129.0,26.71206666666667,400.68100000000004,4.1794,8.6,26.71206666666667,26.71206666666667
16200,523,2.595251396648045,6.036983240223464,1080.6200000000001,2,149,1.2013422818791946,89.5,2.7780906241094327,261.5,6.936582359646623,540.31,2.7199999999999998,3.51006711409396,6.2206040268456375,7.252483221476511
16201,1286,2.0225225225225225,16.78801801801802,1863.47,4,74,1.5,27.75,1.9731119128466328,321.5,16.71228777589134,465.8675,2.2418918918918918,17.37837837837838,16.01927927927928,25.182027027027026
16202,191,3.4850000000000003,20.292777777777776,365.27,1,18,1.0,18.0,3.4850000000000003,191.0,20.292777777777776,365.27,3.4850000000000003,10.61111111111111,20.292777777777776,20.292777777777776
16203,262,2.875714285714286,16.939999999999998,592.9,4,27,1.2962962962962963,8.75,3.0085858585858585,65.5,16.60681818181818,148.225,2.968518518518519,9.703703703703704,17.125925925925927,21.95925925925926
16204,231,2.056140350877193,7.117719298245614,405.71,1,45,1.2666666666666666,57.0,2.056140350877193,231.0,7.117719298245614,405.71,2.068,5.133333333333334,8.001037037037037,9.015777777777778
16205,517,2.2246938775510205,7.769183673469388,761.38,4,73,1.3424657534246576,24.5,2.0191973039215685,129.25,17.78497140522876,190.345,2.232054794520548,7.082191780821918,8.014360730593607,10.42986301369863
16206,272,2.346031746031746,8.524761904761906,537.0600000000001,4,52,1.2115384615384615,15.75,2.416638392857143,68.0,9.742084821428572,134.265,2.4240384615384616,5.230769230769231,7.682403846153846,10.328076923076923
16207,140,4.256842105263158,20.756842105263157,394.38,1,19,1.0,19.0,4.256842105263158,140.0,20.756842105263157,394.38,4.256842105263158,7.368421052631579,20.756842105263157,20.756842105263157
16208,333,3.159242424242424,10.064545454545454,664.26,2,61,1.0819672131147542,33.0,3.017625,166.5,9.425067307692307,332.13,3.0342622950819673,5.459016393442623,9.784590163934427,10.88950819672131
16209,1179,2.483913043478261,49.18739130434783,2262.62,5,37,1.2432432432432432,9.2,3.2268352941176475,235.8,107.97762887700534,452.524,2.6245945945945945,31.864864864864863,56.02310810810811,61.1518918918919
16210,7559,3.7576422764227644,171.43333333333334,21086.3,18,74,1.662162162162162,6.833333333333333,3.911844576719577,419.94444444444446,198.79244775132275,1171.4611111111112,3.3361711711711712,102.14864864864865,50.33168918918919,284.95
16211,154,3.8082608695652174,23.783478260869565,547.02,1,23,1.0,23.0,3.8082608695652174,154.0,23.783478260869565,547.02,3.8082608695652174,6.695652173913044,23.783478260869565,23.783478260869565
16212,244,4.468048780487805,16.837560975609758,690.34,2,40,1.025,20.5,4.086363636363636,122.0,17.03840909090909,345.17,4.5485,6.1,16.8835,17.2585
16213,48,3.8166666666666664,26.5,159.0,1,6,1.0,6.0,3.8166666666666664,48.0,26.5,159.0,3.8166666666666664,8.0,26.5,26.5
16214,420,4.525454545454545,24.15340909090909,1062.75,3,36,1.2222222222222223,14.666666666666666,5.116074074074073,140.0,31.408555555555555,354.25,4.214444444444444,11.666666666666666,22.78263888888889,29.520833333333332
16215,104,4.285714285714286,17.310714285714287,242.35,1,14,1.0,14.0,4.285714285714286,104.0,17.310714285714287,242.35,4.285714285714286,7.428571428571429,17.310714285714287,17.310714285714287
16216,254,8.991621621621622,24.72783783783784,914.9300000000001,1,37,1.0,37.0,8.991621621621622,254.0,24.72783783783784,914.9300000000001,8.991621621621622,6.864864864864865,24.72783783783784,24.72783783783784
16217,91,4.21,20.283333333333335,304.25,2,13,1.1538461538461537,7.5,4.178977272727273,45.5,23.47443181818182,152.125,4.257692307692308,7.0,18.263461538461538,23.403846153846153
16218,2088,1.6713095238095237,36.72238095238095,3084.68,7,56,1.5,12.0,1.7086324529811923,298.2857142857143,52.135831332533016,440.6685714285714,1.643482142857143,37.285714285714285,28.69919642857143,55.083571428571425
16221,717,2.2505154639175258,8.916082474226805,864.86,3,90,1.0777777777777777,32.333333333333336,2.4253119658119657,239.0,9.92673076923077,288.2866666666667,2.28,7.966666666666667,9.154694444444445,9.609555555555556
16222,365,3.224963503649635,6.18043795620438,846.72,1,120,1.1416666666666666,137.0,3.224963503649635,365.0,6.18043795620438,846.72,3.29875,3.0416666666666665,6.3875,7.056
16224,1116,2.4532291666666666,13.492708333333333,1295.3,4,90,1.0666666666666667,24.0,2.7517305194805197,279.0,13.366906926406926,323.82500000000005,2.5284444444444443,12.4,13.721555555555556,14.392222222222221
16225,493,2.393358208955224,8.181492537313432,1096.32,5,109,1.2293577981651376,26.8,3.1017024779462785,98.6,16.627024462285657,219.26399999999998,2.3188990825688074,4.522935779816514,7.066269113149847,10.057981651376146
16226,192,1.7675,31.89,255.12,3,6,1.3333333333333333,2.6666666666666665,1.6422222222222222,64.0,28.643333333333334,85.04,1.6566666666666665,32.0,27.645,42.52
16227,90,3.313333333333334,52.370000000000005,314.22,1,6,1.0,6.0,3.313333333333334,90.0,52.370000000000005,314.22,3.313333333333333,15.0,52.370000000000005,52.370000000000005
16229,318,3.3648936170212767,21.50212765957447,1010.6,2,46,1.0217391304347827,23.5,3.8200000000000003,159.0,24.244999999999997,505.29999999999995,3.3304347826086955,6.913043478260869,20.94728260869565,21.969565217391306
16230,365,1.9505714285714284,15.486571428571429,542.03,2,32,1.09375,17.5,1.930296052631579,182.5,15.576940789473685,271.015,1.975625,11.40625,15.2571875,16.9384375
16232,550,2.445945945945946,26.78054054054054,990.88,4,24,1.5416666666666667,9.25,2.5730492424242426,137.5,28.523607954545454,247.71999999999997,1.9920833333333334,22.916666666666668,21.28152777777778,41.28666666666667
16233,174,3.6286363636363634,24.394545454545458,536.6800000000001,3,22,1.0,7.333333333333333,6.045641025641025,58.0,38.48446886446886,178.89333333333335,3.6286363636363634,7.909090909090909,24.394545454545458,24.394545454545458
16235,330,4.824565217391305,18.854565217391304,867.3100000000001,5,42,1.0952380952380953,9.2,5.741849673202614,66.0,17.076272175536882,173.46200000000002,4.825,7.857142857142857,19.249285714285715,20.650238095238098
16236,184,2.8775000000000004,21.61,432.2,1,20,1.0,20.0,2.8775000000000004,184.0,21.61,432.2,2.8775000000000004,9.2,21.61,21.61
16239,228,2.331578947368421,21.8,414.2,2,18,1.0555555555555556,9.5,2.0083333333333333,114.0,19.884166666666665,207.1,2.3694444444444445,12.666666666666666,22.094444444444445,23.01111111111111
16240,1641,4.088148148148148,27.546666666666667,3718.8,2,126,1.0714285714285714,67.5,4.017833333333334,820.5,27.94868333333333,1859.4,4.208412698412698,13.023809523809524,28.417539682539683,29.514285714285716
16241,1453,2.22,3.939380664652568,2607.87,13,347,1.9077809798270893,50.92307692307692,2.455002867043075,111.76923076923077,7.951022154809907,200.6053846153846,2.098909702209414,4.187319884726225,4.185543776588445,7.515475504322766
16242,1982,2.41608843537415,12.255816326530612,3603.21,7,184,1.5978260869565217,42.0,2.5954719134613926,283.14285714285717,11.795571618324052,514.7442857142858,2.357282608695652,10.771739130434783,10.439126552795031,19.58266304347826
16243,110,5.841372549019608,8.02156862745098,409.1,2,49,1.0408163265306123,25.5,6.651470588235293,55.0,9.17720588235294,204.55,5.877755102040816,2.2448979591836733,8.096428571428572,8.348979591836736
16244,855,2.567252747252747,16.733516483516482,1522.75,2,88,1.0340909090909092,45.5,2.5260515873015876,427.5,16.70952380952381,761.375,2.559431818181818,9.715909090909092,16.70193181818182,17.303977272727273
16245,1014,2.924444444444444,15.707333333333334,1413.66,3,80,1.125,30.0,3.133891330891331,338.0,15.559582417582419,471.22,3.04175,12.675,15.964375,17.67075
16247,182,2.7112499999999997,7.16,114.56,1,16,1.0,16.0,2.7112499999999997,182.0,7.16,114.56,2.7112499999999997,11.375,7.16,7.16
16248,78,2.0314285714285716,21.84857142857143,152.94,1,7,1.0,7.0,2.0314285714285716,78.0,21.84857142857143,152.94,2.0314285714285716,11.142857142857142,21.84857142857143,21.84857142857143
16249,950,3.4831884057971014,26.08797101449275,1800.07,5,67,1.0298507462686568,13.8,3.6261121212121212,190.0,27.33954545454545,360.014,3.4692537313432834,14.17910447761194,25.436119402985074,26.866716417910446
16250,208,3.0883333333333334,16.226666666666667,389.44,2,22,1.0909090909090908,12.0,3.0307142857142857,104.0,16.24142857142857,194.72000000000003,2.828181818181818,9.454545454545455,16.079090909090908,17.701818181818183
16253,3233,1.7190243902439024,29.95008130081301,3683.86,2,114,1.0789473684210527,61.5,1.742443396226415,1616.5,30.209080862533696,1841.93,1.7125438596491227,28.359649122807017,30.129736842105263,32.314561403508776
16255,1767,2.851,9.70337037037037,2619.91,8,146,1.8493150684931507,33.75,2.91620744932108,220.875,9.76361139415356,327.48875,2.790337899543379,12.102739726027398,8.304410958904109,17.944589041095888
16256,581,2.3407692307692307,57.87923076923077,752.4300000000001,1,13,1.0,13.0,2.3407692307692307,581.0,57.87923076923077,752.4300000000001,2.3407692307692307,44.69230769230769,57.87923076923077,57.87923076923077
16257,2,23.475,23.475,46.95,1,2,1.0,2.0,23.475,2.0,23.475,46.95,23.475,1.0,23.475,23.475
16258,2994,3.034148148148148,38.54451851851852,5203.51,5,111,1.2162162162162162,27.0,3.030090959282264,598.8,53.586080377271685,1040.702,2.952732732732733,26.972972972972972,35.59776276276276,46.87846846846847
16260,311,5.366666666666666,57.525000000000006,1035.45,1,18,1.0,18.0,5.366666666666666,311.0,57.525000000000006,1035.45,5.366666666666666,17.27777777777778,57.525000000000006,57.525000000000006
16261,306,3.3495161290322577,6.022822580645162,746.83,4,98,1.2653061224489797,31.0,3.5587313664596274,76.5,6.625812111801243,186.7075,3.2941326530612245,3.122448979591837,5.956972789115646,7.620714285714286
16265,2646,3.743875968992248,21.112403100775193,5447.0,9,164,1.5731707317073171,28.666666666666668,3.9850971888420954,294.0,22.355230678145706,605.2222222222222,3.76840243902439,16.134146341463413,20.935294715447153,33.21341463414634
16266,398,3.9349180327868853,14.129344262295081,861.89,7,44,1.3863636363636365,8.714285714285714,3.916280663780664,56.857142857142854,16.35463383838384,123.12714285714286,3.9790909090909086,9.045454545454545,13.865113636363638,19.588409090909092
16268,533,4.259111111111111,14.836666666666666,667.65,2,45,1.0,22.5,7.552777777777777,266.5,16.51833333333333,333.825,4.259111111111111,11.844444444444445,14.836666666666666,14.836666666666666
16270,688,3.222777777777778,21.134074074074075,1141.24,1,54,1.0,54.0,3.222777777777778,688.0,21.134074074074075,1141.24,3.222777777777778,12.74074074074074,21.134074074074075,21.134074074074075
16271,1038,1.6585714285714286,10.746165413533834,1429.24,5,89,1.4943820224719102,26.6,4.222383051529791,207.6,12.34010305958132,285.848,1.7689232209737829,11.662921348314606,9.604026217228464,16.05887640449438
16272,224,1.7372,16.468,411.7,1,25,1.0,25.0,1.7372,224.0,16.468,411.7,1.7372,8.96,16.468,16.468
16274,155,4.277611940298508,5.342537313432835,357.95,1,64,1.046875,67.0,4.277611940298508,155.0,5.342537313432835,357.95,4.2234375,2.421875,5.33828125,5.59296875
16275,336,4.386969696969698,16.965757575757575,559.87,1,33,1.0,33.0,4.386969696969698,336.0,16.965757575757575,559.87,4.386969696969698,10.181818181818182,16.965757575757575,16.965757575757575
16276,420,1.9916666666666665,135.1,810.6,1,6,1.0,6.0,1.9916666666666665,420.0,135.1,810.6,1.9916666666666665,70.0,135.10000000000002,135.10000000000002
16278,114,9.835217391304349,24.625217391304346,566.38,1,23,1.0,23.0,9.835217391304349,114.0,24.625217391304346,566.38,9.835217391304349,4.956521739130435,24.625217391304346,24.625217391304346
16279,1054,2.1885981308411218,14.10822429906542,1509.58,3,102,1.0490196078431373,35.666666666666664,2.2992750644745326,351.3333333333333,16.016906834300453,503.1933333333333,2.1818627450980395,10.333333333333334,14.040245098039216,14.799803921568627
16281,934,2.373529411764706,121.29764705882353,2062.06,1,17,1.0,17.0,2.373529411764706,934.0,121.29764705882353,2062.06,2.373529411764706,54.94117647058823,121.29764705882353,121.29764705882353
16282,114,2.731818181818182,15.3,168.3,1,11,1.0,11.0,2.731818181818182,114.0,15.3,168.3,2.731818181818182,10.363636363636363,15.3,15.3
16283,1236,2.4171686746987953,9.462710843373493,1570.81,5,117,1.4188034188034189,33.2,2.917631519532544,247.2,10.781558625945001,314.162,2.1314529914529916,10.564102564102564,9.348397435897436,13.425726495726495
16284,544,2.118440366972477,7.559357798165138,823.97,2,87,1.2528735632183907,54.5,2.130418353576248,272.0,7.56468286099865,411.985,2.1535632183908047,6.252873563218391,7.323946360153256,9.470919540229886
16287,298,2.2375000000000003,17.8125,142.5,1,8,1.0,8.0,2.2375000000000003,298.0,17.8125,142.5,2.2375000000000003,37.25,17.8125,17.8125
16292,191,2.360588235294118,17.779411764705884,302.25,1,17,1.0,17.0,2.360588235294118,191.0,17.779411764705884,302.25,2.360588235294118,11.235294117647058,17.779411764705884,17.779411764705884
16293,982,4.160847457627119,19.059237288135595,2248.9900000000002,10,102,1.1568627450980393,11.8,4.299940977443609,98.2,19.730239651211363,224.89900000000003,4.217450980392157,9.627450980392156,18.748921568627452,22.048921568627453
16295,841,3.7668354430379747,16.817088607594936,1328.55,4,70,1.1285714285714286,19.75,3.824512685456958,210.25,16.88914974602281,332.1375,3.6155714285714287,12.014285714285714,16.633714285714284,18.979285714285712
16297,206,2.7915,15.094999999999999,301.9,1,20,1.0,20.0,2.7915,206.0,15.094999999999999,301.9,2.7915,10.3,15.094999999999999,15.094999999999999
16298,198,4.071111111111112,22.15555555555556,598.2,3,22,1.2272727272727273,9.0,4.19054945054945,66.0,23.22769230769231,199.4,4.0645454545454545,9.0,20.911363636363635,27.19090909090909
16302,158,1.7618181818181817,21.201818181818183,233.22,1,11,1.0,11.0,1.7618181818181817,158.0,21.201818181818183,233.22,1.7618181818181817,14.363636363636363,21.201818181818183,21.201818181818183
16303,2659,2.858703703703704,33.09030864197531,5360.63,3,119,1.361344537815126,54.0,2.679825857357772,886.3333333333334,32.63463697767953,1786.8766666666668,2.988235294117647,22.34453781512605,33.4063025210084,45.04731092436975
16305,256,1.6831818181818183,16.41909090909091,361.22,1,22,1.0,22.0,1.6831818181818183,256.0,16.41909090909091,361.22,1.6831818181818183,11.636363636363637,16.41909090909091,16.41909090909091
16306,487,1.6270731707317072,15.42121951219512,632.27,6,36,1.1388888888888888,6.833333333333333,1.803110661268556,81.16666666666667,14.41285200179937,105.37833333333333,1.4655555555555555,13.527777777777779,15.563749999999999,17.563055555555554
16308,8000,0.32,640.0,2560.0,4,1,4.0,1.0,0.32,2000.0,640.0,640.0,0.32,8000.0,640.0,2560.0
16309,467,2.4180952380952383,16.823095238095238,706.57,2,39,1.0769230769230769,21.0,2.418095238095238,233.5,16.823095238095238,353.28499999999997,2.4299999999999997,11.974358974358974,16.027948717948718,18.117179487179488
16311,394,2.4735135135135136,16.655675675675674,616.26,2,35,1.0571428571428572,18.5,2.4937888198757765,197.0,16.397562111801243,308.13,2.4482857142857144,11.257142857142858,16.608,17.60742857142857
16313,165,3.098125,17.134375000000002,274.15000000000003,2,16,1.0,8.0,2.9494999999999996,82.5,17.258499999999998,137.075,3.098125,10.3125,17.134375000000002,17.134375000000002
16315,75,5.351428571428571,16.169285714285714,226.37,1,14,1.0,14.0,5.351428571428571,75.0,16.169285714285714,226.37,5.351428571428571,5.357142857142857,16.169285714285714,16.169285714285714
16316,1484,5.010463576158941,19.46298013245033,2938.91,8,120,1.2583333333333333,18.875,4.890727602108037,185.5,18.325900417215635,367.36375,5.178347222222222,12.366666666666667,19.98913888888889,24.490916666666667
16317,890,2.979420289855072,19.444202898550724,1341.65,3,64,1.078125,23.0,2.9200555555555554,296.6666666666667,19.617833333333333,447.2166666666667,2.884296875,13.90625,18.88015625,20.96328125
16318,199,2.473684210526316,17.27105263157895,328.15000000000003,1,19,1.0,19.0,2.473684210526316,199.0,17.27105263157895,328.15000000000003,2.473684210526316,10.473684210526315,17.27105263157895,17.27105263157895
16319,72,5.616666666666667,134.8,404.40000000000003,1,3,1.0,3.0,5.616666666666667,72.0,134.8,404.40000000000003,5.616666666666667,24.0,134.8,134.8
16322,231,2.437837837837838,8.83108108108108,326.75,2,28,1.3214285714285714,18.5,2.1373611111111113,115.5,10.120000000000001,163.375,2.7075,8.25,9.074821428571429,11.669642857142858
16323,50,4.15,207.50000000000003,207.50000000000003,1,1,1.0,1.0,4.15,50.0,207.50000000000003,207.50000000000003,4.15,50.0,207.50000000000003,207.50000000000003
16324,282,2.1305932203389832,3.6328813559322035,428.68,3,100,1.18,39.333333333333336,2.717712418300654,94.0,3.709183006535948,142.89333333333335,2.1453,2.82,3.6487666666666665,4.2868
16325,194,3.690555555555556,33.013333333333335,594.24,3,14,1.2857142857142858,6.0,3.464916666666667,64.66666666666667,33.986,198.08,3.796904761904762,13.857142857142858,30.52642857142857,42.44571428571429
16326,709,4.954984326018809,9.752225705329154,3110.96,14,158,2.018987341772152,22.785714285714285,5.4931785977491785,50.642857142857146,10.818850391459256,222.21142857142857,4.15993550331525,4.487341772151899,7.953404159132008,19.689620253164556
16327,2571,2.090062695924765,12.050846394984326,3844.2200000000003,6,142,2.2464788732394365,53.166666666666664,2.0375300446887135,428.5,13.000320657137841,640.7033333333334,2.2022359154929574,18.1056338028169,10.784253521126761,27.071971830985913
16330,147,2.6733333333333333,6.4592307692307696,251.91,3,39,1.0,13.0,2.466144781144781,49.0,5.015,83.97,2.6733333333333333,3.769230769230769,6.4592307692307696,6.4592307692307696
16332,801,2.786797385620915,10.413071895424837,1593.2,7,125,1.224,21.857142857142858,2.9786964417696127,114.42857142857143,10.347904909168708,227.6,2.6150666666666664,6.408,9.788293333333334,12.7456
16333,32184,1.0662222222222224,591.7066666666667,26626.8,22,9,5.0,2.0454545454545454,1.2228030303030304,1462.909090909091,619.8652121212122,1210.3090909090909,1.1150617283950617,3576.0,672.6051178451179,2958.5333333333338
16337,87,3.04,15.105,151.05,1,10,1.0,10.0,3.04,87.0,15.105,151.05,3.04,8.7,15.105,15.105
16338,94,3.7345454545454544,19.527272727272727,214.8,1,11,1.0,11.0,3.7345454545454544,94.0,19.527272727272727,214.8,3.7345454545454544,8.545454545454545,19.527272727272727,19.527272727272727
16339,23,5.2575,5.4975000000000005,109.95,1,17,1.1764705882352942,20.0,5.2575,23.0,5.4975000000000005,109.95,5.164705882352941,1.3529411764705883,5.404411764705882,6.4676470588235295
16340,501,1.5188888888888887,3.5886928104575166,549.07,1,124,1.2338709677419355,153.0,1.5188888888888887,501.0,3.5886928104575166,549.07,1.651774193548387,4.040322580645161,4.029811827956989,4.427983870967743
16341,1398,1.8232467532467531,25.608701298701302,1971.8700000000001,4,60,1.2833333333333334,19.25,2.158165990534145,349.5,25.698904511647918,492.9675,1.985,23.3,25.488166666666665,32.8645
16342,157,5.6033333333333335,21.494000000000003,322.41,4,10,1.5,3.75,5.061875000000001,39.25,22.49482142857143,80.6025,6.801,15.7,20.101000000000003,32.241
16343,195,2.735106382978723,7.882553191489362,370.48,2,29,1.6206896551724137,23.5,2.788824074074074,97.5,8.10525,185.24,2.643793103448276,6.724137931034483,7.113275862068965,12.775172413793104
16344,18,5.7,50.550000000000004,101.10000000000001,1,1,2.0,2.0,5.7,18.0,50.550000000000004,101.10000000000001,5.7,18.0,50.550000000000004,101.10000000000001
16345,289,4.295526315789473,15.14236842105263,575.41,1,35,1.0857142857142856,38.0,4.295526315789473,289.0,15.14236842105263,575.41,4.282857142857143,8.257142857142858,15.673142857142858,16.440285714285714
16347,353,3.762282608695652,9.648369565217392,887.65,2,61,1.5081967213114753,46.0,3.8360673076923075,176.5,9.81401923076923,443.82500000000005,3.2359016393442626,5.786885245901639,8.292349726775956,14.551639344262295
16348,819,2.867106382978723,6.252978723404255,1469.45,7,157,1.4968152866242037,33.57142857142857,2.851685361926433,117.0,7.755001930609073,209.92142857142858,2.89515923566879,5.2165605095541405,6.6045169851380034,9.359554140127388
16349,9,5.944444444444445,5.944444444444445,53.5,1,9,1.0,9.0,5.944444444444445,9.0,5.944444444444445,53.5,5.944444444444445,1.0,5.944444444444445,5.944444444444445
16350,545,3.4387719298245614,19.58719298245614,1116.47,4,40,1.425,14.25,3.1555681818181816,136.25,21.369848484848486,279.1175,3.391916666666667,13.625,18.326125,27.91175
16351,90,1.9875,19.2375,153.9,1,8,1.0,8.0,1.9875,90.0,19.2375,153.9,1.9875,11.25,19.2375,19.2375
16352,300,1.9617857142857142,17.658571428571427,494.44,2,28,1.0,14.0,1.9617857142857142,150.0,17.658571428571427,247.22,1.9617857142857142,10.714285714285714,17.658571428571427,17.658571428571427
16353,2006,3.010851063829787,71.0181914893617,6675.71,23,51,1.8431372549019607,4.086956521739131,3.945793470418471,87.21739130434783,136.869479586235,290.24826086956523,2.646470588235294,39.333333333333336,31.12980392156863,130.89627450980393
16354,150,3.1382051282051284,10.148717948717948,395.8,2,38,1.0263157894736843,19.5,4.020263157894737,75.0,19.667105263157897,197.9,3.090526315789474,3.9473684210526314,9.959868421052633,10.41578947368421
16356,93,2.201290322580645,6.831290322580646,211.77,3,20,1.55,10.333333333333334,2.169777777777778,31.0,5.359333333333333,70.58999999999999,2.321,4.65,7.46425,10.5885
16357,246,4.5797058823529415,19.378823529411765,658.88,3,31,1.096774193548387,11.333333333333334,5.330303030303031,82.0,20.64469696969697,219.62666666666667,4.576129032258064,7.935483870967742,18.668709677419354,21.254193548387097
16358,1302,1.8883486238532112,18.60091743119266,2027.5,4,82,1.329268292682927,27.25,2.0055281385281383,325.5,19.81819696969697,506.87500000000006,1.9575609756097563,15.878048780487806,18.223231707317073,24.725609756097562
16359,1183,8.14318181818182,26.52909090909091,1750.92,9,39,1.6923076923076923,7.333333333333333,6.661970899470899,131.44444444444446,47.903392857142855,194.54666666666668,9.470929487179486,30.333333333333332,20.192435897435896,44.895384615384614
16360,2144,2.278761329305136,5.305936555891239,3512.53,6,365,1.8136986301369864,110.33333333333333,2.3222376061197543,357.3333333333333,5.385873229742771,585.4216666666667,2.4616392694063927,5.873972602739726,5.629022613611655,9.6233698630137
16361,421,3.087735849056604,8.459056603773584,896.66,4,87,1.2183908045977012,26.5,3.189126224133064,105.25,8.965899927800578,224.165,3.100804597701149,4.839080459770115,8.796053639846743,10.306436781609195
16362,351,2.8769135802469137,9.071234567901234,734.77,5,58,1.396551724137931,16.2,2.8283644444444445,70.2,8.936295555555557,146.954,2.8594827586206897,6.051724137931035,7.763721264367816,12.668448275862069
16363,52,2.9560000000000004,21.872000000000003,109.36000000000001,1,5,1.0,5.0,2.9560000000000004,52.0,21.872000000000003,109.36000000000001,2.9560000000000004,10.4,21.872000000000003,21.872000000000003
16364,280,3.453584905660377,13.340377358490565,707.04,2,48,1.1041666666666667,26.5,3.410818965517241,140.0,13.481616379310346,353.52,3.2435416666666668,5.833333333333333,12.571145833333333,14.729999999999999
16365,504,5.143137254901961,30.2043137254902,1540.42,9,45,1.1333333333333333,5.666666666666667,6.114444444444445,56.0,63.807869352869346,171.1577777777778,5.0953333333333335,11.2,17.983944444444447,34.23155555555556
16366,256,2.828888888888889,18.183333333333334,327.3,1,18,1.0,18.0,2.828888888888889,256.0,18.183333333333334,327.3,2.828888888888889,14.222222222222221,18.183333333333334,18.183333333333334
16367,647,2.3376153846153844,6.188384615384615,804.49,2,123,1.056910569105691,65.0,2.467226097064807,323.5,5.7159386806161,402.245,2.408048780487805,5.260162601626016,6.333170731707317,6.540569105691057
16368,260,2.4098684210526318,6.545131578947369,497.43,2,58,1.3103448275862069,38.0,2.5424538461538457,130.0,7.766423076923076,248.715,2.5917241379310343,4.482758620689655,7.34882183908046,8.576379310344828
16369,1035,2.3270338983050847,13.166610169491527,1553.66,3,91,1.2967032967032968,39.333333333333336,2.3946947589098535,345.0,15.606505660377358,517.8866666666667,2.207912087912088,11.373626373626374,11.963076923076924,17.073186813186815
16370,647,2.8847368421052635,5.791929824561404,1320.56,4,143,1.5944055944055944,57.0,2.899579667011732,161.75,5.911701921978732,330.14,3.0234498834498837,4.524475524475524,5.714200799200799,9.234685314685315
16372,166,2.657731958762887,3.7930927835051547,367.93,2,86,1.127906976744186,48.5,4.269210526315789,83.0,7.7612105263157884,183.965,2.804186046511628,1.930232558139535,3.9308139534883724,4.278255813953488
16374,240,2.5635135135135134,4.261531531531531,473.03,2,101,1.099009900990099,55.5,2.9557671957671956,120.0,4.779742063492064,236.51500000000001,2.6147524752475246,2.376237623762376,4.112244224422443,4.683465346534653
16376,694,2.5507199999999997,7.8960799999999995,987.01,2,104,1.2019230769230769,62.5,3.4355436941410127,347.0,7.091189175769612,493.505,2.474326923076923,6.673076923076923,7.984022435897436,9.49048076923077
16377,1500,0.534,135.24,676.2,1,5,1.0,5.0,0.534,1500.0,135.24,676.2,0.534,300.0,135.24,135.24
16378,267,1.8021739130434784,15.780434782608696,362.95,3,22,1.0454545454545454,7.666666666666667,1.7588888888888887,89.0,18.001666666666665,120.98333333333333,1.8545454545454547,12.136363636363637,16.143181818181816,16.49772727272727
16379,1410,1.9833333333333334,19.975925925925928,2157.4,4,87,1.2413793103448276,27.0,1.9972972017089665,352.5,20.392752454517158,539.35,1.8916091954022989,16.20689655172414,19.34846743295019,24.79770114942529
16380,1524,1.8,55.6434375,1780.59,1,28,1.1428571428571428,32.0,1.8,1524.0,55.6434375,1780.59,1.9707142857142856,54.42857142857143,59.14392857142857,63.592499999999994
16383,475,2.2834313725490194,6.552549019607843,668.36,2,80,1.275,51.0,2.3107797458606085,237.5,6.5816788602233345,334.17999999999995,2.39175,5.9375,7.04225,8.3545
16384,260,3.503030303030303,17.71212121212121,584.5,2,33,1.0,16.5,4.014236111111111,130.0,18.267361111111114,292.25,3.503030303030303,7.878787878787879,17.71212121212121,17.71212121212121
16385,261,2.5457627118644073,9.42186440677966,555.89,3,52,1.1346153846153846,19.666666666666668,2.558425925925926,87.0,9.381671957671958,185.2966666666667,2.5332692307692306,5.019230769230769,8.983365384615384,10.690192307692307
16386,224,1.658977272727273,3.6045454545454545,317.2,2,76,1.1578947368421053,44.0,2.3094642857142857,112.0,9.161904761904763,158.60000000000002,1.6746052631578947,2.9473684210526314,3.6169736842105262,4.173684210526315
16387,44,3.16,23.59,94.36,1,4,1.0,4.0,3.16,44.0,23.59,94.36,3.16,11.0,23.59,23.59
16389,1242,2.7785294117647057,40.64911764705883,1382.0700000000002,4,33,1.0303030303030303,8.5,2.7645411255411254,310.5,40.233676406926406,345.5175,2.8306060606060606,37.63636363636363,39.56818181818182,41.880909090909086
16392,203,1.9917777777777776,4.915333333333333,221.19,1,41,1.0975609756097562,45.0,1.9917777777777776,203.0,4.915333333333333,221.19,2.064878048780488,4.951219512195122,4.9521951219512195,5.3948780487804875
16393,1576,1.9769696969696968,9.230939393939394,3046.21,13,120,2.75,25.384615384615383,1.9929485883365532,121.23076923076923,9.703850002098852,234.32384615384615,1.807998611111111,13.133333333333333,8.04279203042328,25.385083333333334
16394,2604,1.231566265060241,18.73903614457831,1555.34,5,61,1.360655737704918,16.6,1.1417933566433567,520.8,22.075055361305363,311.06800000000004,1.507049180327869,42.68852459016394,16.159918032786884,25.497377049180326
16395,1476,1.9833809523809522,7.080476190476191,1486.9,5,150,1.4,42.0,1.9520409004508952,295.2,7.272884268307237,297.38,1.9511444444444446,9.84,7.120927777777777,9.912666666666667
16398,758,5.544634146341464,20.802439024390242,1705.8,2,75,1.0933333333333333,41.0,6.499657477025898,379.0,23.386633249791146,852.9000000000001,5.5456666666666665,10.106666666666667,20.371333333333332,22.744
16399,264,2.766164383561644,5.596849315068493,408.57,2,68,1.0735294117647058,36.5,2.6879262672811057,132.0,5.61758064516129,204.285,2.831470588235294,3.8823529411764706,5.739044117647059,6.008382352941176
16400,172,3.0141379310344827,10.480344827586206,303.93,1,28,1.0357142857142858,29.0,3.0141379310344827,172.0,10.480344827586206,303.93,3.0700000000000003,6.142857142857143,10.776964285714286,10.854642857142858
16401,3882,1.4426344086021505,22.033978494623653,4098.32,12,66,2.8181818181818183,15.5,1.4656085549941975,323.5,26.633193973102063,341.52666666666664,1.6050174471992653,58.81818181818182,16.50162035943854,62.095757575757574
16402,149,2.6683333333333334,4.993333333333334,299.6,2,55,1.0909090909090908,30.0,3.0385964912280707,74.5,16.49122807017544,149.8,2.7190909090909092,2.709090909090909,4.622272727272727,5.447272727272727
16403,114,1.6099999999999999,17.75,177.5,1,10,1.0,10.0,1.6099999999999999,114.0,17.75,177.5,1.61,11.4,17.75,17.75
16404,157,5.165217391304347,19.26304347826087,443.05,1,23,1.0,23.0,5.165217391304347,157.0,19.26304347826087,443.05,5.165217391304347,6.826086956521739,19.26304347826087,19.26304347826087
16405,187,2.33,33.45,167.25,2,3,1.6666666666666667,2.5,2.341666666666667,93.5,41.24166666666667,83.625,2.15,62.333333333333336,28.083333333333332,55.75
16406,122,1.7908064516129032,2.6301612903225804,163.07,1,54,1.1481481481481481,62.0,1.7908064516129032,122.0,2.6301612903225804,163.07,1.7650000000000001,2.259259259259259,2.6238888888888887,3.0198148148148145
16407,1124,2.9607558139534884,12.365872093023254,2126.93,10,99,1.7373737373737375,17.2,3.170736470632123,112.4,14.982921000503609,212.69299999999998,3.078063973063973,11.353535353535353,10.902550505050504,21.484141414141412
16409,1306,2.707844827586207,8.745172413793103,2028.88,5,145,1.6,46.4,2.9326425154868305,261.2,10.079475741239893,405.776,2.5832758620689655,9.006896551724138,8.97564367816092,13.992275862068967
16411,132,2.0353333333333334,4.7700000000000005,214.65,2,41,1.0975609756097562,22.5,2.050535714285714,66.0,4.863244047619048,107.325,2.0539024390243905,3.2195121951219514,4.96109756097561,5.235365853658537
16412,73,2.072857142857143,4.338,151.83,1,25,1.4,35.0,2.072857142857143,73.0,4.338,151.83,2.1164,2.92,4.4886,6.073200000000001
16413,148,2.5261290322580647,8.458064516129031,262.2,1,30,1.0333333333333334,31.0,2.5261290322580647,148.0,8.458064516129031,262.2,2.5820000000000003,4.933333333333334,8.6975,8.74
16414,27,7.064285714285714,18.035714285714285,126.25,2,5,1.4,3.5,6.979166666666666,13.5,17.897916666666667,63.125,6.31,5.4,19.085,25.25
16415,187,1.8175925925925926,3.89537037037037,210.35,1,45,1.2,54.0,1.8175925925925926,187.0,3.89537037037037,210.35,1.9020000000000001,4.155555555555556,4.2877777777777775,4.674444444444444
16416,672,3.0419718309859154,14.808450704225354,1051.4,3,59,1.2033898305084745,23.666666666666668,2.867410714285714,224.0,16.575196428571427,350.4666666666667,3.0652542372881353,11.389830508474576,15.382570621468927,17.82033898305085
16418,288,3.7622549019607843,6.620294117647059,675.27,3,76,1.3421052631578947,34.0,3.789675183204595,96.0,6.954954446425035,225.09,3.8526315789473684,3.789473684210526,6.952741228070175,8.885131578947368
16419,436,4.315882352941176,19.063333333333333,972.23,6,36,1.4166666666666667,8.5,4.657545730413378,72.66666666666667,22.33093779178338,162.03833333333333,4.614583333333333,12.11111111111111,15.66288888888889,27.00638888888889
16422,33704,1.8139295392953931,93.99566395663958,34684.4,51,68,5.426470588235294,7.235294117647059,1.7683015652648004,660.8627450980392,94.79355491349608,680.086274509804,1.6095769904115491,495.6470588235294,90.34779327791911,510.06470588235294
16423,230,1.9155555555555557,19.22888888888889,346.12,1,18,1.0,18.0,1.9155555555555557,230.0,19.22888888888889,346.12,1.9155555555555555,12.777777777777779,19.22888888888889,19.22888888888889
16424,88,3.9979999999999998,26.712,133.56,1,5,1.0,5.0,3.9979999999999998,88.0,26.712,133.56,3.998,17.6,26.712,26.712
16425,199,4.171904761904762,14.414285714285715,302.7,1,21,1.0,21.0,4.171904761904762,199.0,14.414285714285715,302.7,4.171904761904762,9.476190476190476,14.414285714285715,14.414285714285715
16426,1243,2.086666666666667,5.129704301075269,1908.25,10,211,1.7630331753554502,37.2,2.1690578997296996,124.3,7.559063296604132,190.825,2.081137440758294,5.890995260663507,5.188815165876777,9.043838862559241
16427,156,1.488888888888889,26.784444444444446,241.06,2,8,1.125,4.5,1.475,78.0,26.851,120.53,1.51875,19.5,27.32,30.1325
16429,9,19.950000000000003,142.275,284.55,1,2,1.0,2.0,19.950000000000003,9.0,142.275,284.55,19.950000000000003,4.5,142.275,142.275
16430,103,4.358333333333333,50.14166666666667,300.85,1,6,1.0,6.0,4.358333333333333,103.0,50.14166666666667,300.85,4.358333333333333,17.166666666666668,50.14166666666667,50.14166666666667
16431,453,1.8336144578313254,7.744698795180722,642.81,3,51,1.6274509803921569,27.666666666666668,1.8705454545454545,151.0,8.338156565656565,214.26999999999998,1.9158823529411764,8.882352941176471,7.943137254901961,12.604117647058825
16432,276,3.1675,35.925000000000004,287.40000000000003,1,8,1.0,8.0,3.1675,276.0,35.925000000000004,287.40000000000003,3.1675,34.5,35.925000000000004,35.925000000000004
16433,106,1.906470588235294,10.838823529411764,184.26,1,17,1.0,17.0,1.906470588235294,106.0,10.838823529411764,184.26,1.906470588235294,6.235294117647059,10.838823529411764,10.838823529411764
16434,767,3.2576146788990825,13.965596330275229,1522.25,7,88,1.2386363636363635,15.571428571428571,3.4819505165886744,109.57142857142857,15.991424815785718,217.46428571428572,3.3236363636363637,8.715909090909092,13.56647727272727,17.298295454545453
16438,463,2.194015151515152,6.04810606060606,798.35,5,74,1.7837837837837838,26.4,2.1481660863460865,92.6,6.153966942786942,159.67000000000002,2.198693693693694,6.256756756756757,5.229887387387388,10.788513513513514
16440,2018,2.2190425531914895,12.91017730496454,3640.67,5,186,1.5161290322580645,56.4,2.271976997929607,403.6,12.543956532091098,728.134,2.10415770609319,10.849462365591398,11.088467741935483,19.573494623655915
16441,173,3.2916666666666665,15.883333333333333,381.2,2,22,1.0909090909090908,12.0,3.3685314685314687,86.5,15.851748251748251,190.6,3.3795454545454544,7.863636363636363,15.540909090909093,17.327272727272728
16442,446,2.237528735632184,3.5447701149425286,616.79,3,161,1.0807453416149069,58.0,2.270428456406717,148.66666666666666,3.629838681849551,205.59666666666666,2.2019254658385092,2.770186335403727,3.5173602484472046,3.8309937888198755
16444,407,2.3755952380952383,7.793690476190475,654.67,4,68,1.2352941176470589,21.0,2.550136466165413,101.75,7.772983834586466,163.6675,2.526029411764706,5.985294117647059,7.206666666666667,9.6275
16445,111,2.6320634920634918,3.658888888888889,230.51,1,62,1.0161290322580645,63.0,2.6320634920634918,111.0,3.658888888888889,230.51,2.665645161290323,1.7903225806451613,3.7045967741935484,3.7179032258064515
16446,80997,1.6600000000000001,56157.5,168472.5,2,3,1.0,1.5,1.7650000000000001,40498.5,84235.52500000001,84236.25,1.6600000000000001,26999.0,56157.5,56157.5
16447,223,2.9544444444444444,7.194722222222222,259.01,1,34,1.0588235294117647,36.0,2.9544444444444444,223.0,7.194722222222222,259.01,3.0370588235294114,6.5588235294117645,7.526764705882353,7.6179411764705875
16448,78,2.9195,9.444500000000001,188.89000000000001,1,19,1.0526315789473684,20.0,2.9195,78.0,9.444500000000001,188.89000000000001,2.917894736842105,4.105263157894737,9.631052631578948,9.941578947368422
16449,367,3.2979999999999996,17.69225,707.69,2,40,1.0,20.0,3.344143222506394,183.5,17.61730179028133,353.845,3.2979999999999996,9.175,17.69225,17.69225
16450,200,1.4845454545454544,28.35636363636364,311.92,1,11,1.0,11.0,1.4845454545454544,200.0,28.35636363636364,311.92,1.4845454545454544,18.181818181818183,28.35636363636364,28.35636363636364
16451,120,2.6149999999999998,19.069285714285716,266.97,1,14,1.0,14.0,2.6149999999999998,120.0,19.069285714285716,266.97,2.6149999999999998,8.571428571428571,19.069285714285716,19.069285714285716
16454,3,1.975,3.45,6.9,2,2,1.0,1.0,1.975,1.5,3.45,3.45,1.975,1.5,3.45,3.45
16455,988,2.1015151515151516,18.59777777777778,1841.18,7,69,1.434782608695652,14.142857142857142,1.9765684816436695,141.14285714285714,18.574411002531303,263.0257142857143,2.170289855072464,14.318840579710145,17.30985507246377,26.68376811594203
16456,1148,2.1282882882882883,19.444774774774775,2158.37,5,80,1.3875,22.2,2.257994565217391,229.6,24.152185300207037,431.674,2.2523333333333335,14.35,13.739395833333333,26.979625
16457,140,2.67,23.151111111111113,208.36,1,9,1.0,9.0,2.67,140.0,23.151111111111113,208.36,2.67,15.555555555555555,23.151111111111113,23.151111111111113
16458,2154,1.7633663366336634,17.241287128712873,3482.7400000000002,18,52,3.8846153846153846,11.222222222222221,1.7875754877504104,119.66666666666667,17.9175946678021,193.48555555555558,1.8762938034188035,41.42307692307692,16.760949395156125,66.97576923076923
16460,879,1.6751851851851853,6.034962962962963,814.72,3,128,1.0546875,45.0,1.868205128205128,293.0,10.169795724309791,271.5733333333333,1.642265625,6.8671875,6.1918359375,6.365
16461,49,4.073939393939394,4.588484848484848,151.42,1,31,1.064516129032258,33.0,4.073939393939394,49.0,4.588484848484848,151.42,4.009354838709677,1.5806451612903225,4.477258064516128,4.884516129032257
16462,16,8.5,45.333333333333336,136.0,3,1,3.0,1.0,8.5,5.333333333333333,45.333333333333336,45.333333333333336,8.5,16.0,45.333333333333336,136.0
16463,1163,1.993170731707317,17.346341463414635,1422.4,4,74,1.1081081081081081,20.5,2.0092822966507176,290.75,17.29062799043062,355.6,1.8094594594594595,15.716216216216216,17.329797297297297,19.221621621621622
16464,963,2.5087711864406783,5.570677966101695,1314.68,3,152,1.5526315789473684,78.66666666666667,2.4601003243402624,321.0,5.639291058528674,438.2266666666667,2.5828508771929823,6.3355263157894735,5.4991666666666665,8.64921052631579
16466,789,2.8899324324324325,10.834189189189189,1603.46,7,103,1.4368932038834952,21.142857142857142,2.754338199394591,112.71428571428571,11.082130536425097,229.06571428571428,3.0062135922330095,7.660194174757281,9.510618932038835,15.56757281553398
16468,31,7.29,37.45,74.9,1,2,1.0,2.0,7.29,31.0,37.45,74.9,7.29,15.5,37.45,37.45
16469,273,2.9048351648351654,3.5737912087912087,650.43,4,148,1.2297297297297298,45.5,2.9512384580190774,68.25,3.71716632237134,162.60750000000002,2.973400900900901,1.8445945945945945,3.6206193693693693,4.3947972972972975
16470,531,1.9055882352941176,4.484647058823529,762.39,4,120,1.4166666666666667,42.5,2.1685068376068375,132.75,5.091036538461538,190.5975,2.069625,4.425,4.298590277777778,6.35325
16471,141,2.2961538461538464,17.22692307692308,223.95000000000002,1,13,1.0,13.0,2.2961538461538464,141.0,17.22692307692308,223.95000000000002,2.2961538461538464,10.846153846153847,17.22692307692308,17.22692307692308
16473,196,2.6505555555555556,17.561666666666667,316.11,3,18,1.0,6.0,2.432166666666667,65.33333333333333,17.33875,105.37,2.6505555555555556,10.88888888888889,17.561666666666667,17.561666666666667
16474,943,2.199777777777778,5.198611111111111,1871.5,7,237,1.518987341772152,51.42857142857143,3.3862942537919496,134.71428571428572,8.239851092242798,267.35714285714283,2.279085794655415,3.978902953586498,5.1587634116937915,7.89662447257384
16475,319,5.110714285714286,19.439285714285713,544.3,4,23,1.2173913043478262,7.0,23.001041666666666,79.75,35.6625,136.075,5.7760869565217385,13.869565217391305,19.721739130434784,23.66521739130435
16477,1415,2.32513698630137,17.085342465753424,2494.46,7,111,1.3153153153153154,20.857142857142858,2.321572778099094,202.14285714285714,16.988448697292682,356.3514285714286,2.323783783783784,12.747747747747749,16.87126126126126,22.472612612612615
16478,224,2.942941176470588,19.470588235294116,331.0,3,15,1.1333333333333333,5.666666666666667,4.4396969696969695,74.66666666666667,23.48848484848485,110.33333333333333,2.4553333333333334,14.933333333333334,18.436666666666667,22.066666666666666
16479,102,3.177142857142857,8.595142857142857,300.83,2,35,1.0,17.5,3.0124999999999997,51.0,7.991785714285715,150.41500000000002,3.177142857142857,2.914285714285714,8.595142857142857,8.595142857142857
16480,455,3.3305660377358492,14.514905660377357,769.29,1,51,1.0392156862745099,53.0,3.3305660377358492,455.0,14.514905660377357,769.29,3.437254901960784,8.92156862745098,15.031960784313725,15.084117647058823
16482,346,1.3616666666666668,12.256666666666668,220.62,1,18,1.0,18.0,1.3616666666666668,346.0,12.256666666666668,220.62,1.3616666666666668,19.22222222222222,12.256666666666668,12.256666666666668
16483,44,4.410526315789474,7.334210526315789,139.35,1,19,1.0,19.0,4.410526315789474,44.0,7.334210526315789,139.35,4.410526315789474,2.3157894736842106,7.334210526315789,7.334210526315789
16484,200,3.2872000000000003,16.172,404.3,2,25,1.0,12.5,3.205119047619047,100.0,16.40753968253968,202.14999999999998,3.2872000000000003,8.0,16.172,16.172
16485,235,3.0811904761904763,8.658333333333333,363.65,1,41,1.024390243902439,42.0,3.0811904761904763,235.0,8.658333333333333,363.65,3.1429268292682924,5.7317073170731705,8.835975609756098,8.86951219512195
16488,728,4.441034482758622,17.2,498.8,3,28,1.0357142857142858,9.666666666666666,4.72991341991342,242.66666666666666,17.612640692640692,166.26666666666668,3.172857142857143,26.0,16.3875,17.814285714285713
16491,478,2.54974358974359,18.756410256410255,731.5,1,39,1.0,39.0,2.54974358974359,478.0,18.756410256410255,731.5,2.54974358974359,12.256410256410257,18.756410256410255,18.756410256410255
16493,1164,1.8078571428571428,24.13625,1351.63,4,40,1.4,14.0,1.8017992424242424,291.0,24.475897727272727,337.9075,2.09525,29.1,25.35575,33.79075
16494,675,1.4991999999999999,16.5306,826.53,1,47,1.0638297872340425,50.0,1.4991999999999999,675.0,16.5306,826.53,1.4427659574468086,14.361702127659575,17.28148936170213,17.585744680851064
16495,337,3.218144329896907,7.055773195876288,684.41,3,78,1.2435897435897436,32.333333333333336,4.808072916666666,112.33333333333333,7.593333333333334,228.13666666666666,2.8915384615384614,4.32051282051282,7.032916666666667,8.77448717948718
16496,1111,2.8450526315789477,16.837052631578945,1599.52,3,92,1.0326086956521738,31.666666666666668,2.8336761517615177,370.3333333333333,16.727653116531165,533.1733333333333,2.9121739130434783,12.076086956521738,16.964782608695653,17.38608695652174
16497,1396,3.6586029411764707,21.80654411764706,2965.69,6,128,1.0625,22.666666666666668,3.800572278911565,232.66666666666666,20.99680253212396,494.2816666666667,3.66078125,10.90625,21.93234375,23.169453125
16498,45,2.3680000000000003,6.731333333333334,100.97,2,15,1.0,7.5,2.7775,22.5,8.132857142857143,50.485,2.3680000000000003,3.0,6.731333333333334,6.731333333333334
16499,127,4.302631578947368,19.23421052631579,365.45,2,18,1.0555555555555556,9.5,4.284722222222222,63.5,19.09111111111111,182.72500000000002,3.8333333333333335,7.055555555555555,18.88611111111111,20.302777777777777
16500,123,17.12,36.441818181818185,400.86,6,8,1.375,1.8333333333333333,29.337777777777777,20.5,48.46333333333334,66.81,22.43375,15.375,38.491875,50.1075
16503,569,4.173571428571428,17.046785714285715,1431.93,4,71,1.1830985915492958,21.0,4.354963060224089,142.25,17.187910364145658,357.9825,4.107464788732394,8.014084507042254,16.95288732394366,20.168028169014086
16504,524,1.2338372093023255,5.632325581395349,484.38,1,76,1.131578947368421,86.0,1.2338372093023255,524.0,5.632325581395349,484.38,1.2763157894736843,6.894736842105263,5.974210526315789,6.373421052631579
16505,576,1.35,194.4,777.6,1,4,1.0,4.0,1.35,576.0,194.4,777.6,1.35,144.0,194.4,194.4
16506,42,2.183333333333333,30.100000000000005,90.30000000000001,2,3,1.0,1.5,2.125,21.0,31.35,45.150000000000006,2.183333333333333,14.0,30.100000000000005,30.100000000000005
16509,64,7.623076923076923,27.97692307692308,363.70000000000005,1,13,1.0,13.0,7.623076923076923,64.0,27.97692307692308,363.70000000000005,7.623076923076923,4.923076923076923,27.97692307692308,27.97692307692308
16510,92,5.346153846153846,19.084615384615383,248.1,1,13,1.0,13.0,5.346153846153846,92.0,19.084615384615383,248.1,5.346153846153846,7.076923076923077,19.084615384615383,19.084615384615383
16511,417,3.032721893491124,5.6228402366863905,950.26,3,135,1.2518518518518518,56.333333333333336,3.0199861717092245,139.0,5.655426054407172,316.75333333333333,3.1185185185185187,3.088888888888889,6.048802469135802,7.038962962962963
16513,407,2.5905714285714287,24.988285714285716,874.59,4,33,1.0606060606060606,8.75,3.540166666666667,101.75,55.90075,218.6475,2.5203030303030305,12.333333333333334,22.26030303030303,26.502727272727274
16515,833,2.5943362831858408,14.399380530973453,1627.13,5,89,1.2696629213483146,22.6,2.7027297475705825,166.6,15.404917182450692,325.42600000000004,2.732584269662921,9.359550561797754,14.820187265917603,18.2823595505618
16516,58,2.1166666666666667,16.95,101.69999999999999,1,6,1.0,6.0,2.1166666666666667,58.0,16.95,101.69999999999999,2.1166666666666667,9.666666666666666,16.95,16.95
16517,96,2.8852941176470592,9.57058823529412,162.70000000000002,1,17,1.0,17.0,2.8852941176470592,96.0,9.57058823529412,162.70000000000002,2.8852941176470592,5.647058823529412,9.570588235294117,9.570588235294117
16518,327,2.3545000000000003,12.108,484.32,2,36,1.1111111111111112,20.0,2.396833855799373,163.5,13.730595611285267,242.16,2.1355555555555554,9.083333333333334,11.677638888888888,13.453333333333333
16519,54,6.617692307692308,16.544615384615383,215.07999999999998,2,13,1.0,6.5,6.524375,27.0,17.33125,107.53999999999999,6.617692307692308,4.153846153846154,16.544615384615387,16.544615384615387
16520,558,2.7175641025641024,6.708782051282051,1046.57,3,129,1.2093023255813953,52.0,2.75263139329806,186.0,7.006400352733686,348.85666666666674,2.8039147286821704,4.325581395348837,6.880826873385013,8.112945736434108
16523,4265,3.613206896551724,32.477482758620695,9418.470000000001,21,151,1.9205298013245033,13.80952380952381,4.139409936177269,203.0952380952381,36.468079758127026,448.4985714285714,3.4484939293598234,28.24503311258278,26.51687788480835,62.37397350993377
16525,7397,3.657595628415301,71.18825136612023,13027.45,26,75,2.44,7.038461538461538,3.6450263070263067,284.5,71.2650936008436,501.0557692307693,3.3786333333333336,98.62666666666667,75.67981465201464,173.69933333333336
16526,106,5.615333333333334,19.357333333333333,290.36,1,15,1.0,15.0,5.615333333333334,106.0,19.357333333333333,290.36,5.615333333333334,7.066666666666666,19.357333333333333,19.357333333333333
16527,106,2.922857142857143,16.29,228.06,1,14,1.0,14.0,2.922857142857143,106.0,16.29,228.06,2.922857142857143,7.571428571428571,16.29,16.29
16528,171,3.2235294117647055,14.377058823529412,244.41,1,17,1.0,17.0,3.2235294117647055,171.0,14.377058823529412,244.41,3.2235294117647055,10.058823529411764,14.377058823529412,14.377058823529412
16529,198,3.12,15.175,455.25,1,30,1.0,30.0,3.12,198.0,15.175,455.25,3.1199999999999997,6.6,15.175,15.175
16531,915,2.795194805194805,16.163506493506492,1244.59,7,68,1.1323529411764706,11.0,2.959364053313633,130.71428571428572,16.508154261704682,177.79857142857142,2.586764705882353,13.455882352941176,15.775882352941176,18.302794117647057
16532,2016,3.4825,1687.2,6748.8,3,2,2.0,1.3333333333333333,3.7600000000000002,672.0,1815.2,2249.6,2.5383333333333336,1008.0,1249.6,3374.3999999999996
16533,612,2.650677966101695,6.189604519774011,1095.56,3,112,1.5803571428571428,59.0,2.4477182142751763,204.0,5.598653211767136,365.18666666666667,2.408035714285714,5.464285714285714,5.9946577380952375,9.781785714285714
16535,356,3.0245161290322584,19.153225806451612,593.75,1,31,1.0,31.0,3.0245161290322584,356.0,19.153225806451612,593.75,3.0245161290322584,11.483870967741936,19.153225806451612,19.153225806451612
16536,251,3.6401818181818184,9.981272727272728,548.97,1,49,1.1224489795918366,55.0,3.6401818181818184,251.0,9.981272727272728,548.97,3.7655102040816324,5.122448979591836,10.402278911564625,11.203469387755103
16539,477,3.893333333333333,30.862444444444442,1388.81,4,36,1.25,11.25,4.496344246031746,119.25,35.28069444444444,347.2025,3.4004861111111113,13.25,25.210694444444446,38.57805555555555
16542,46,3.0780000000000003,23.924,119.62,1,5,1.0,5.0,3.0780000000000003,46.0,23.924,119.62,3.0780000000000003,9.2,23.924,23.924
16545,78,3.766666666666667,113.10000000000001,339.3,1,3,1.0,3.0,3.766666666666667,78.0,113.10000000000001,339.3,3.766666666666667,26.0,113.10000000000001,113.10000000000001
16546,549,1.8880000000000001,31.486,787.15,2,25,1.0,12.5,1.8721491228070177,274.5,37.785526315789475,393.57500000000005,1.888,21.96,31.486,31.486
16549,2365,2.03638124362895,4.235107033639144,4154.64,10,445,2.204494382022472,98.1,2.0868271458705765,236.5,4.057907879639449,415.46399999999994,2.0854169787765295,5.314606741573034,4.33421619566451,9.33626966292135
16550,1540,2.5740637450199206,9.159243027888445,2298.97,5,162,1.5493827160493827,50.2,2.551079461926615,308.0,9.209787388004846,459.79400000000004,2.7256172839506174,9.506172839506172,9.376779835390947,14.191172839506171
16551,970,1.95125,28.81625,922.12,3,26,1.2307692307692308,10.666666666666666,1.9372121212121212,323.3333333333333,28.86712121212121,307.37333333333333,1.8757692307692306,37.30769230769231,26.732692307692307,35.466153846153844
16552,219,4.11,22.337058823529414,379.73,2,17,1.0,8.5,4.264,109.5,21.380666666666666,189.865,4.11,12.882352941176471,22.337058823529414,22.337058823529414
16553,4600,2.1411904761904763,68.09309523809523,5719.82,12,62,1.3548387096774193,7.0,2.2861435432758963,383.3333333333333,94.19880917013269,476.65166666666664,2.2043817204301077,74.19354838709677,68.51924731182797,92.25516129032258
16554,402,3.4196153846153843,16.098076923076924,837.1,3,51,1.0196078431372548,17.333333333333332,2.7145913978494622,134.0,11.127881720430105,279.03333333333336,3.47,7.882352941176471,16.21372549019608,16.41372549019608
16555,175,2.827058823529412,16.81705882352941,285.89,2,15,1.1333333333333333,8.5,2.862986111111111,87.5,16.812708333333333,142.945,3.079333333333333,11.666666666666666,17.227333333333334,19.05933333333333
16556,1890,3.882898550724638,16.008647342995168,3313.79,7,144,1.4375,29.571428571428573,3.979036168963679,270.0,16.363372995618505,473.3985714285714,3.4833796296296295,13.125,15.778437500000003,23.012430555555554
16557,111,6.818181818181818,25.622727272727275,281.85,2,11,1.0,5.5,6.5024999999999995,55.5,26.499166666666667,140.925,6.818181818181818,10.090909090909092,25.622727272727275,25.622727272727275
16558,5377,3.041195652173913,18.127152173913043,8338.49,20,264,1.7424242424242424,23.0,3.1523007334771647,268.85,17.498748163965,416.92449999999997,2.8196843434343433,20.367424242424242,17.28880681818182,31.585189393939395
16560,500,3.930535714285714,15.02517857142857,841.41,2,52,1.0769230769230769,28.0,4.009416666666667,250.0,15.37713888888889,420.70500000000004,3.5136538461538462,9.615384615384615,15.179038461538461,16.18096153846154
16561,244,2.8583870967741936,16.48774193548387,511.12,2,29,1.0689655172413792,15.5,2.88475,122.0,16.485333333333333,255.56,2.7831034482758623,8.413793103448276,16.16103448275862,17.624827586206898
16563,486,3.415263157894737,56.72315789473684,1077.74,1,19,1.0,19.0,3.415263157894737,486.0,56.72315789473684,1077.74,3.415263157894737,25.57894736842105,56.72315789473684,56.72315789473684
16565,46,5.116666666666667,57.9,173.7,1,3,1.0,3.0,5.116666666666667,46.0,57.9,173.7,5.116666666666667,15.333333333333334,57.9,57.9
16566,362,2.6955555555555555,34.147777777777776,614.66,5,14,1.2857142857142858,3.6,2.9187380952380955,72.4,38.052523809523805,122.93199999999999,3.1725,25.857142857142858,36.628571428571426,43.90428571428571
16567,996,2.1654285714285715,24.731428571428573,865.6,2,34,1.0294117647058822,17.5,1.9268162393162394,498.0,27.83564102564102,432.79999999999995,2.217941176470588,29.294117647058822,23.648235294117647,25.458823529411767
16569,93,2.592,24.84,124.2,1,5,1.0,5.0,2.592,93.0,24.84,124.2,2.592,18.6,24.84,24.84
16570,2112,3.17515873015873,29.66984126984127,3738.4,10,68,1.8529411764705883,12.6,3.340986833657486,211.2,29.980524934646674,373.84000000000003,3.2211862745098037,31.058823529411764,28.89991176470588,54.976470588235294
16571,1239,2.0289655172413794,16.34126436781609,1421.69,3,73,1.1917808219178083,29.0,2.0441116584564862,413.0,16.380453201970443,473.8966666666667,2.0053424657534245,16.972602739726028,16.114794520547946,19.475205479452054
16572,532,3.7794736842105263,17.712280701754388,1009.6,3,40,1.425,19.0,3.779975920192639,177.33333333333334,17.75845889232886,336.5333333333333,4.26525,13.3,17.681125,25.240000000000002
16573,360,3.7616666666666667,15.800238095238095,663.61,2,40,1.05,21.0,3.9017307692307694,180.0,16.27891826923077,331.805,3.7022500000000003,9.0,15.84775,16.59025
16574,416,1.4257142857142857,16.122857142857143,451.44,1,28,1.0,28.0,1.4257142857142857,416.0,16.122857142857143,451.44,1.4257142857142857,14.857142857142858,16.122857142857143,16.122857142857143
16581,134,1.1855555555555555,11.76,105.84,1,9,1.0,9.0,1.1855555555555555,134.0,11.76,105.84,1.1855555555555555,14.88888888888889,11.76,11.76
16582,164,1.6216666666666668,52.27,313.62,1,6,1.0,6.0,1.6216666666666668,164.0,52.27,313.62,1.6216666666666668,27.333333333333332,52.27,52.27
16583,111,2.564285714285714,16.675,233.45,1,14,1.0,14.0,2.564285714285714,111.0,16.675,233.45,2.564285714285714,7.928571428571429,16.675,16.675
16584,646,2.709285714285714,33.431428571428576,936.08,2,25,1.12,14.0,2.7092857142857145,323.0,33.43142857142857,468.04,2.8092,25.84,32.6528,37.443200000000004
16586,95,4.68125,57.99375,463.95,1,8,1.0,8.0,4.68125,95.0,57.99375,463.95,4.68125,11.875,57.99375,57.99375
16587,71,6.707692307692308,17.31923076923077,225.15,1,13,1.0,13.0,6.707692307692308,71.0,17.31923076923077,225.15,6.707692307692308,5.461538461538462,17.31923076923077,17.31923076923077
16589,368,1.8603030303030303,13.916363636363636,459.24,3,31,1.064516129032258,11.0,2.2344444444444442,122.66666666666667,14.276296296296296,153.08,1.757741935483871,11.870967741935484,13.733548387096775,14.814193548387097
16591,41,4.443,21.35,213.5,1,10,1.0,10.0,4.443,41.0,21.35,213.5,4.443,4.1,21.35,21.35
16592,2927,2.1810185185185187,19.044814814814817,4113.68,16,142,1.5211267605633803,13.5,2.193919374535234,182.9375,19.199929793741575,257.105,2.0190011737089204,20.612676056338028,17.5956279342723,28.969577464788735
16593,116,4.8348148148148145,12.223333333333333,330.03,3,24,1.125,9.0,3.3713888888888888,38.666666666666664,30.438888888888886,110.00999999999999,4.8620833333333335,4.833333333333333,12.105416666666665,13.751249999999999
16594,64,3.0179245283018865,3.416792452830189,181.09,1,53,1.0,53.0,3.0179245283018865,64.0,3.416792452830189,181.09,3.0179245283018865,1.2075471698113207,3.416792452830189,3.416792452830189
16595,335,1.7484705882352942,4.237176470588236,360.16,1,83,1.0240963855421688,85.0,1.7484705882352942,335.0,4.237176470588236,360.16,1.779277108433735,4.036144578313253,4.316626506024096,4.339277108433735
16596,97,4.104166666666667,20.845833333333335,250.15,2,12,1.0,6.0,4.104166666666667,48.5,20.84583333333333,125.075,4.104166666666667,8.083333333333334,20.845833333333335,20.845833333333335
16597,184,1.6214285714285714,12.862857142857143,90.04,1,7,1.0,7.0,1.6214285714285714,184.0,12.862857142857143,90.04,1.6214285714285717,26.285714285714285,12.862857142857143,12.862857142857143
16598,73,2.56,14.505,145.05,1,10,1.0,10.0,2.56,73.0,14.505,145.05,2.56,7.3,14.504999999999999,14.504999999999999
16600,1145,1.4333870967741935,13.121290322580645,813.52,6,50,1.24,10.333333333333334,1.4627685185185184,190.83333333333334,13.134925925925925,135.58666666666667,1.579,22.9,13.0892,16.2704
16601,134,3.0725806451612905,7.896774193548388,244.8,1,29,1.0689655172413792,31.0,3.0725806451612905,134.0,7.896774193548388,244.8,3.1241379310344826,4.620689655172414,8.237068965517242,8.441379310344828
16602,336,2.5113793103448274,18.209655172413793,528.08,1,29,1.0,29.0,2.5113793103448274,336.0,18.209655172413793,528.08,2.5113793103448274,11.586206896551724,18.209655172413793,18.209655172413793
16603,480,2.1564705882352944,14.19029411764706,482.47,2,34,1.0,17.0,2.094308300395257,240.0,14.89598814229249,241.235,2.156470588235294,14.117647058823529,14.19029411764706,14.19029411764706
16607,2859,4.347848837209303,19.46343023255814,3347.71,14,140,1.2285714285714286,12.285714285714286,13.594727452302639,204.21428571428572,35.871621279235946,239.12214285714285,3.3710714285714283,20.42142857142857,17.578869047619047,23.912214285714285
16609,2420,3.5644202898550725,19.903840579710145,5493.46,7,155,1.7806451612903227,39.42857142857143,3.5553412597414638,345.7142857142857,18.944058298489004,784.78,3.399596774193548,15.612903225806452,19.166333333333334,35.44167741935484
16610,66,1.2966666666666666,12.61,75.66,1,6,1.0,6.0,1.2966666666666666,66.0,12.61,75.66,1.2966666666666666,11.0,12.61,12.61
16611,47,3.7870000000000004,12.949000000000002,129.49,1,9,1.1111111111111112,10.0,3.7870000000000004,47.0,12.949000000000002,129.49,3.7466666666666666,5.222222222222222,13.235,14.387777777777778
16612,506,3.23469696969697,17.994848484848486,1187.66,4,48,1.375,16.5,3.2807430555555555,126.5,18.1294375,296.915,3.383420138888889,10.541666666666666,17.49795138888889,24.74291666666667
16613,293,2.897,20.619666666666667,618.59,1,30,1.0,30.0,2.897,293.0,20.619666666666667,618.59,2.897,9.766666666666667,20.619666666666667,20.619666666666667
16614,223,4.756538461538462,19.468846153846155,506.19,1,26,1.0,26.0,4.756538461538462,223.0,19.468846153846155,506.19,4.756538461538462,8.576923076923077,19.468846153846155,19.468846153846155
16616,370,2.83969696969697,15.164242424242424,500.42,2,31,1.064516129032258,16.5,3.445227272727273,185.0,16.14818181818182,250.21,2.9825806451612906,11.935483870967742,15.57741935483871,16.142580645161292
16617,91,3.91,30.369999999999997,151.85,1,5,1.0,5.0,3.91,91.0,30.369999999999997,151.85,3.91,18.2,30.369999999999997,30.369999999999997
16618,1363,3.626041666666667,27.579062500000003,2647.59,5,79,1.2151898734177216,19.2,6.008520634920634,272.6,28.76586666666667,529.518,3.525822784810127,17.253164556962027,27.257974683544305,33.51379746835443
16619,133,2.6757142857142857,16.157857142857143,226.21,1,14,1.0,14.0,2.6757142857142857,133.0,16.157857142857143,226.21,2.6757142857142857,9.5,16.157857142857143,16.157857142857143
16620,88,2.9177777777777774,19.884444444444444,178.96,2,9,1.0,4.5,2.8339999999999996,44.0,19.976,89.47999999999999,2.9177777777777774,9.777777777777779,19.884444444444444,19.884444444444444
16621,302,4.59103448275862,28.05103448275862,813.48,4,22,1.3181818181818181,7.25,4.564892857142857,75.5,28.196422619047617,203.37,3.7129545454545454,13.727272727272727,21.062272727272727,36.97636363636364
16623,39,3.1900000000000004,25.890000000000004,129.45000000000002,1,5,1.0,5.0,3.1900000000000004,39.0,25.890000000000004,129.45000000000002,3.1900000000000004,7.8,25.890000000000004,25.890000000000004
16624,488,3.07375,16.886875,810.57,2,44,1.0909090909090908,24.0,3.2077248677248678,244.0,17.266798941798942,405.28499999999997,3.1354545454545457,11.090909090909092,16.062386363636364,18.422045454545454
16625,164,2.737391304347826,14.481739130434782,333.08,1,23,1.0,23.0,2.737391304347826,164.0,14.481739130434782,333.08,2.737391304347826,7.130434782608695,14.481739130434782,14.481739130434782
16626,2690,4.136648044692738,24.65418994413408,4413.1,17,86,2.0813953488372094,10.529411764705882,5.762517256204494,158.23529411764707,33.7610115271037,259.59411764705885,3.9719160877881805,31.27906976744186,21.078718665055874,51.31511627906977
16627,162,5.0675,16.14,322.8,1,20,1.0,20.0,5.0675,162.0,16.14,322.8,5.0675,8.1,16.14,16.14
16628,1205,2.440512820512821,18.701282051282053,2188.05,5,79,1.481012658227848,23.4,2.4672324892498803,241.0,18.84140834715157,437.61,2.2988818565400844,15.253164556962025,17.746518987341773,27.696835443037976
16629,493,2.45296875,6.52703125,417.73,2,58,1.103448275862069,32.0,2.4123,246.5,8.8303,208.865,2.275689655172414,8.5,6.428965517241379,7.202241379310345
16633,1138,4.659407894736842,18.967763157894737,2883.1,6,115,1.3217391304347825,25.333333333333332,4.688140131110719,189.66666666666666,19.108753153709035,480.5166666666667,4.781652173913043,9.895652173913044,18.0166231884058,25.070434782608697
16634,82,4.5055555555555555,24.211111111111112,217.9,2,9,1.0,4.5,3.8249999999999997,41.0,36.85,108.95,4.5055555555555555,9.11111111111111,24.211111111111112,24.211111111111112
16637,927,2.7930434782608695,16.73144927536232,1154.47,4,66,1.0454545454545454,17.25,2.8856470588235297,231.75,16.73194669117647,288.6175,2.339090909090909,14.045454545454545,16.27310606060606,17.491969696969697
16638,1255,3.7991489361702127,17.88,1680.72,10,92,1.0217391304347827,9.4,3.7993512085137082,125.5,19.439798547979798,168.072,3.8682608695652174,13.641304347826088,17.891576086956523,18.268695652173914
16639,510,3.3548,25.150199999999998,1257.51,3,48,1.0416666666666667,16.666666666666668,3.656793650793651,170.0,25.12820634920635,419.1700000000001,3.3716666666666666,10.625,24.968958333333333,26.198125
16641,256,2.138333333333333,19.258333333333333,231.1,1,12,1.0,12.0,2.138333333333333,256.0,19.258333333333333,231.1,2.138333333333333,21.333333333333332,19.258333333333333,19.258333333333333
16642,479,3.3020588235294115,20.245,688.33,2,32,1.0625,17.0,3.513,239.5,20.27345614035088,344.165,3.256875,14.96875,19.857187500000002,21.5103125
16643,269,3.635925925925926,18.055925925925926,487.51,1,27,1.0,27.0,3.635925925925926,269.0,18.055925925925926,487.51,3.635925925925926,9.962962962962964,18.055925925925926,18.055925925925926
16644,826,1.5379032258064516,13.448064516129032,833.78,2,62,1.0,31.0,1.5505092592592593,413.0,13.64960648148148,416.89,1.5379032258064516,13.32258064516129,13.448064516129032,13.448064516129032
16647,146,3.2507142857142854,15.290000000000001,214.06,2,12,1.1666666666666667,7.0,2.9745555555555554,73.0,15.728222222222222,107.03,3.3108333333333335,12.166666666666666,14.525833333333333,17.838333333333335
16648,281,1.2542105263157894,15.297894736842107,290.66,1,19,1.0,19.0,1.2542105263157894,281.0,15.297894736842107,290.66,1.2542105263157894,14.789473684210526,15.297894736842107,15.297894736842107
16650,372,2.2529166666666667,21.60083333333333,518.42,1,24,1.0,24.0,2.2529166666666667,372.0,21.60083333333333,518.42,2.2529166666666667,15.5,21.60083333333333,21.60083333333333
16652,3283,3.9659322033898308,57.406525423728816,6773.97,7,74,1.5945945945945945,16.857142857142858,4.763712127365705,469.0,54.27741262528078,967.71,4.276463963963963,44.36486486486486,58.74594594594594,91.54013513513515
16653,733,3.3256521739130434,17.574782608695653,1212.66,2,67,1.0298507462686568,34.5,3.628507462686567,366.5,32.04223880597015,606.3299999999999,3.3070149253731342,10.940298507462687,17.112089552238807,18.09940298507463
16654,282,4.256206896551724,20.733448275862067,601.27,4,29,1.0,7.25,3.778107142857143,70.5,23.268559523809525,150.3175,4.256206896551724,9.724137931034482,20.733448275862067,20.733448275862067
16655,2367,2.5755172413793104,14.538390804597702,3794.52,6,208,1.2548076923076923,43.5,2.650203816092015,394.5,19.14135286970296,632.42,2.4450721153846153,11.379807692307692,12.901418269230769,18.242884615384614
16656,8894,2.2016438356164385,118.16164383561643,8625.8,15,14,5.214285714285714,4.866666666666666,2.2286,592.9333333333333,110.02232380952381,575.0533333333333,2.8177551020408163,635.2857142857143,95.18635745207175,616.1285714285714
16657,1229,1.5751923076923076,4.488557692307692,933.62,4,158,1.3164556962025316,52.0,1.5233634085213035,307.25,5.09375469924812,233.405,1.733945147679325,7.7784810126582276,4.671244725738396,5.908987341772152
16658,40,3.02125,15.405,123.24,1,8,1.0,8.0,3.02125,40.0,15.405,123.24,3.02125,5.0,15.405,15.405
16659,72,0.62,19.56,39.12,1,2,1.0,2.0,0.62,72.0,19.56,39.12,0.62,36.0,19.56,19.56
16660,571,2.499375,79.228125,1267.65,4,16,1.0,4.0,2.3729999999999998,142.75,168.05475,316.9125,2.499375,35.6875,79.228125,79.228125
16665,59,5.388888888888889,15.044444444444444,135.4,1,9,1.0,9.0,5.388888888888889,59.0,15.044444444444444,135.4,5.388888888888889,6.555555555555555,15.044444444444444,15.044444444444444
16666,233,0.7559375,3.718125,118.98,1,32,1.0,32.0,0.7559375,233.0,3.718125,118.98,0.7559375,7.28125,3.7181249999999997,3.7181249999999997
16667,237,3.581509433962264,10.757169811320754,570.13,2,52,1.0192307692307692,26.5,3.559315476190476,118.5,10.572604166666666,285.065,3.5936538461538463,4.5576923076923075,10.907307692307693,10.964038461538461
16668,318,1.283,15.336000000000002,306.72,6,9,2.2222222222222223,3.3333333333333335,1.5197777777777777,53.0,16.493333333333332,51.120000000000005,1.2444444444444445,35.333333333333336,15.692222222222224,34.080000000000005
16669,888,2.7496875,8.5929375,1374.87,3,141,1.1347517730496455,53.333333333333336,1.8778750923872876,296.0,5.913063034526449,458.28999999999996,2.84531914893617,6.297872340425532,8.839148936170213,9.750851063829789
16670,2556,2.9523809523809526,16.25357142857143,4095.9,11,179,1.4078212290502794,22.90909090909091,2.8672648867052795,232.36363636363637,16.360350659497854,372.3545454545455,2.6468901303538175,14.279329608938548,16.12643389199255,22.882122905027934
16671,875,2.8033333333333332,282.045,1692.27,3,3,2.0,2.0,2.4766666666666666,291.6666666666667,230.65833333333333,564.09,3.041111111111111,291.6666666666667,388.43833333333333,564.09
16672,2832,3.634912280701754,71.35912280701754,8134.9400000000005,20,22,5.181818181818182,5.7,3.5229523809523813,141.6,87.35872023809523,406.747,3.637537878787879,128.72727272727272,66.01322510822511,369.77000000000004
16674,188,2.0144897959183674,3.261326530612245,319.61,2,89,1.101123595505618,49.0,2.047904761904762,94.0,3.3124603174603173,159.805,1.9411235955056179,2.1123595505617976,3.1316292134831456,3.591123595505618
16676,636,4.986741573033708,17.888988764044942,1592.12,4,75,1.1866666666666668,22.25,5.276142944646098,159.0,18.032249228675138,398.03,4.8376,8.48,17.4716,21.228266666666666
16678,2397,1.8485276073619632,19.07969325153374,3109.99,12,92,1.7717391304347827,13.583333333333334,2.012508296685541,199.75,21.250647299918004,259.16583333333335,2.147640010351967,26.054347826086957,17.91057763975155,33.80423913043478
16679,29,6.916666666666667,43.25,129.75,1,3,1.0,3.0,6.916666666666667,29.0,43.25,129.75,6.916666666666667,9.666666666666666,43.25,43.25
16680,94,3.03,18.369999999999997,183.7,1,10,1.0,10.0,3.03,94.0,18.369999999999997,183.7,3.03,9.4,18.369999999999997,18.369999999999997
16681,1407,1.9406818181818182,40.23500000000001,1770.3400000000001,6,18,2.4444444444444446,7.333333333333333,1.6561435185185187,234.5,38.945203703703704,295.0566666666667,1.8975,78.16666666666667,31.67422222222222,98.35222222222222
16682,1040,1.7696666666666665,34.266666666666666,1028.0,5,15,2.0,6.0,1.7380787878787878,208.0,30.992678787878788,205.6,2.072666666666666,69.33333333333333,36.02466666666667,68.53333333333333
16684,50255,2.4516245487364623,240.6265703971119,66653.56,28,119,2.327731092436975,9.892857142857142,2.3473471305365647,1794.8214285714287,264.6684296239451,2380.4842857142858,2.483827531012405,422.3109243697479,231.29367306922768,560.1139495798319
16685,396,2.2548387096774194,5.2296774193548385,324.24,2,60,1.0333333333333334,31.0,4.870909090909091,198.0,8.090493506493507,162.12,2.317,6.6,5.3845,5.404
16686,2030,2.7322051282051283,5.235606837606838,3062.83,7,406,1.4408866995073892,83.57142857142857,2.7522019888683977,290.0,6.708014431726641,437.54714285714283,2.880968801313629,5.0,5.5505767651888345,7.543916256157635
16688,804,2.7750000000000004,20.33645161290323,1260.8600000000001,4,52,1.1923076923076923,15.5,3.163617424242424,201.0,21.063484848484848,315.215,2.4461538461538463,15.461538461538462,20.056923076923077,24.247307692307693
16689,330,3.5399999999999996,32.50769230769231,422.6,2,12,1.0833333333333333,6.5,4.077833333333333,165.0,36.114666666666665,211.3,3.8033333333333332,27.5,34.07666666666667,35.21666666666667
16690,138,3.486666666666667,18.798333333333336,225.58,2,10,1.2,6.0,3.35,69.0,18.584285714285716,112.79,3.9240000000000004,13.8,16.948,22.558
16692,152,55.31666666666666,425.3333333333333,1276.0,2,2,1.5,1.5,43.6125,76.0,321.125,638.0,78.9875,76.0,356.5,638.0
16693,204,4.349833333333334,8.0335,482.01,2,58,1.0344827586206897,30.0,4.280107655502392,102.0,7.849988038277512,241.005,4.363620689655172,3.5172413793103448,8.14198275862069,8.31051724137931
16696,146,3.9300000000000006,65.78999999999999,657.9,4,7,1.4285714285714286,2.5,4.191666666666666,36.5,75.7375,164.475,4.064285714285714,20.857142857142858,73.37142857142858,93.98571428571428
16697,27,4.640476190476191,5.369047619047619,112.75,1,20,1.05,21.0,4.640476190476191,27.0,5.369047619047619,112.75,4.76,1.35,5.46875,5.6375
16698,840,2.37,399.6,1998.0,2,4,1.25,2.5,2.4375,420.0,555.75,999.0,2.3249999999999997,210.0,346.5,499.5
16700,4024,2.037077922077922,16.482305194805196,5076.55,13,159,1.9371069182389937,23.692307692307693,2.0484054013238224,309.53846153846155,17.11795065334276,390.50384615384615,2.155073375262054,25.30817610062893,16.06052500748727,31.927987421383648
16701,6393,2.1824999999999997,37.488194444444446,5398.3,13,99,1.4545454545454546,11.076923076923077,2.2296584771437713,491.7692307692308,44.099169771405066,415.25384615384615,1.9665824915824917,64.57575757575758,36.28121212121212,54.52828282828283
16705,5476,4.505185185185185,51.98144444444444,14034.99,20,133,2.030075187969925,13.5,4.206944951521555,273.8,48.61129960663451,701.7495000000001,4.007714285714285,41.17293233082707,49.52424185463659,105.52624060150376
16706,249,2.8052032520325203,4.319918699186992,531.35,3,108,1.1388888888888888,41.0,2.977094943240454,83.0,4.666659147869674,177.11666666666665,2.576574074074074,2.3055555555555554,3.9641975308641975,4.919907407407408
16708,285,3.3644444444444446,24.31962962962963,656.63,1,27,1.0,27.0,3.3644444444444446,285.0,24.31962962962963,656.63,3.3644444444444446,10.555555555555555,24.31962962962963,24.31962962962963
16709,851,5.439240506329114,38.35278481012658,3029.87,5,64,1.234375,15.8,7.032565072302558,170.2,40.52572005932518,605.9739999999999,5.621875,13.296875,37.255,47.34171875
16710,1836,2.356865671641791,6.1767164179104475,2483.04,10,268,1.5,40.2,2.2910171319955803,183.6,6.327269528817095,248.304,2.491181592039801,6.850746268656716,6.259495024875622,9.26507462686567
16711,833,3.4931818181818177,75.04681818181818,1651.03,5,18,1.2222222222222223,4.4,4.4149714285714285,166.6,114.742,330.206,2.8494444444444444,46.27777777777778,76.13055555555555,91.7238888888889
16712,1749,2.9700671140939594,8.155324384787471,3645.43,11,259,1.725868725868726,40.63636363636363,3.487944876328307,159.0,31.484424046744426,331.40272727272725,3.032046332046332,6.7528957528957525,7.935945026659313,14.075019305019305
16713,4276,3.077740384615385,11.094759615384616,6923.13,15,338,1.8461538461538463,41.6,3.868043483643722,285.06666666666666,16.482377551528714,461.54200000000003,2.9262573964497043,12.650887573964496,10.93267828965906,20.482633136094673
16714,610,3.536989247311828,12.489569892473117,1161.53,3,77,1.2077922077922079,31.0,9.430183150183149,203.33333333333334,12.47996336996337,387.1766666666667,3.891558441558441,7.922077922077922,13.945584415584415,15.084805194805195
16715,642,0.4531578947368421,15.879999999999999,301.71999999999997,1,19,1.0,19.0,0.4531578947368421,642.0,15.879999999999999,301.71999999999997,0.4531578947368421,33.78947368421053,15.879999999999999,15.879999999999999
16716,120,7.300000000000001,450.6,901.2,2,1,2.0,1.0,7.300000000000001,60.0,450.6,450.6,7.300000000000001,120.0,450.6,901.2
16717,1866,3.5104020100502513,19.38884422110553,3858.38,6,176,1.1306818181818181,33.166666666666664,3.641403313713973,311.0,18.331256849558972,643.0633333333334,3.4996875000000003,10.602272727272727,19.18475378787879,21.922613636363636
16718,413,2.336888888888889,13.86111111111111,623.75,1,41,1.0975609756097562,45.0,2.336888888888889,413.0,13.86111111111111,623.75,2.2375609756097563,10.073170731707316,14.08658536585366,15.213414634146341
16719,1204,3.86592039800995,8.907562189054726,1790.42,7,107,1.8785046728971964,28.714285714285715,3.758903128356606,172.0,8.977775937408456,255.77428571428572,3.9027414330218066,11.25233644859813,8.096624388072987,16.732897196261682
16720,182,2.2966666666666664,5.74962962962963,155.24,1,25,1.08,27.0,2.2966666666666664,182.0,5.74962962962963,155.24,2.3888,7.28,6.117999999999999,6.209599999999999
16721,172,2.363243243243243,7.904594594594595,292.47,1,37,1.0,37.0,2.363243243243243,172.0,7.904594594594595,292.47,2.363243243243243,4.648648648648648,7.904594594594595,7.904594594594595
16722,5001,1.2201777777777778,21.025822222222224,4730.81,13,96,2.34375,17.307692307692307,1.2520365829732703,384.6923076923077,22.169180987536716,363.9084615384615,1.3222348484848485,52.09375,20.99292410714286,49.27927083333333
16723,399,6.873953488372094,13.701162790697675,589.15,2,37,1.162162162162162,21.5,84.05452380952381,199.5,87.54940476190477,294.57500000000005,7.141891891891892,10.783783783783784,14.117162162162163,15.922972972972973
16725,294,3.6432450331125827,5.172317880794702,781.02,7,110,1.3727272727272728,21.571428571428573,3.411367796755839,42.0,4.951352365464002,111.57428571428571,3.3725454545454547,2.672727272727273,4.617318181818182,7.100181818181818
16726,977,2.1744324324324324,7.470378378378379,1382.02,5,121,1.5289256198347108,37.0,2.6335115318416524,195.4,9.205113272136163,276.404,2.147823691460055,8.074380165289256,7.056480716253444,11.421652892561983
16727,177,1.663695652173913,5.9308695652173915,272.82,1,41,1.1219512195121952,46.0,1.663695652173913,177.0,5.9308695652173915,272.82,1.6751219512195124,4.317073170731708,6.002926829268293,6.654146341463415
16728,677,2.304646840148699,3.9207063197026026,1054.67,4,218,1.2339449541284404,67.25,2.3269106864673366,169.25,3.885968135176263,263.6675,2.359709480122324,3.1055045871559632,3.8442966360856268,4.837935779816514
16729,5783,2.134439393939394,10.969575757575758,7239.92,21,234,2.8205128205128207,31.428571428571427,2.3995042780747546,275.3809523809524,12.271307973872897,344.7580952380952,1.8936881636881637,24.713675213675213,8.150745014363604,30.93982905982906
16730,994,1.4010975609756098,9.062317073170732,743.11,3,75,1.0933333333333333,27.333333333333332,1.28809224752703,331.3333333333333,10.65456728778468,247.70333333333335,1.3992,13.253333333333334,8.581666666666667,9.908133333333334
16732,317,3.3810714285714285,21.5625,603.75,1,28,1.0,28.0,3.3810714285714285,317.0,21.5625,603.75,3.3810714285714285,11.321428571428571,21.5625,21.5625
16734,346,3.5356603773584903,12.27377358490566,650.51,3,44,1.2045454545454546,17.666666666666668,3.295458333333334,115.33333333333333,9.8809375,216.83666666666667,3.6554545454545457,7.863636363636363,12.78659090909091,14.78431818181818
16735,1573,2.52744,18.40448,2300.56,5,88,1.4204545454545454,25.0,2.584277132129448,314.6,19.29688849156684,460.11199999999997,2.341818181818182,17.875,18.24907196969697,26.14272727272727
16737,288,1.45,417.6,417.6,1,1,1.0,1.0,1.45,288.0,417.6,417.6,1.45,288.0,417.6,417.6
16738,3,1.25,3.75,3.75,1,1,1.0,1.0,1.25,3.0,3.75,3.75,1.25,3.0,3.75,3.75
16739,172,2.9038461538461537,24.846153846153847,323.0,1,13,1.0,13.0,2.9038461538461537,172.0,24.846153846153847,323.0,2.9038461538461537,13.23076923076923,24.846153846153847,24.846153846153847
16742,1,464.9,464.9,464.9,1,1,1.0,1.0,464.9,1.0,464.9,464.9,464.9,1.0,464.9,464.9
16743,2047,1.4706282722513089,11.717748691099477,2238.09,7,89,2.146067415730337,27.285714285714285,1.4988448456305599,292.42857142857144,11.132604700854701,319.7271428571429,1.4576029962546815,23.0,9.856541198501873,25.147078651685394
16744,805,2.498595041322314,5.391570247933884,1304.76,7,198,1.2222222222222223,34.57142857142857,2.5485224126580555,115.0,5.328924785412867,186.39428571428567,2.7151515151515153,4.065656565656566,5.650505050505051,6.58969696969697
16745,6735,1.922408963585434,20.152100840336136,7194.3,17,148,2.4121621621621623,21.0,1.9884846509873726,396.1764705882353,24.25691076975936,423.1941176470588,2.069302257614758,45.50675675675676,14.712948975761476,48.61013513513514
16746,4665,2.782026726057907,14.91683741648107,6697.66,18,234,1.9188034188034189,24.944444444444443,2.6677364240129307,259.1666666666667,16.63327571547852,372.09222222222223,2.7093763057929725,19.935897435897434,13.233404795821462,28.622478632478632
16747,583,2.828095238095238,19.906190476190478,836.0600000000001,2,34,1.2352941176470589,21.0,2.885259259259259,291.5,20.754592592592594,418.03,3.010588235294118,17.147058823529413,18.985,24.590000000000003
16748,880,1.7210144927536233,21.969565217391306,1515.9,5,42,1.6428571428571428,13.8,1.7482451754385964,176.0,23.976868421052632,303.18,1.6991666666666665,20.952380952380953,21.44484126984127,36.09285714285714
16750,214,3.8141052631578947,6.567684210526315,623.93,5,74,1.2837837837837838,19.0,4.394670374762809,42.8,9.388399240986718,124.78599999999999,3.930135135135135,2.891891891891892,6.716013513513514,8.431486486486488
16751,1031,1.4,70.5888,1764.72,1,24,1.0416666666666667,25.0,1.4,1031.0,70.5888,1764.72,1.39375,42.958333333333336,68.79041666666667,73.53
16752,54,13.594444444444443,23.055555555555557,207.5,1,9,1.0,9.0,13.594444444444443,54.0,23.055555555555557,207.5,13.594444444444445,6.0,23.055555555555557,23.055555555555557
16753,189,2.1223529411764703,6.5858823529411765,223.92000000000002,1,34,1.0,34.0,2.1223529411764703,189.0,6.5858823529411765,223.92000000000002,2.1223529411764703,5.5588235294117645,6.5858823529411765,6.5858823529411765
16754,4280,0.62,1001.2,2002.4,1,2,1.0,2.0,0.62,4280.0,1001.2,2002.4,0.62,2140.0,1001.2,1001.2
16755,1064,2.7503529411764704,8.804882352941176,1496.83,3,133,1.2781954887218046,56.666666666666664,2.767843362211929,354.6666666666667,11.786149639732372,498.9433333333333,2.681052631578947,8.0,8.948571428571428,11.25436090225564
16756,106,3.6584615384615384,18.415384615384617,239.4,1,13,1.0,13.0,3.6584615384615384,106.0,18.415384615384617,239.4,3.6584615384615384,8.153846153846153,18.415384615384617,18.415384615384617
16757,81,1.3628571428571428,15.261428571428572,106.83000000000001,1,7,1.0,7.0,1.3628571428571428,81.0,15.261428571428572,106.83000000000001,1.362857142857143,11.571428571428571,15.261428571428572,15.261428571428572
16758,203,4.041363636363636,16.78818181818182,369.34000000000003,1,22,1.0,22.0,4.041363636363636,203.0,16.78818181818182,369.34000000000003,4.041363636363636,9.227272727272727,16.788181818181815,16.788181818181815
16759,609,2.9404761904761907,18.804523809523808,789.79,3,40,1.05,14.0,2.968842105263158,203.0,17.91452485380117,263.2633333333333,3.025,15.225,18.36975,19.74475
16761,341,1.196923076923077,24.355384615384615,316.62,1,13,1.0,13.0,1.196923076923077,341.0,24.355384615384615,316.62,1.196923076923077,26.23076923076923,24.355384615384615,24.355384615384615
16762,618,3.2635955056179773,16.869438202247192,1501.38,3,51,1.7450980392156863,29.666666666666668,3.4997686757686757,206.0,20.877387945387948,500.46000000000004,3.5525490196078433,12.117647058823529,18.603071895424836,29.438823529411767
16763,319,4.6673913043478255,26.602173913043476,611.8499999999999,1,23,1.0,23.0,4.6673913043478255,319.0,26.602173913043476,611.8499999999999,4.6673913043478255,13.869565217391305,26.602173913043476,26.602173913043476
16764,1259,2.3620679886685556,3.9649433427762037,2799.25,13,209,3.3779904306220097,54.30769230769231,2.3942236027373194,96.84615384615384,4.026623816591842,215.32692307692307,2.503397129186603,6.023923444976076,3.80152352060486,13.39354066985646
16765,4,8.5,34.0,34.0,1,1,1.0,1.0,8.5,4.0,34.0,34.0,8.5,4.0,34.0,34.0
16766,536,2.835294117647059,33.69411764705882,1145.6,2,17,2.0,17.0,2.835294117647059,268.0,33.69411764705882,572.8,2.835294117647059,31.529411764705884,33.69411764705882,67.38823529411764
16767,4435,1.6122972972972973,25.13783783783784,5580.6,11,148,1.5,20.181818181818183,1.6087262743412665,403.1818181818182,29.098122545748,507.32727272727277,1.5785979729729729,29.966216216216218,26.85537162162162,37.70675675675676
16768,196,4.027962962962963,8.85351851851852,478.09000000000003,3,47,1.148936170212766,18.0,4.014089591567853,65.33333333333333,10.182524374176548,159.36333333333334,3.98,4.170212765957447,9.116808510638299,10.17212765957447
16769,83,4.69375,9.50975,380.39,1,33,1.2121212121212122,40.0,4.69375,83.0,9.50975,380.39,4.706060606060606,2.515151515151515,9.648434343434342,11.526969696969697
16770,464,2.2877241379310345,5.311034482758621,770.1,5,116,1.25,29.0,2.3753312889269247,92.8,10.949440783530644,154.02,2.308520114942529,4.0,4.900064655172414,6.638793103448276
16771,1489,2.856039215686274,8.811019607843138,2246.81,5,200,1.275,51.0,2.692037613918807,297.8,8.89354473902237,449.3620000000001,2.8740666666666668,7.445,8.551320833333333,11.23405
16773,171,2.77,6.599615384615385,171.59,1,23,1.1304347826086956,26.0,2.77,171.0,6.599615384615385,171.59,2.968260869565217,7.434782608695652,7.134347826086957,7.460434782608695
16774,322,2.4722916666666666,13.781666666666666,661.52,4,36,1.3333333333333333,12.0,2.6592496565934063,80.5,16.472067307692306,165.38,2.0380555555555557,8.944444444444445,11.298240740740741,18.375555555555554
16775,440,4.644873417721519,10.732025316455697,1695.66,11,84,1.880952380952381,14.363636363636363,4.656246411483253,40.0,11.654562061719956,154.15090909090907,4.692261904761905,5.238095238095238,10.089543650793651,20.18642857142857
16776,262,1.9368421052631577,5.1089473684210525,388.28,1,61,1.2459016393442623,76.0,1.9368421052631577,262.0,5.1089473684210525,388.28,1.9593442622950819,4.295081967213115,5.45311475409836,6.365245901639344
16777,64,3.6038,4.527,226.35,2,45,1.1111111111111112,25.0,3.515955710955711,32.0,4.504254079254079,113.175,3.792222222222222,1.4222222222222223,4.745740740740741,5.03
16778,194,2.365,15.37125,245.94,2,16,1.0,8.0,2.1923636363636363,97.0,16.261636363636363,122.97,2.365,12.125,15.37125,15.37125
16779,5325,2.3734234234234233,31.92108108108108,10629.72,22,161,2.0683229813664594,15.136363636363637,2.3744766276074674,242.04545454545453,34.12650157506661,483.169090909091,2.4326641526175687,33.07453416149068,27.431595480089268,66.0231055900621
16780,271,2.5930000000000004,7.0865,425.19,2,51,1.1764705882352942,30.0,2.9033333333333333,135.5,8.32188888888889,212.595,2.602549019607843,5.313725490196078,7.249313725490196,8.337058823529413
16781,113,5.008823529411765,18.308823529411764,311.25,1,17,1.0,17.0,5.008823529411765,113.0,18.308823529411764,311.25,5.008823529411765,6.647058823529412,18.308823529411764,18.308823529411764
16782,712,3.6426315789473684,11.999473684210527,2279.9,13,103,1.8446601941747574,14.615384615384615,4.323607670107671,54.76923076923077,16.333644327894326,175.37692307692308,3.632233009708738,6.912621359223301,10.530233472029588,22.13495145631068
16784,24,4.483333333333333,35.86666666666667,107.6,1,3,1.0,3.0,4.483333333333333,24.0,35.86666666666667,107.6,4.483333333333333,8.0,35.86666666666667,35.86666666666667
16788,311,2.313870967741935,3.854709677419355,597.48,2,138,1.1231884057971016,77.5,2.292588742393509,155.5,3.9109930696416497,298.74,2.395289855072464,2.253623188405797,3.9392632850241545,4.329565217391305
16789,32,2.8899999999999997,16.160000000000004,80.80000000000001,1,5,1.0,5.0,2.8899999999999997,32.0,16.160000000000004,80.80000000000001,2.89,6.4,16.160000000000004,16.160000000000004
16790,898,2.3633333333333333,16.61956989247312,1545.6200000000001,6,88,1.0568181818181819,15.5,2.3138598484848485,149.66666666666666,16.689349747474747,257.60333333333335,2.378522727272727,10.204545454545455,16.62181818181818,17.56386363636364
16791,763,2.92228125,5.3805625,1721.78,7,218,1.4678899082568808,45.714285714285715,2.8473109459484456,109.0,6.525255099576337,245.96857142857144,2.7361926605504587,3.5,5.038792048929664,7.8980733944954125
16792,44,4.001666666666666,9.198333333333332,110.38,2,11,1.0909090909090908,6.0,6.705454545454545,22.0,9.54,55.19,4.024545454545454,4.0,9.352727272727272,10.034545454545453
16793,146,2.426875,15.24,243.84,1,16,1.0,16.0,2.426875,146.0,15.24,243.84,2.426875,9.125,15.24,15.24
16794,937,1.771719298245614,4.290210526315789,1222.71,10,142,2.007042253521127,28.5,2.0329831510781076,93.7,4.304257064359539,122.271,1.7166901408450705,6.598591549295775,4.049725352112676,8.610633802816901
16795,239,2.2053030303030305,6.286060606060606,414.88,1,64,1.03125,66.0,2.2053030303030305,239.0,6.286060606060606,414.88,2.20859375,3.734375,6.285625,6.4825
16796,186,1.7455555555555555,16.97888888888889,305.62,1,18,1.0,18.0,1.7455555555555555,186.0,16.97888888888889,305.62,1.7455555555555557,10.333333333333334,16.97888888888889,16.97888888888889
16800,540,3.6933536585365854,7.326158536585366,1201.49,1,148,1.1081081081081081,164.0,3.6933536585365854,540.0,7.326158536585366,1201.49,3.7481081081081085,3.6486486486486487,7.553074324324324,8.118175675675676
16801,499,5.979210526315789,21.312236842105264,1619.73,4,72,1.0555555555555556,19.0,7.172152777777778,124.75,26.036319444444445,404.9325,5.725625,6.930555555555555,20.918472222222224,22.49625
16803,245,2.1033333333333335,13.845833333333333,332.3,1,24,1.0,24.0,2.1033333333333335,245.0,13.845833333333333,332.3,2.1033333333333335,10.208333333333334,13.845833333333333,13.845833333333333
16804,246,3.2141666666666664,8.949833333333334,536.99,3,59,1.0169491525423728,20.0,2.4096228070175436,82.0,7.824219298245613,178.99666666666667,3.252542372881356,4.169491525423729,9.069322033898306,9.101525423728814
16805,539,1.7842857142857145,4.699897959183674,460.59000000000003,2,94,1.0425531914893618,49.0,1.835014799154334,269.5,4.810826638477801,230.295,1.7671276595744683,5.73404255319149,4.374627659574468,4.899893617021277
16806,378,2.8590291262135925,7.781456310679611,801.49,4,68,1.5147058823529411,25.75,3.025769151138716,94.5,8.579413043478262,200.3725,3.101764705882353,5.5588235294117645,8.507867647058823,11.786617647058824
16807,778,2.5701492537313433,16.740149253731342,1121.59,3,57,1.1754385964912282,22.333333333333332,2.5271818181818184,259.3333333333333,17.079808080808082,373.8633333333334,2.489561403508772,13.649122807017545,16.251578947368422,19.677017543859648
16808,196,2.332173913043478,12.540000000000001,288.42,2,21,1.0952380952380953,11.5,2.0767105263157895,98.0,19.62157894736842,144.21,2.382857142857143,9.333333333333334,11.024761904761906,13.734285714285715
16809,652,1.5418120805369127,6.138859060402685,914.69,5,79,1.8860759493670887,29.8,1.5815098921941027,130.4,6.285499760655367,182.93800000000002,1.6644409282700423,8.253164556962025,6.00081223628692,11.578354430379747
16810,114,3.5353333333333334,20.636000000000003,309.54,1,15,1.0,15.0,3.5353333333333334,114.0,20.636000000000003,309.54,3.5353333333333334,7.6,20.636000000000003,20.636000000000003
16811,477,2.3685714285714283,19.538214285714286,547.07,2,26,1.0769230769230769,14.0,2.712222222222222,238.5,20.35861111111111,273.53499999999997,2.4007692307692308,18.346153846153847,19.241153846153846,21.041153846153847
16812,81,5.533333333333333,31.956666666666667,479.35,1,15,1.0,15.0,5.533333333333333,81.0,31.956666666666667,479.35,5.533333333333333,5.4,31.956666666666667,31.956666666666667
16813,1525,1.750445434298441,3.7705567928730512,1692.98,10,248,1.810483870967742,44.9,1.852108752906777,152.5,4.2593642079495515,169.298,1.7023387096774194,6.149193548387097,3.7795026881720433,6.826532258064516
16814,2769,3.2728703703703705,20.089814814814815,6509.1,21,122,2.6557377049180326,15.428571428571429,3.2005489168438563,131.85714285714286,20.438785110845686,309.95714285714286,3.3776971116315377,22.69672131147541,19.235735649823766,53.35327868852459
16816,274,2.2528571428571427,14.895,417.06,4,28,1.0,7.0,2.2716666666666665,68.5,14.009666666666668,104.265,2.2528571428571427,9.785714285714286,14.895,14.895
16817,822,3.5644186046511632,18.65988372093023,1604.75,9,73,1.178082191780822,9.555555555555555,3.3437711732711732,91.33333333333333,18.047926184926187,178.30555555555554,3.589589041095891,11.26027397260274,18.465410958904112,21.982876712328768
16818,2164,2.5258510638297875,17.81686170212766,3349.57,11,172,1.0930232558139534,17.09090909090909,2.62224691974692,196.72727272727272,18.07882988677989,304.50636363636363,2.6001744186046514,12.581395348837209,17.321279069767442,19.474244186046512
16820,307,3.7388461538461537,19.138846153846153,497.61,1,26,1.0,26.0,3.7388461538461537,307.0,19.138846153846153,497.61,3.7388461538461537,11.807692307692308,19.138846153846153,19.138846153846153
16823,136,3.273157894736842,9.431052631578947,358.38,1,34,1.1176470588235294,38.0,3.273157894736842,136.0,9.431052631578947,358.38,3.42,4.0,9.901617647058822,10.540588235294118
16824,236,3.383076923076923,17.716923076923077,460.64,2,23,1.1304347826086956,13.0,3.3830769230769233,118.0,17.716923076923077,230.32,3.426521739130435,10.26086956521739,16.884347826086955,20.02782608695652
16825,566,3.3082142857142856,27.685,775.18,2,27,1.037037037037037,14.0,3.1551604278074867,283.0,27.912245989304814,387.59000000000003,3.2918518518518516,20.962962962962962,27.599259259259263,28.710370370370374
16826,158,3.985,15.531818181818181,341.7,1,22,1.0,22.0,3.985,158.0,15.531818181818181,341.7,3.985,7.181818181818182,15.531818181818181,15.531818181818181
16828,59,3.75,16.0625,128.5,2,8,1.0,4.0,8.571428571428571,29.5,15.607142857142858,64.25,3.75,7.375,16.0625,16.0625
16829,99,3.019090909090909,17.92909090909091,197.22,1,11,1.0,11.0,3.019090909090909,99.0,17.92909090909091,197.22,3.019090909090909,9.0,17.92909090909091,17.92909090909091
16830,264,2.13,14.170000000000002,325.91,1,23,1.0,23.0,2.13,264.0,14.170000000000002,325.91,2.13,11.478260869565217,14.170000000000002,14.170000000000002
16832,33,8.083333333333334,16.595833333333335,199.15,3,11,1.0909090909090908,4.0,9.456666666666665,11.0,29.28888888888889,66.38333333333334,7.681818181818182,3.0,14.695454545454545,18.104545454545455
16833,440,3.1982978723404254,23.5431914893617,1106.53,4,46,1.0217391304347827,11.75,2.803188034188034,110.0,22.525602564102563,276.6325,3.194130434782609,9.565217391304348,22.28630434782609,24.055
16834,358,1.5062499999999999,17.2275,413.46,1,24,1.0,24.0,1.5062499999999999,358.0,17.2275,413.46,1.5062499999999999,14.916666666666666,17.2275,17.2275
16835,61,4.297,18.085,180.85,2,10,1.0,5.0,4.297000000000001,30.5,18.085,90.425,4.297,6.1,18.085,18.085
16836,165,2.174545454545455,22.89727272727273,251.87,2,11,1.0,5.5,1.7780555555555555,82.5,31.749444444444446,125.935,2.174545454545455,15.0,22.89727272727273,22.89727272727273
16837,1563,4.203090909090909,19.218060606060607,3170.98,11,123,1.3414634146341464,15.0,5.946880263675718,142.0909090909091,35.44193109475195,288.2709090909091,3.782926829268293,12.707317073170731,17.052154471544714,25.780325203252033
16838,185,11.256799999999998,23.554000000000002,588.85,2,24,1.0416666666666667,12.5,10.689967532467533,92.5,22.946558441558444,294.425,11.655416666666667,7.708333333333333,23.40875,24.535416666666666
16839,8975,2.9833082706766914,62.38477443609022,16594.35,34,114,2.3333333333333335,7.823529411764706,3.1446698241685267,263.97058823529414,73.91108450358753,488.06911764705876,2.9943519404572037,78.7280701754386,50.235125138019875,145.56447368421053
16841,2250,1.2737931034482757,16.119137931034484,1869.82,6,101,1.1485148514851484,19.333333333333332,1.2940410997227174,375.0,16.477984244404833,311.63666666666666,1.2737623762376238,22.277227722772277,15.994521452145214,18.513069306930692
16842,693,3.161111111111111,20.066507936507936,1264.19,3,45,1.4,21.0,3.2249771241830065,231.0,20.78938071895425,421.3966666666667,3.116148148148148,15.4,19.183925925925926,28.093111111111114
16843,10159,1.8746825396825397,26.97505291005291,10196.57,16,226,1.6725663716814159,23.625,2.553508099484818,634.9375,28.473188147230566,637.285625,2.0295353982300885,44.95132743362832,27.735789085545722,45.11756637168141
16846,135,2.661818181818182,19.483636363636364,214.32,1,11,1.0,11.0,2.661818181818182,135.0,19.483636363636364,214.32,2.661818181818182,12.272727272727273,19.483636363636364,19.483636363636364
16847,78,3.3074999999999997,16.12,193.44,1,12,1.0,12.0,3.3074999999999997,78.0,16.12,193.44,3.3074999999999997,6.5,16.12,16.12
16848,182,1.7100000000000002,20.101428571428574,281.42,1,14,1.0,14.0,1.7100000000000002,182.0,20.101428571428574,281.42,1.7100000000000002,13.0,20.101428571428574,20.101428571428574
16849,33,5.1049999999999995,15.57125,124.57,1,8,1.0,8.0,5.1049999999999995,33.0,15.57125,124.57,5.1049999999999995,4.125,15.57125,15.57125
16850,249,2.1210526315789475,17.495263157894737,332.41,1,19,1.0,19.0,2.1210526315789475,249.0,17.495263157894737,332.41,2.121052631578947,13.105263157894736,17.495263157894737,17.495263157894737
16851,271,1.9634999999999998,17.1225,342.45,3,17,1.1764705882352942,6.666666666666667,1.9796031746031746,90.33333333333333,17.12452380952381,114.15000000000002,1.8870588235294117,15.941176470588236,17.59058823529412,20.144117647058824
16852,56,8.315555555555555,16.10111111111111,144.91,2,9,1.0,4.5,7.7475,28.0,16.038214285714286,72.455,8.315555555555555,6.222222222222222,16.101111111111113,16.101111111111113
16855,164,3.7394736842105263,17.284210526315793,328.40000000000003,2,19,1.0,9.5,3.6783333333333332,82.0,17.259999999999998,164.2,3.7394736842105263,8.631578947368421,17.284210526315793,17.284210526315793
16856,12,2.95,17.700000000000003,35.400000000000006,1,2,1.0,2.0,2.95,12.0,17.700000000000003,35.400000000000006,2.95,6.0,17.700000000000003,17.700000000000003
16858,91,5.349,37.569,375.69000000000005,1,9,1.1111111111111112,10.0,5.349,91.0,37.569,375.69000000000005,5.546666666666667,10.11111111111111,37.06333333333333,41.74333333333333
16859,827,2.820576923076923,14.380961538461538,747.81,2,50,1.04,26.0,2.492728758169935,413.5,14.393807189542484,373.905,2.912,16.54,14.4342,14.956199999999999
16861,140,1.8950000000000002,28.959999999999997,173.76,2,6,1.0,3.0,2.1587500000000004,70.0,30.57,86.88,1.8950000000000002,23.333333333333332,28.960000000000004,28.960000000000004
16863,409,1.68,19.338461538461537,502.8,2,25,1.04,13.0,1.6520261437908497,204.5,19.08235294117647,251.4,1.6292000000000002,16.36,19.05,20.112000000000002
16866,60,3.808181818181818,18.885454545454547,207.74,3,10,1.1,3.6666666666666665,3.792666666666667,20.0,25.849333333333334,69.24666666666667,3.814,6.0,16.274,20.774
16869,585,2.29875,6.448593750000001,825.4200000000001,4,113,1.1327433628318584,32.0,2.2655257936507938,146.25,6.417388820470718,206.35500000000002,2.13858407079646,5.176991150442478,6.364926253687316,7.304601769911504
16871,1253,3.4572992700729923,20.528029197080293,2812.34,6,131,1.0458015267175573,22.833333333333332,2.6564329481792717,208.83333333333334,20.45643178104575,468.72333333333336,3.4767175572519085,9.564885496183207,20.013473282442746,21.468244274809162
16872,600,9.68142857142857,97.14571428571428,680.02,3,5,1.4,2.3333333333333335,7.765555555555555,200.0,92.51777777777778,226.67333333333332,13.13,120.0,82.86266666666667,136.004
16873,3840,3.503727598566308,25.53268817204301,7123.62,6,179,1.558659217877095,46.5,3.263690931904472,640.0,24.474034294704335,1187.27,3.7698417132216013,21.452513966480446,26.47489757914339,39.79675977653631
16875,1069,3.585267857142857,18.710089285714286,2095.53,5,93,1.2043010752688172,22.4,3.6531644016361,213.8,19.46542617759599,419.10600000000005,3.298763440860215,11.494623655913978,17.90283154121864,22.532580645161293
16877,463,2.525786163522013,5.369308176100629,853.72,6,111,1.4324324324324325,26.5,2.4542822631833663,77.16666666666667,5.33231260805432,142.28666666666666,2.598198198198198,4.171171171171171,4.868863148863149,7.691171171171171
16878,12,1.5833333333333333,4.433333333333334,13.3,1,3,1.0,3.0,1.5833333333333333,12.0,4.433333333333334,13.3,1.5833333333333333,4.0,4.433333333333334,4.433333333333334
16880,753,3.7406179775280903,8.534157303370787,1519.08,7,121,1.4710743801652892,25.428571428571427,3.3662512228971857,107.57142857142857,7.940779163628134,217.01142857142855,3.3712809917355373,6.223140495867769,7.706205234159779,12.554380165289256
16881,600,0.72,432.0,432.0,1,1,1.0,1.0,0.72,600.0,432.0,432.0,0.72,600.0,432.0,432.0
16882,424,2.767179487179487,18.080000000000002,705.12,3,39,1.0,13.0,3.6321230158730162,141.33333333333334,14.997500000000002,235.04,2.767179487179487,10.871794871794872,18.080000000000002,18.080000000000002
16883,104,3.683947368421053,7.282368421052632,276.73,2,33,1.1515151515151516,19.0,3.681778711484594,52.0,7.306064425770308,138.365,3.6981818181818182,3.1515151515151514,7.595606060606061,8.385757575757577
16884,320,1.9965384615384614,16.53230769230769,429.84,2,26,1.0,13.0,1.9784374999999998,160.0,15.92775,214.92000000000002,1.9965384615384616,12.307692307692308,16.53230769230769,16.53230769230769
16885,184,3.452673267326733,4.668415841584158,471.51,3,82,1.2317073170731707,33.666666666666664,3.6019901433691754,61.333333333333336,4.766333333333333,157.17,3.4498780487804876,2.2439024390243905,4.47640243902439,5.750121951219512
16887,157,1.9683783783783784,5.2670270270270265,194.88,1,35,1.0571428571428572,37.0,1.9683783783783784,157.0,5.2670270270270265,194.88,1.8865714285714286,4.485714285714286,5.009428571428571,5.568
16889,925,3.099037037037037,11.693851851851852,1578.67,3,112,1.2053571428571428,45.0,3.0241652046783627,308.3333333333333,11.647929093567251,526.2233333333332,2.9233928571428573,8.258928571428571,11.413348214285715,14.095267857142858
16891,283,3.1253201970443354,3.9886699507389163,809.7,5,166,1.2228915662650603,40.6,3.4566982653894343,56.6,4.48736806201478,161.94,3.032289156626506,1.7048192771084338,3.9282630522088353,4.877710843373494
16892,239,3.2438383838383835,5.308484848484848,525.54,5,87,1.1379310344827587,19.8,3.405116666666667,47.8,6.8966666666666665,105.10799999999999,3.04183908045977,2.7471264367816093,5.142413793103448,6.040689655172414
16893,62,2.5971111111111114,3.242888888888889,145.93,1,44,1.0227272727272727,45.0,2.5971111111111114,62.0,3.242888888888889,145.93,2.6177272727272727,1.4090909090909092,3.2397727272727277,3.3165909090909094
16895,102,2.430869565217391,3.175942028985507,219.14,1,57,1.2105263157894737,69.0,2.430869565217391,102.0,3.175942028985507,219.14,2.566666666666667,1.7894736842105263,3.1876023391812867,3.8445614035087723
16897,73,5.09972972972973,7.831891891891891,289.78,2,37,1.0,18.5,5.212095238095238,36.5,9.032642857142857,144.89,5.09972972972973,1.972972972972973,7.8318918918918925,7.8318918918918925
16898,419,2.055740740740741,3.1408024691358025,508.81,3,150,1.08,54.0,2.0944801116018144,139.66666666666666,3.233766809898942,169.60333333333332,2.108033333333333,2.7933333333333334,3.221411111111111,3.3920666666666666
16899,522,3.38856,10.25248,1281.56,6,80,1.5625,20.833333333333332,3.2297046897546893,87.0,10.250349801587301,213.59333333333333,3.2644166666666665,6.525,9.3345,16.0195
16900,833,2.1250632911392406,11.229240506329115,887.11,3,78,1.0128205128205128,26.333333333333332,1.8090157004830918,277.6666666666667,10.356135265700482,295.7033333333333,2.1473076923076926,10.679487179487179,11.283205128205129,11.373205128205129
16902,629,3.8652272727272727,38.79272727272728,1706.88,1,43,1.0232558139534884,44.0,3.8652272727272727,629.0,38.79272727272728,1706.88,3.9260465116279066,14.627906976744185,39.08441860465116,39.694883720930235
16903,262,2.3445000000000005,6.220666666666667,373.24,1,50,1.2,60.0,2.3445000000000005,262.0,6.220666666666667,373.24,2.459,5.24,6.6155,7.4648
16904,2034,2.7468450704225353,5.287704225352113,3754.27,16,387,1.834625322997416,44.375,3.9968077569360467,127.125,7.276625242995308,234.641875,3.0642157622739017,5.255813953488372,5.7754440137812235,9.70095607235142
16905,1408,3.5751442307692307,14.915528846153846,3102.43,7,117,1.7777777777777777,29.714285714285715,3.562834147530387,201.14285714285714,16.4108135526594,443.2042857142857,3.4112820512820514,12.034188034188034,13.456650997150996,26.516495726495727
16906,281,3.269462365591398,6.234086021505376,579.77,4,74,1.2567567567567568,23.25,4.135814871403107,70.25,11.530780494015788,144.9425,3.2857432432432434,3.7972972972972974,5.6967567567567565,7.834729729729729
16907,298,3.786622516556291,6.500993377483444,981.65,5,89,1.696629213483146,30.2,3.7419969910544864,59.6,6.571819246408239,196.32999999999998,4.008623595505618,3.348314606741573,5.954595505617978,11.029775280898878
16909,436,3.238888888888889,21.063333333333333,379.14,1,18,1.0,18.0,3.238888888888889,436.0,21.063333333333333,379.14,3.238888888888889,24.22222222222222,21.063333333333333,21.063333333333333
16910,886,2.173400365630713,2.7606215722120657,1510.06,8,318,1.720125786163522,68.375,2.2669246841776367,110.75,2.822249796678705,188.7575,2.2617714884696016,2.7861635220125787,2.829347484276729,4.748616352201258
16912,1029,4.062871287128713,25.49881188118812,2575.38,11,88,1.1477272727272727,9.181818181818182,4.047246015348288,93.54545454545455,22.935313860382042,234.12545454545455,3.7026704545454545,11.693181818181818,24.615681818181816,29.265681818181818
16913,82,2.07125,14.18,113.44,1,8,1.0,8.0,2.07125,82.0,14.18,113.44,2.07125,10.25,14.18,14.18
16914,121,2.649736842105263,5.4857894736842105,208.46,1,25,1.52,38.0,2.649736842105263,121.0,5.4857894736842105,208.46,2.8080000000000003,4.84,6.7741999999999996,8.3384
16915,132,5.300175438596492,10.906666666666668,621.6800000000001,6,46,1.2391304347826086,9.5,8.754712157809985,22.0,24.11968196457327,103.61333333333334,5.666847826086957,2.869565217391304,11.237173913043478,13.514782608695654
16916,440,2.22041958041958,4.029790209790209,576.26,2,129,1.1085271317829457,71.5,2.2947172043010755,220.0,4.014025806451613,288.13,2.2565116279069763,3.4108527131782944,4.120038759689923,4.467131782945736
16917,232,3.873333333333333,43.50222222222222,391.52,1,9,1.0,9.0,3.873333333333333,232.0,43.50222222222222,391.52,3.873333333333333,25.77777777777778,43.50222222222222,43.50222222222222
16918,721,2.080625,8.35015625,1068.82,6,97,1.3195876288659794,21.333333333333332,2.0800329128756547,120.16666666666667,9.085826957540668,178.13666666666666,2.190103092783505,7.43298969072165,7.822860824742268,11.018762886597937
16919,1413,2.794954128440367,7.940214067278287,2596.45,11,141,2.3191489361702127,29.727272727272727,2.862222566757035,128.45454545454547,8.330151929031159,236.04090909090908,2.408274231678487,10.02127659574468,6.646437183383992,18.4145390070922
16921,171,1.5675,2.829833333333333,169.79,1,50,1.2,60.0,1.5675,171.0,2.829833333333333,169.79,1.5816,3.42,2.8020666666666667,3.3958
16923,3417,3.108511904761905,10.785133928571428,7247.61,19,313,2.146964856230032,35.36842105263158,3.242032261488633,179.8421052631579,22.295056451245955,381.4531578947368,2.7000612353567623,10.916932907348242,9.297643725867097,23.155303514376996
16924,493,2.6796385542168673,10.201807228915662,846.75,3,69,1.2028985507246377,27.666666666666668,2.804468253968254,164.33333333333334,10.350059523809524,282.25,2.4744927536231884,7.144927536231884,9.443888888888889,12.271739130434783
16926,35,6.978571428571429,16.446428571428573,230.25,1,14,1.0,14.0,6.978571428571429,35.0,16.446428571428573,230.25,6.978571428571429,2.5,16.446428571428573,16.446428571428573
16927,993,2.9066666666666667,90.50833333333333,543.05,3,5,1.2,2.0,2.1461111111111113,331.0,117.25555555555555,181.01666666666665,3.404,198.6,68.28999999999999,108.60999999999999
16928,2114,1.8953588516746411,13.62488038277512,2847.6,17,69,3.028985507246377,12.294117647058824,1.6322380543433175,124.3529411764706,15.96436577784101,167.50588235294117,3.020917520482738,30.63768115942029,10.17986756417543,41.2695652173913
16929,929,2.0796103896103895,16.823246753246753,1295.39,7,51,1.5098039215686274,11.0,2.126535714285714,132.71428571428572,17.26372396650968,185.0557142857143,2.069019607843137,18.215686274509803,16.53572549019608,25.39980392156863
16930,341,1.6248148148148147,7.0472222222222225,380.55,3,47,1.148936170212766,18.0,2.049450274862569,113.66666666666667,6.725232383808096,126.85000000000001,1.6848936170212765,7.25531914893617,7.558829787234043,8.096808510638299
16931,3158,2.0643652561247214,5.127193763919822,4604.22,21,448,2.0044642857142856,42.76190476190476,2.065224000684628,150.38095238095238,5.14536055745327,219.24857142857144,2.1327362351190478,7.049107142857143,4.769839727794527,10.277276785714287
16932,87,2.1841509433962267,3.0554716981132075,161.94,1,44,1.2045454545454546,53.0,2.1841509433962267,87.0,3.0554716981132075,161.94,2.189772727272727,1.9772727272727273,2.906931818181818,3.680454545454545
16933,288,2.8868181818181817,12.800681818181818,563.23,2,42,1.0476190476190477,22.0,2.8764166666666666,144.0,12.670333333333332,281.615,2.9623809523809523,6.857142857142857,13.188214285714285,13.410238095238096
16934,399,4.025645161290322,15.33758064516129,950.9300000000001,2,59,1.0508474576271187,31.0,4.2212499999999995,199.5,14.835769230769232,475.46500000000003,3.9176271186440674,6.762711864406779,15.492033898305085,16.117457627118647
16936,173,1.87,4.608421052631579,262.68,1,56,1.0178571428571428,57.0,1.87,173.0,4.608421052631579,262.68,1.8964285714285716,3.0892857142857144,4.676785714285714,4.690714285714286
16938,2540,2.8477593360995854,11.354273858921163,2736.38,4,212,1.1367924528301887,60.25,2.2413327526132405,635.0,13.69432636469222,684.095,2.8061792452830185,11.981132075471699,9.476757075471697,12.90745283018868
16940,2169,2.0787868852459015,9.99960655737705,3049.88,3,226,1.3495575221238938,101.66666666666667,2.0686350558471136,723.0,9.946905055155762,1016.6266666666667,2.0228244837758114,9.597345132743364,9.91641592920354,13.495044247787611
16942,811,2.976725978647687,6.834839857651246,1920.59,9,159,1.7672955974842768,31.22222222222222,3.2656549122063527,90.11111111111111,7.540174614277415,213.3988888888889,2.94248427672956,5.10062893081761,6.354906708595387,12.079182389937106
16943,145,6.822424242424242,24.74939393939394,816.73,3,23,1.434782608695652,11.0,7.077142857142857,48.333333333333336,27.8515873015873,272.24333333333334,6.899565217391304,6.304347826086956,25.799130434782608,35.51
16945,2725,2.2293172690763052,17.451807228915662,4345.5,19,137,1.8175182481751824,13.105263157894736,2.059451979259764,143.42105263157896,16.965473602913843,228.71052631578948,2.2666185262426137,19.89051094890511,15.562921445950643,31.71897810218978
16947,312,2.610952380952381,19.356190476190477,406.48,1,21,1.0,21.0,2.610952380952381,312.0,19.356190476190477,406.48,2.610952380952381,14.857142857142858,19.356190476190477,19.356190476190477
16948,1614,1.1131578947368421,22.89578947368421,435.02,3,15,1.2666666666666666,6.333333333333333,1.2615555555555555,538.0,23.23896296296296,145.00666666666666,1.2473333333333334,107.6,23.817333333333334,29.00133333333333
16949,791,6.3966666666666665,21.437833333333334,1286.27,6,57,1.0526315789473684,10.0,6.616743386243386,131.83333333333334,22.055025132275134,214.37833333333333,6.703684210526316,13.87719298245614,22.24017543859649,22.56614035087719
16950,644,3.0883333333333334,28.06095238095238,1178.56,3,39,1.0769230769230769,14.0,4.390972222222222,214.66666666666666,36.425694444444446,392.8533333333333,3.1605128205128206,16.512820512820515,26.384871794871795,30.219487179487178
16951,1318,1.4517441860465115,14.857558139534884,1277.75,3,73,1.178082191780822,28.666666666666668,1.3172539682539683,439.3333333333333,14.661603174603174,425.9166666666667,1.5120547945205478,18.054794520547944,15.269726027397262,17.503424657534246
16952,92,5.236875,10.475625,167.61,2,16,1.0,8.0,2.9890000000000003,46.0,10.487,83.805,5.236875,5.75,10.475624999999999,10.475624999999999
16953,10,2.08,20.8,20.8,1,1,1.0,1.0,2.08,10.0,20.8,20.8,2.08,10.0,20.8,20.8
16954,1054,3.3449999999999998,38.61259259259259,2085.08,9,40,1.35,6.0,4.45094070961718,117.11111111111111,63.62148070339247,231.67555555555555,2.557875,26.35,32.1475625,52.126999999999995
16955,266,4.1983999999999995,20.746799999999997,518.67,4,18,1.3888888888888888,6.25,3.7910625000000002,66.5,24.030166666666666,129.6675,4.807222222222222,14.777777777777779,20.87,28.814999999999998
16956,114,4.229375,19.29625,308.74,1,16,1.0,16.0,4.229375,114.0,19.29625,308.74,4.229375,7.125,19.29625,19.29625
16957,172,3.329375,26.04,416.64,2,15,1.0666666666666667,8.0,2.825416666666667,86.0,26.93,208.32,3.2213333333333334,11.466666666666667,24.476,27.776
16959,49,3.007142857142857,16.764285714285716,117.35000000000001,1,7,1.0,7.0,3.007142857142857,49.0,16.764285714285716,117.35000000000001,3.007142857142857,7.0,16.764285714285712,16.764285714285712
16960,304,2.0174257425742574,5.02029702970297,507.05,3,92,1.0978260869565217,33.666666666666664,1.928027926322044,101.33333333333333,5.284686472568826,169.01666666666668,2.0494565217391307,3.3043478260869565,5.041123188405797,5.511413043478261
16961,125,2.674285714285714,16.726428571428574,234.17000000000002,1,14,1.0,14.0,2.674285714285714,125.0,16.726428571428574,234.17000000000002,2.674285714285714,8.928571428571429,16.72642857142857,16.72642857142857
16963,35,3.342857142857143,15.792857142857144,110.55000000000001,1,7,1.0,7.0,3.342857142857143,35.0,15.792857142857144,110.55000000000001,3.342857142857143,5.0,15.792857142857144,15.792857142857144
16965,291,2.335769230769231,7.738076923076923,201.19,1,26,1.0,26.0,2.335769230769231,291.0,7.738076923076923,201.19,2.335769230769231,11.192307692307692,7.738076923076923,7.738076923076923
16966,1981,1.2935714285714286,76.96321428571427,2154.97,7,8,3.5,4.0,1.5645833333333332,283.0,87.5657142857143,307.8528571428571,1.29375,247.625,75.87241666666667,269.37125
16967,333,1.1404761904761904,15.19142857142857,319.02,1,21,1.0,21.0,1.1404761904761904,333.0,15.19142857142857,319.02,1.1404761904761904,15.857142857142858,15.19142857142857,15.19142857142857
16968,326,2.803548387096774,14.175161290322581,439.43,2,31,1.0,15.5,2.861875,163.0,14.259916666666667,219.715,2.803548387096774,10.516129032258064,14.175161290322581,14.175161290322581
16969,816,2.382142857142857,15.48595238095238,650.41,3,42,1.0,14.0,2.2890987654320987,272.0,16.060679012345677,216.8033333333333,2.382142857142857,19.428571428571427,15.48595238095238,15.48595238095238
16971,72,7.760731707317073,8.712439024390243,357.21,1,40,1.025,41.0,7.760731707317073,72.0,8.712439024390243,357.21,7.9334999999999996,1.8,8.898375,8.93025
16976,88,6.005,125.75999999999999,251.51999999999998,1,2,1.0,2.0,6.005,88.0,125.75999999999999,251.51999999999998,6.005,44.0,125.75999999999999,125.75999999999999
16978,166,2.944871794871795,8.828974358974358,344.33,1,39,1.0,39.0,2.944871794871795,166.0,8.828974358974358,344.33,2.944871794871795,4.256410256410256,8.828974358974358,8.828974358974358
16979,865,3.4710112359550562,20.808988764044944,1852.0,6,64,1.390625,14.833333333333334,3.8690106309461147,144.16666666666666,23.22270163975809,308.6666666666667,3.1340624999999998,13.515625,17.387734375,28.9375
16980,788,2.3197701149425285,12.401839080459771,1078.96,2,71,1.2253521126760563,43.5,1.726688034188034,394.0,23.950170940170942,539.48,2.461267605633803,11.098591549295774,13.453661971830986,15.19661971830986
16982,182,2.453181818181818,17.457272727272727,384.06,1,22,1.0,22.0,2.453181818181818,182.0,17.457272727272727,384.06,2.453181818181818,8.272727272727273,17.457272727272727,17.457272727272727
16983,1379,2.3687837837837837,13.048986486486486,1931.25,7,112,1.3214285714285714,21.142857142857142,2.51020624071,197.0,14.44047806746303,275.89285714285717,2.1875892857142856,12.3125,11.883629464285715,17.243303571428573
16984,2423,3.5025307125307124,11.010687960687962,4481.35,2,354,1.1497175141242937,203.5,3.1864888919744514,1211.5,10.651108580949737,2240.675,3.510310734463277,6.844632768361582,11.459048964218457,12.659180790960454
16985,1832,4.208,45.53433333333333,5464.12,10,62,1.935483870967742,12.0,4.756485101010101,183.2,45.48235661560661,546.412,4.0928387096774195,29.548387096774192,34.670026881720425,88.13096774193548
16986,1040,1.9833333333333334,624.4,1873.2,2,3,1.0,1.5,1.935,520.0,915.8,936.6,1.9833333333333334,346.6666666666667,624.4,624.4
16987,402,4.745038759689923,12.597286821705426,1625.05,7,74,1.7432432432432432,18.428571428571427,6.366090461262876,57.42857142857143,14.046754270360182,232.15,3.937040540540541,5.4324324324324325,10.17030855855856,21.960135135135136
16988,43,5.977142857142858,18.017142857142858,126.12,1,7,1.0,7.0,5.977142857142858,43.0,18.017142857142858,126.12,5.977142857142858,6.142857142857143,18.017142857142858,18.017142857142858
16989,1233,1.5,94.4375,1133.25,6,7,1.7142857142857142,2.0,1.607142857142857,205.5,66.34642857142858,188.875,1.3928571428571428,176.14285714285714,123.19642857142857,161.89285714285714
16990,100,1.79,179.0,179.0,1,1,1.0,1.0,1.79,100.0,179.0,179.0,1.79,100.0,179.0,179.0
16992,860,3.8163440860215054,17.358172043010754,1614.31,5,84,1.1071428571428572,18.6,3.8530246104772425,172.0,17.526482026745185,322.86199999999997,3.8922619047619045,10.238095238095237,17.15577380952381,19.21797619047619
16996,544,2.984054054054054,39.3772972972973,1456.96,6,13,2.8461538461538463,6.166666666666667,3.2250336700336697,90.66666666666667,38.474494949494954,242.82666666666668,2.803846153846154,41.84615384615385,36.28076923076923,112.07384615384616
16997,360,1.95,58.5,702.0,3,7,1.7142857142857142,4.0,1.95,120.0,58.5,234.0,1.95,51.42857142857143,60.82142857142857,100.28571428571429
16998,76,3.85,73.75,295.0,4,1,4.0,1.0,3.85,19.0,73.75,73.75,3.85,76.0,73.75,295.0
16999,294,2.427391304347826,21.07913043478261,484.82,2,21,1.0952380952380953,11.5,2.1009313725490197,147.0,27.146127450980394,242.41,2.579047619047619,14.0,22.132380952380952,23.086666666666666
17001,2164,3.05698224852071,23.606923076923078,3989.57,11,75,2.2533333333333334,15.363636363636363,2.9498022974500246,196.72727272727272,24.198789150243694,362.6881818181818,3.47885,28.85333333333333,21.326115873015873,53.19426666666667
17002,679,3.438775510204082,30.484285714285715,1493.73,3,41,1.1951219512195121,16.333333333333332,3.5092799872985636,226.33333333333334,31.1551012145749,497.91,3.064390243902439,16.5609756097561,28.835853658536585,36.43243902439024
17004,819,2.652727272727273,32.11227272727273,1412.94,2,38,1.1578947368421053,22.0,2.8344444444444443,409.5,30.64662393162393,706.47,2.7426315789473685,21.55263157894737,30.643684210526317,37.18263157894737
17006,272,3.7497727272727275,17.76772727272727,781.78,4,37,1.1891891891891893,11.0,4.099736425339367,68.0,20.512826357466064,195.445,3.7308108108108105,7.351351351351352,15.378513513513514,21.129189189189187
17007,597,3.3242307692307693,17.114038461538463,889.9300000000001,6,50,1.04,8.666666666666666,3.663413742690059,99.5,17.54045008354219,148.3216666666667,3.3939999999999997,11.94,17.293400000000002,17.7986
17010,118,2.5500000000000003,17.76,195.36,1,11,1.0,11.0,2.5500000000000003,118.0,17.76,195.36,2.5500000000000003,10.727272727272727,17.76,17.76
17011,186,1.79,18.06,270.9,1,15,1.0,15.0,1.79,186.0,18.06,270.9,1.79,12.4,18.06,18.06
17014,245,2.9335135135135135,7.923378378378379,586.33,3,63,1.1746031746031746,24.666666666666668,2.9629158096805157,81.66666666666667,10.621728026875086,195.44333333333336,3.0766666666666667,3.888888888888889,7.056031746031746,9.306825396825397
17015,1981,1.417142857142857,8.491059907834101,1842.56,3,182,1.1923076923076923,72.33333333333333,1.34871305189487,660.3333333333334,10.284272950636586,614.1866666666666,1.501153846153846,10.884615384615385,8.554175824175823,10.123956043956044
17017,6673,1.6860714285714284,34.50103174603175,8694.26,20,88,2.8636363636363638,12.6,1.8572851357058806,333.65,38.03250175367141,434.713,1.8184150432900432,75.82954545454545,31.61123527608755,98.79840909090909
17018,176,6.223125,57.50625,920.1,2,15,1.0666666666666667,8.0,6.3285,88.0,59.505,460.05,6.1770000000000005,11.733333333333333,56.730000000000004,61.34
17019,827,2.1226495726495727,5.4385042735042735,1272.61,4,166,1.4096385542168675,58.5,2.11066097587944,206.75,5.739495434245585,318.1525,2.145903614457831,4.981927710843373,5.412695783132531,7.666325301204819
17022,108,0.9585714285714285,10.142857142857142,71.0,1,7,1.0,7.0,0.9585714285714285,108.0,10.142857142857142,71.0,0.9585714285714285,15.428571428571429,10.142857142857142,10.142857142857142
17024,69,1.3833333333333335,31.95,95.85,3,2,1.5,1.0,1.3833333333333335,23.0,31.95,31.95,1.45,34.5,33.8625,47.925
17025,235,2.006666666666667,39.75222222222222,357.77,3,8,1.125,3.0,2.9924999999999997,78.33333333333333,34.27666666666667,119.25666666666666,2.0575,29.375,38.98375,44.72125
17026,97,4.035,38.7075,154.83,2,4,1.0,2.0,3.253333333333333,48.5,66.36500000000001,77.415,4.035,24.25,38.7075,38.7075
17027,421,2.642156862745098,5.818888888888889,890.29,6,110,1.3909090909090909,25.5,2.7954340819083474,70.16666666666667,6.295260499055229,148.38166666666666,2.8231818181818182,3.827272727272727,5.948795454545455,8.093545454545454
17029,400,1.79,358.0,716.0,2,1,2.0,1.0,1.79,200.0,358.0,358.0,1.79,400.0,358.0,716.0
17030,146,2.661818181818182,13.351818181818182,146.87,1,11,1.0,11.0,2.661818181818182,146.0,13.351818181818182,146.87,2.661818181818182,13.272727272727273,13.351818181818182,13.351818181818182
17031,235,1.606818181818182,17.288636363636364,380.35,2,19,1.1578947368421053,11.0,1.5524358974358974,117.5,17.26816239316239,190.175,1.5999999999999999,12.368421052631579,17.413157894736845,20.01842105263158
17033,750,2.2567857142857144,36.79071428571429,1030.14,3,24,1.1666666666666667,9.333333333333334,2.7037301587301585,250.0,39.55690476190476,343.37999999999994,1.8660416666666668,31.25,28.847499999999997,42.92249999999999
17034,410,3.3606666666666665,24.850666666666665,745.52,3,28,1.0714285714285714,10.0,3.1375238095238096,136.66666666666666,24.376634920634917,248.50666666666666,3.5285714285714285,14.642857142857142,25.342142857142857,26.625714285714285
17035,229,3.3057142857142856,15.483214285714286,433.53000000000003,2,27,1.037037037037037,14.0,3.3808888888888884,114.5,15.909611111111111,216.765,3.365555555555556,8.481481481481481,15.555925925925926,16.05666666666667
17037,656,2.7634666666666665,16.8976,1267.32,1,75,1.0,75.0,2.7634666666666665,656.0,16.8976,1267.32,2.7634666666666665,8.746666666666666,16.8976,16.8976
17038,28,4.440909090909091,5.109090909090909,112.4,1,22,1.0,22.0,4.440909090909091,28.0,5.109090909090909,112.4,4.440909090909091,1.2727272727272727,5.109090909090909,5.109090909090909
17040,181,3.3006666666666664,29.982000000000003,449.73,1,15,1.0,15.0,3.3006666666666664,181.0,29.982000000000003,449.73,3.3006666666666664,12.066666666666666,29.982000000000003,29.982000000000003
17041,951,1.929142857142857,15.450999999999999,1081.57,3,59,1.1864406779661016,23.333333333333332,1.9830871084065809,317.0,15.69428555330178,360.5233333333333,2.0635593220338984,16.11864406779661,15.69728813559322,18.331694915254236
17042,994,1.8227551020408164,10.656938775510206,1044.38,5,74,1.3243243243243243,19.6,1.8663520174915522,198.8,12.55169803220036,208.87600000000003,1.8167567567567566,13.432432432432432,9.528344594594595,14.113243243243245
17043,998,3.143627450980392,17.01156862745098,1735.18,4,100,1.02,25.5,2.673077468230694,249.5,15.684390640273705,433.795,3.0925,9.98,17.05855,17.3518
17044,504,2.236666666666667,158.08,948.48,1,6,1.0,6.0,2.236666666666667,504.0,158.08,948.48,2.236666666666667,84.0,158.08,158.08
17045,106,4.968181818181819,15.42909090909091,339.44,3,20,1.1,7.333333333333333,15.813333333333334,35.333333333333336,24.524375000000003,113.14666666666666,4.755000000000001,5.3,13.435750000000002,16.972
17046,510,2.169090909090909,29.182727272727274,642.02,1,22,1.0,22.0,2.169090909090909,510.0,29.182727272727274,642.02,2.169090909090909,23.181818181818183,29.182727272727274,29.182727272727274
17047,533,3.536923076923077,16.93692307692308,1100.9,3,59,1.1016949152542372,21.666666666666668,3.557916666666667,177.66666666666666,16.867240164805953,366.9666666666667,3.4510169491525424,9.033898305084746,16.99813559322034,18.659322033898306
17048,485,3.7065116279069765,21.519767441860466,925.35,3,41,1.048780487804878,14.333333333333334,5.2830531400966185,161.66666666666666,24.014328502415463,308.45,3.820365853658537,11.829268292682928,21.766097560975613,22.569512195121952
17049,2676,3.9271069182389935,17.79867924528302,5659.9800000000005,9,201,1.5820895522388059,35.333333333333336,3.8265726909033293,297.3333333333333,18.53911458583693,628.8866666666668,4.088573797678275,13.313432835820896,17.828554726368157,28.159104477611944
17050,1614,2.778924050632911,10.217848101265822,3228.84,6,169,1.8698224852071006,52.666666666666664,2.7150742877308214,269.0,10.707657851525363,538.14,2.930853057199211,9.550295857988166,9.798663708086785,19.105562130177514
17051,184,1.8213953488372092,5.747441860465116,247.14,1,40,1.075,43.0,1.8213953488372092,184.0,5.747441860465116,247.14,1.8842500000000002,4.6,5.781416666666667,6.1785
17052,261,1.8638043478260868,4.497282608695652,413.75,1,72,1.2777777777777777,92.0,1.8638043478260868,261.0,4.497282608695652,413.75,2.0697222222222225,3.625,5.0722453703703705,5.746527777777778
17053,122,4.499230769230769,38.34461538461539,498.48,1,13,1.0,13.0,4.499230769230769,122.0,38.34461538461539,498.48,4.49923076923077,9.384615384615385,38.34461538461539,38.34461538461539
17054,804,4.77144578313253,16.34132530120482,1356.33,5,64,1.296875,16.6,5.107281693363845,160.8,16.562835583524027,271.26599999999996,4.32234375,12.5625,15.743697916666667,21.19265625
17058,592,3.765322580645161,19.030483870967743,1179.89,3,51,1.2156862745098038,20.666666666666668,4.0094102564102565,197.33333333333334,20.427809523809525,393.2966666666667,3.677843137254902,11.607843137254902,18.314411764705884,23.135098039215688
17059,1855,2.6577325581395352,5.9981395348837205,3095.04,5,292,1.7671232876712328,103.2,2.699918011608384,371.0,6.065206853846918,619.008,2.643171803652968,6.352739726027397,6.397908675799086,10.59945205479452
17060,216,1.7719999999999998,46.848,234.24,1,5,1.0,5.0,1.7719999999999998,216.0,46.848,234.24,1.7719999999999998,43.2,46.848,46.848
17061,1526,5.0870707070707075,52.850808080808086,5232.2300000000005,11,57,1.736842105263158,9.0,4.5268208609572245,138.72727272727272,78.9821669239851,475.6572727272727,4.640672514619883,26.771929824561404,45.07812865497076,91.79350877192984
17062,430,2.162,7.691,538.37,4,52,1.3461538461538463,17.5,2.1985042735042737,107.5,8.07767094017094,134.5925,2.292692307692308,8.26923076923077,7.065096153846154,10.35326923076923
17063,770,2.656025641025641,18.732564102564105,1461.14,7,66,1.1818181818181819,11.142857142857142,3.0099099692577953,110.0,21.378470457682415,208.7342857142857,2.6757954545454545,11.666666666666666,18.189621212121214,22.13848484848485
17064,318,3.687741935483871,13.860483870967743,859.35,3,53,1.169811320754717,20.666666666666668,3.716670861937452,106.0,14.350253623188406,286.45,3.741320754716981,6.0,14.310377358490566,16.214150943396227
17068,2164,2.5016554054054057,15.378851351351353,4552.14,21,116,2.5517241379310347,14.095238095238095,2.705051403817667,103.04761904761905,17.3491953711808,216.76857142857145,2.764761904761905,18.655172413793103,13.98698788998358,39.242586206896554
17069,1506,2.8552447552447555,18.948951048951052,2709.7000000000003,9,111,1.2882882882882882,15.88888888888889,2.878845606603671,167.33333333333334,17.839270571304443,301.0777777777778,2.9441441441441443,13.567567567567568,19.249211711711713,24.411711711711714
17070,133,2.5853125,4.8771875,312.14,1,62,1.032258064516129,64.0,2.5853125,133.0,4.8771875,312.14,2.5412903225806454,2.1451612903225805,4.9070967741935485,5.034516129032258
17071,1197,3.376714285714286,17.350214285714287,2429.03,9,102,1.3725490196078431,15.555555555555555,3.7921095360703205,133.0,19.33347294608079,269.89222222222224,3.2343627450980397,11.735294117647058,16.867230392156863,23.81401960784314
17073,759,3.1235632183908044,8.310862068965516,1446.09,4,142,1.2253521126760563,43.5,3.232068452380952,189.75,8.665954034391534,361.5225,2.9638028169014086,5.345070422535211,8.196795774647887,10.183732394366197
17075,292,3.8464935064935064,10.832727272727272,834.12,4,62,1.2419354838709677,19.25,3.6573164682539683,73.0,10.346321924603174,208.53,3.923064516129032,4.709677419354839,11.126021505376345,13.453548387096774
17076,295,5.8696,33.6432,841.0799999999999,3,17,1.4705882352941178,8.333333333333334,5.624155844155844,98.33333333333333,31.274285714285714,280.35999999999996,5.625,17.352941176470587,28.32941176470588,49.47529411764706
17078,788,0.6025,13.507142857142856,378.2,2,28,1.0,14.0,0.5001851851851852,394.0,10.75925925925926,189.10000000000002,0.6024999999999999,28.142857142857142,13.507142857142856,13.507142857142856
17079,24,4.95,59.400000000000006,118.80000000000001,1,2,1.0,2.0,4.95,24.0,59.400000000000006,118.80000000000001,4.95,12.0,59.400000000000006,59.400000000000006
17080,166,3.76375,35.9525,287.62,2,8,1.0,4.0,2.6049999999999995,83.0,53.252857142857145,143.81,3.76375,20.75,35.9525,35.9525
17081,78,3.7953125,4.53375,290.16,2,55,1.1636363636363636,32.0,3.9261399787910922,39.0,4.606511134676564,145.07999999999998,3.768181818181818,1.4181818181818182,4.534727272727273,5.275636363636364
17082,1049,4.224567901234568,24.73888888888889,2003.8500000000001,2,75,1.08,40.5,5.137861842105263,524.5,25.260021929824564,1001.9250000000001,4.3944,13.986666666666666,24.200666666666667,26.718000000000004
17083,772,2.0717307692307694,27.034230769230767,1405.78,3,24,2.1666666666666665,17.333333333333332,2.0833809523809523,257.3333333333333,26.36462433862434,468.5933333333333,2.1079166666666667,32.166666666666664,26.84277777777778,58.57416666666666
17084,1816,2.892283950617284,18.208333333333332,2949.75,2,146,1.1095890410958904,81.0,2.9922548311359947,908.0,18.28601679609897,1474.875,2.9123287671232876,12.438356164383562,18.454315068493152,20.203767123287673
17085,786,2.732192513368984,8.377807486631017,1566.65,5,115,1.626086956521739,37.4,2.764773715651135,157.2,8.46016009557945,313.33000000000004,2.7765652173913042,6.834782608695652,8.496268115942028,13.62304347826087
17086,1859,2.1609374999999997,21.355,2050.08,6,76,1.263157894736842,16.0,2.0382174044593397,309.8333333333333,32.75906580784807,341.68,2.0170394736842105,24.460526315789473,19.313157894736843,26.974736842105262
17088,868,3.8090434782608695,17.313130434782607,1991.01,4,96,1.1979166666666667,28.75,3.637127840909091,217.0,16.718659090909092,497.7525,3.7731076388888893,9.041666666666666,17.056875,20.7396875
17090,921,2.742063492063492,32.4436507936508,2043.95,7,45,1.4,9.0,2.564785372522215,131.57142857142858,70.15699555707451,291.99285714285713,2.8433333333333333,20.466666666666665,28.579555555555558,45.42111111111111
17091,1746,3.139846153846154,19.629538461538463,3827.76,9,119,1.638655462184874,21.666666666666668,3.0634494721994723,194.0,18.344133753022643,425.3066666666667,3.351484593837535,14.672268907563025,18.81982492997199,32.16605042016807
17092,1131,2.2588000000000004,14.22224,1777.78,4,99,1.2626262626262625,31.25,2.243066408692933,282.75,13.943707688399,444.445,2.187272727272727,11.424242424242424,15.17098484848485,17.957373737373736
17094,152,2.1464285714285714,21.571428571428573,302.0,1,14,1.0,14.0,2.1464285714285714,152.0,21.571428571428573,302.0,2.1464285714285714,10.857142857142858,21.571428571428573,21.571428571428573
17095,618,3.755135135135135,17.894054054054056,1324.16,3,69,1.0724637681159421,24.666666666666668,3.8550231481481485,206.0,17.299884259259258,441.3866666666666,3.6156521739130434,8.956521739130435,17.899420289855072,19.19072463768116
17096,339,4.555416666666667,21.294375,1022.13,4,46,1.0434782608695652,12.0,4.338759920634921,84.75,21.489618055555557,255.5325,4.429565217391304,7.369565217391305,20.49304347826087,22.22021739130435
17100,800,1.9433846153846153,14.949846153846154,971.74,2,65,1.0,32.5,3.2295238095238092,400.0,15.421944444444446,485.87,1.9433846153846155,12.307692307692308,14.949846153846154,14.949846153846154
17101,815,2.8811904761904765,38.61261904761905,1621.73,4,28,1.5,10.5,2.5086311274509807,203.75,60.63713235294118,405.4325,3.0208035714285715,29.107142857142858,34.20732142857143,57.91892857142857
17102,2,12.75,25.5,25.5,1,1,1.0,1.0,12.75,2.0,25.5,25.5,12.75,2.0,25.5,25.5
17105,693,1.9445555555555554,7.397555555555555,665.78,2,80,1.125,45.0,1.9783400809716598,346.5,7.533208502024292,332.89,2.083375,8.6625,7.462375,8.32225
17107,4837,3.343612440191388,25.874234449760767,10815.43,6,269,1.553903345724907,69.66666666666667,4.015811824705692,806.1666666666666,33.99186545264877,1802.5716666666667,3.2910638166047086,17.981412639405203,20.643135068153654,40.20605947955391
17109,589,2.3304273504273505,7.564444444444444,885.04,6,107,1.0934579439252337,19.5,2.5015406323877065,98.16666666666667,11.146091164302598,147.50666666666666,2.3961682242990654,5.5046728971962615,7.052990654205607,8.271401869158877
17110,50,5.166666666666667,13.608333333333333,163.29999999999998,1,12,1.0,12.0,5.166666666666667,50.0,13.608333333333333,163.29999999999998,5.166666666666667,4.166666666666667,13.608333333333333,13.608333333333333
17111,302,1.8419999999999999,8.287,248.61,1,29,1.0344827586206897,30.0,1.8419999999999999,302.0,8.287,248.61,1.8762068965517242,10.413793103448276,7.986551724137931,8.572758620689656
17114,219,5.023464566929134,6.367086614173228,808.62,8,85,1.4941176470588236,15.875,5.710040283276161,27.375,6.941482900512222,101.0775,5.183893557422969,2.5764705882352943,6.351113445378151,9.513176470588235
17115,372,4.382307692307692,21.474358974358974,837.5,3,33,1.1818181818181819,13.0,4.041613756613756,124.0,23.64968253968254,279.1666666666667,4.403636363636363,11.272727272727273,21.258333333333333,25.37878787878788
17117,68,3.966666666666667,12.911111111111111,116.2,1,9,1.0,9.0,3.966666666666667,68.0,12.911111111111111,116.2,3.966666666666667,7.555555555555555,12.911111111111111,12.911111111111111
17118,154,1.3579999999999999,15.702000000000002,157.02,1,10,1.0,10.0,1.3579999999999999,154.0,15.702000000000002,157.02,1.3579999999999999,15.4,15.702000000000002,15.702000000000002
17119,334,3.578857142857143,17.340285714285713,606.91,2,35,1.0,17.5,3.4476209677419356,167.0,16.284112903225807,303.455,3.578857142857143,9.542857142857143,17.340285714285713,17.340285714285713
17120,120,4.396111111111111,17.08111111111111,307.46,1,18,1.0,18.0,4.396111111111111,120.0,17.08111111111111,307.46,4.396111111111111,6.666666666666667,17.08111111111111,17.08111111111111
17122,80,1.97,19.759999999999998,138.32,1,7,1.0,7.0,1.97,80.0,19.759999999999998,138.32,1.97,11.428571428571429,19.759999999999998,19.759999999999998
17123,246,1.7722222222222221,38.36666666666667,345.3,1,9,1.0,9.0,1.7722222222222221,246.0,38.36666666666667,345.3,1.7722222222222221,27.333333333333332,38.36666666666667,38.36666666666667
17124,130,3.435625,9.3403125,298.89,1,31,1.032258064516129,32.0,3.435625,130.0,9.3403125,298.89,3.396451612903226,4.193548387096774,9.491612903225807,9.641612903225806
17125,291,3.4685,6.483750000000001,259.35,1,34,1.1764705882352942,40.0,3.4685,291.0,6.483750000000001,259.35,3.3055882352941177,8.558823529411764,6.448529411764706,7.627941176470589
17126,792,1.8555384615384616,3.8644230769230767,1004.75,5,187,1.3903743315508021,52.0,1.7211265922249794,158.4,3.2460907775020678,200.95,1.975427807486631,4.235294117647059,4.024995543672015,5.372994652406417
17128,76,3.985,11.220714285714285,157.09,1,14,1.0,14.0,3.985,76.0,11.220714285714285,157.09,3.985,5.428571428571429,11.220714285714285,11.220714285714285
17131,983,3.519402985074627,18.38186567164179,2463.17,5,78,1.7179487179487178,26.8,3.9515157004830916,196.6,23.763070772946858,492.634,3.1191452991452993,12.602564102564102,16.188504273504275,31.579102564102566
17133,2730,2.1211111111111114,181.1940740740741,4892.240000000001,7,13,2.076923076923077,3.857142857142857,2.0736190476190477,390.0,184.63188095238095,698.8914285714285,2.0276923076923077,210.0,170.1473076923077,376.32615384615383
17134,102,5.45,17.708333333333332,425.0,2,21,1.1428571428571428,12.0,5.41,51.0,20.075,212.5,5.745238095238095,4.857142857142857,17.525396825396825,20.238095238095237
17135,1224,5.040961538461539,21.917884615384615,1139.73,7,34,1.5294117647058822,7.428571428571429,25.573095238095238,174.85714285714286,38.173996598639455,162.81857142857143,4.225294117647059,36.0,20.026176470588236,33.521470588235296
17138,126,4.90625,15.854166666666666,380.5,1,24,1.0,24.0,4.90625,126.0,15.854166666666666,380.5,4.90625,5.25,15.854166666666666,15.854166666666666
17139,5182,3.764456066945607,22.31897489539749,10668.47,12,309,1.5469255663430421,39.833333333333336,3.0107397658340656,431.8333333333333,22.85420943945475,889.0391666666666,4.313567961165048,16.77022653721683,20.612146709816614,34.5257928802589
17140,302,2.5025,23.266,465.32,1,16,1.25,20.0,2.5025,302.0,23.266,465.32,2.7418750000000003,18.875,27.88875,29.082500000000003
17142,81,19.186666666666667,38.6,579.0,1,15,1.0,15.0,19.186666666666667,81.0,38.6,579.0,19.186666666666667,5.4,38.6,38.6
17144,483,5.275833333333334,20.511875,984.57,2,42,1.1428571428571428,24.0,5.293321739130435,241.5,20.727730434782607,492.28499999999997,5.239047619047619,11.5,20.977857142857143,23.44214285714286
17146,212,7.031142857142857,21.422285714285714,749.78,3,33,1.0606060606060606,11.666666666666666,18.60390931372549,70.66666666666667,42.40530637254902,249.92666666666665,7.122424242424243,6.424242424242424,21.741818181818182,22.72060606060606
17147,882,3.190987654320988,21.167777777777776,1714.59,4,68,1.1911764705882353,20.25,3.2367572577276524,220.5,21.377256813909774,428.64750000000004,2.9899999999999998,12.970588235294118,18.78514705882353,25.214558823529416
17148,82,1.62,13.875555555555556,124.88,1,9,1.0,9.0,1.62,82.0,13.875555555555556,124.88,1.62,9.11111111111111,13.875555555555556,13.875555555555556
17152,517,3.482857142857143,120.67857142857143,1689.5,3,9,1.5555555555555556,4.666666666666667,3.92125,172.33333333333334,145.79583333333332,563.1666666666666,2.9857407407407406,57.44444444444444,72.49074074074073,187.72222222222223
17153,104,2.789285714285714,15.27,213.78,1,14,1.0,14.0,2.789285714285714,104.0,15.27,213.78,2.7892857142857146,7.428571428571429,15.27,15.27
17154,490,1.1069565217391304,14.319130434782608,329.34,1,23,1.0,23.0,1.1069565217391304,490.0,14.319130434782608,329.34,1.1069565217391304,21.304347826086957,14.319130434782608,14.319130434782608
17155,242,2.568,12.584999999999999,251.7,2,19,1.0526315789473684,10.0,2.5491919191919195,121.0,12.888383838383838,125.85,2.6268421052631576,12.736842105263158,9.58421052631579,13.24736842105263
17157,172,2.5461538461538464,24.53846153846154,319.0,2,11,1.1818181818181819,6.5,2.64475,86.0,25.84525,159.5,2.3072727272727276,15.636363636363637,20.992727272727272,29.0
17158,778,3.2455223880597015,18.91,1266.97,3,53,1.2641509433962264,22.333333333333332,3.1778428571428576,259.3333333333333,19.064104761904762,422.3233333333333,3.201320754716981,14.679245283018869,17.531635220125786,23.905094339622643
17159,1111,2.389108910891089,15.236435643564358,1538.88,3,96,1.0520833333333333,33.666666666666664,2.527018357487923,370.3333333333333,15.617571014492754,512.96,2.386979166666667,11.572916666666666,15.1009375,16.03
17160,2856,1.6480349344978165,15.362576419213974,3518.03,6,111,2.063063063063063,38.166666666666664,1.6489684434540652,476.0,15.598799047349557,586.3383333333333,1.6921621621621623,25.72972972972973,14.721156156156157,31.693963963963967
17162,1001,3.83,16.494807692307692,1715.46,10,81,1.2839506172839505,10.4,4.0799214958131795,100.1,15.98669186324156,171.546,3.7822222222222224,12.358024691358025,16.512716049382714,21.17851851851852
17163,66,4.529999999999999,58.620000000000005,293.1,2,3,1.6666666666666667,2.5,4.483333333333333,33.0,63.016666666666666,146.55,4.6000000000000005,22.0,58.75,97.7
17164,1501,2.4883333333333333,17.134375,2467.35,7,92,1.565217391304348,20.571428571428573,2.5718682428682427,214.42857142857142,19.057245865245868,352.4785714285714,2.739130434782609,16.315217391304348,17.350108695652175,26.819021739130434
17165,100,3.0669999999999997,15.868,158.68,1,10,1.0,10.0,3.0669999999999997,100.0,15.868,158.68,3.067,10.0,15.868,15.868
17166,78,3.115,17.195,206.34,2,11,1.0909090909090908,6.0,3.3689999999999998,39.0,26.067,103.17,3.0572727272727276,7.090909090909091,15.519545454545455,18.758181818181818
17169,526,2.830740740740741,15.477407407407407,835.78,2,51,1.0588235294117647,27.0,3.1720833333333336,263.0,15.895277777777778,417.89,2.675686274509804,10.313725490196079,15.319215686274509,16.3878431372549
17171,185,2.38,14.056875,224.91,1,16,1.0,16.0,2.38,185.0,14.056875,224.91,2.38,11.5625,14.056875,14.056875
17172,480,0.8446666666666667,21.184,317.76,1,15,1.0,15.0,0.8446666666666667,480.0,21.184,317.76,0.8446666666666667,32.0,21.184,21.184
17173,1122,3.7151162790697674,43.79767441860465,3766.6,8,36,2.388888888888889,10.75,3.750605235042735,140.25,48.592326923076925,470.82500000000005,3.5816435185185185,31.166666666666668,43.314675925925926,104.6277777777778
17174,41,1.6625,14.975,59.9,1,4,1.0,4.0,1.6625,41.0,14.975,59.9,1.6625,10.25,14.975,14.975
17175,866,4.0947619047619055,22.915714285714287,1443.69,4,42,1.5,15.75,4.198406466218967,216.5,26.593478645197397,360.9225,4.904999999999999,20.61904761904762,21.992222222222225,34.37357142857143
17176,170,2.772666666666667,20.408666666666665,306.13,1,15,1.0,15.0,2.772666666666667,170.0,20.408666666666665,306.13,2.772666666666667,11.333333333333334,20.408666666666665,20.408666666666665
17179,290,2.314375,8.897375,711.79,3,56,1.4285714285714286,26.666666666666668,2.2827442002442004,96.66666666666667,9.693968253968254,237.26333333333332,2.1357142857142857,5.178571428571429,7.465297619047619,12.710535714285713
17180,683,1.8921875,6.218984375,796.03,4,91,1.4065934065934067,32.0,1.581749231950845,170.75,6.623913743812937,199.0075,2.0266666666666664,7.5054945054945055,6.247875457875457,8.747582417582418
17181,241,3.039565217391304,10.431304347826087,239.92000000000002,2,23,1.0,11.5,2.028690476190476,120.5,40.88952380952381,119.96000000000001,3.039565217391304,10.478260869565217,10.431304347826087,10.431304347826087
17183,1296,4.032465753424658,45.85356164383562,3347.31,6,42,1.7380952380952381,12.166666666666666,3.82935989010989,216.0,51.1992735042735,557.885,3.904702380952381,30.857142857142858,32.164523809523814,79.69785714285715
17186,200,0.72,72.0,144.0,2,1,2.0,1.0,0.72,100.0,72.0,72.0,0.72,200.0,72.0,144.0
17187,144,3.7649999999999997,20.395,203.95,1,10,1.0,10.0,3.7649999999999997,144.0,20.395,203.95,3.7649999999999997,14.4,20.395,20.395
17188,1328,2.6591666666666667,29.455119047619046,2474.23,7,71,1.1830985915492958,12.0,2.729461861667744,189.71428571428572,34.76659814695109,353.4614285714286,2.520704225352113,18.704225352112676,27.31676056338028,34.84830985915493
17189,227,2.3147540983606554,6.301639344262295,384.4,2,52,1.1730769230769231,30.5,2.264387871853547,113.5,6.4066933638443935,192.2,2.147692307692308,4.365384615384615,5.437692307692307,7.392307692307692
17190,161,12.313684210526317,23.40736842105263,444.74,2,19,1.0,9.5,98.58222222222223,80.5,104.43722222222222,222.37,12.313684210526317,8.473684210526315,23.40736842105263,23.40736842105263
17191,1167,2.56506329113924,8.840210970464135,2095.13,7,163,1.4539877300613497,33.857142857142854,2.570179833079833,166.71428571428572,7.827166943566944,299.30428571428575,2.5408629856850715,7.159509202453988,7.612967280163598,12.85355828220859
17193,1254,2.4309375,53.103125,1699.3,7,17,1.8823529411764706,4.571428571428571,2.7842857142857147,179.14285714285714,45.138351648351644,242.75714285714284,1.9870588235294118,73.76470588235294,56.08882352941176,99.95882352941176
17194,119,3.9117241379310346,9.055862068965517,262.62,2,26,1.1153846153846154,14.5,6.847142857142857,59.5,9.511071428571428,131.31,3.347403846153846,4.576923076923077,9.066923076923077,10.100769230769231
17197,191,5.508965517241379,34.93137931034483,1013.01,1,29,1.0,29.0,5.508965517241379,191.0,34.93137931034483,1013.01,5.508965517241379,6.586206896551724,34.93137931034483,34.93137931034483
17198,357,2.8972916666666664,7.210625,692.22,3,89,1.0786516853932584,32.0,2.8723853856338963,119.0,8.170396529846629,230.74,2.912247191011236,4.01123595505618,7.103314606741573,7.777752808988764
17201,268,1.9490000000000003,8.56575,342.63,1,38,1.0526315789473684,40.0,1.9490000000000003,268.0,8.56575,342.63,1.9963157894736843,7.052631578947368,7.625789473684211,9.016578947368421
17203,2850,1.7332236842105262,23.446381578947367,3563.85,6,116,1.3103448275862069,25.333333333333332,1.724152547422478,475.0,28.483423015258737,593.975,1.7312844827586207,24.56896551724138,24.686451149425288,30.722844827586208
17204,646,4.6410526315789475,27.448421052631577,1564.56,4,44,1.2954545454545454,14.25,5.420080492424242,161.5,27.967526041666666,391.14000000000004,4.392954545454545,14.681818181818182,25.164431818181814,35.558181818181815
17205,884,0.5253846153846153,29.544615384615383,384.08,1,13,1.0,13.0,0.5253846153846153,884.0,29.544615384615383,384.08,0.5253846153846153,68.0,29.544615384615383,29.544615384615383
17206,76,2.7885714285714287,29.177142857142858,204.24,1,7,1.0,7.0,2.7885714285714287,76.0,29.177142857142858,204.24,2.7885714285714287,10.857142857142858,29.177142857142858,29.177142857142858
17211,1323,3.2573933649289097,10.982085308056874,2317.2200000000003,8,150,1.4066666666666667,26.375,3.3382029431263973,165.375,10.980474950829684,289.65250000000003,3.2132222222222224,8.82,11.053544444444444,15.448133333333335
17212,147,1.385,56.7125,226.85,1,4,1.0,4.0,1.385,147.0,56.7125,226.85,1.385,36.75,56.7125,56.7125
17213,1176,4.155414012738853,17.71484076433121,2781.23,7,85,1.8470588235294119,22.428571428571427,4.114586228037651,168.0,17.960304603160665,397.31857142857143,3.9821960784313726,13.83529411764706,17.241313725490198,32.72035294117647
17214,276,5.273495145631068,10.37980582524272,1069.1200000000001,6,79,1.3037974683544304,17.166666666666668,5.454778812232373,46.0,10.616849276740917,178.1866666666667,5.451835443037974,3.4936708860759493,10.47857594936709,13.533164556962024
17217,24,3.716666666666667,12.61111111111111,113.5,1,9,1.0,9.0,3.716666666666667,24.0,12.61111111111111,113.5,3.716666666666667,2.6666666666666665,12.61111111111111,12.61111111111111
17218,958,2.9099270072992702,7.155912408759124,1960.72,10,146,1.8767123287671232,27.4,3.0338608751068032,95.8,8.048981319412452,196.072,2.5808219178082195,6.561643835616438,7.107803326810176,13.429589041095891
17219,89,1.8852000000000002,4.5692,114.23,1,24,1.0416666666666667,25.0,1.8852000000000002,89.0,4.5692,114.23,1.9283333333333335,3.7083333333333335,4.706458333333333,4.7595833333333335
17220,1905,2.460635593220339,6.775953389830509,3198.25,14,303,1.5577557755775577,33.714285714285715,2.4377120391333094,136.07142857142858,7.671843748516818,228.44642857142858,2.471903190319032,6.287128712871287,6.849384986117659,10.555280528052805
17221,288,1.9444444444444444,5.319523809523809,335.13,2,59,1.0677966101694916,31.5,1.9487878787878787,144.0,5.2781515151515155,167.565,1.9384745762711866,4.88135593220339,5.507118644067797,5.680169491525423
17222,128,2.9910714285714284,12.648214285714285,354.15,1,27,1.037037037037037,28.0,2.9910714285714284,128.0,12.648214285714285,354.15,2.9444444444444446,4.7407407407407405,12.17222222222222,13.116666666666665
17223,112,4.364285714285714,8.71,426.79,2,43,1.1395348837209303,24.5,4.147938596491228,56.0,8.405666666666667,213.395,4.339767441860466,2.604651162790698,8.038720930232559,9.925348837209302
17226,406,2.5752380952380953,18.73761904761905,393.49,1,21,1.0,21.0,2.5752380952380953,406.0,18.73761904761905,393.49,2.5752380952380953,19.333333333333332,18.73761904761905,18.73761904761905
17227,741,1.3721276595744683,19.985531914893617,939.32,6,28,1.6785714285714286,7.833333333333333,1.393902777777778,123.5,21.34931547619048,156.5533333333333,1.1878571428571427,26.464285714285715,12.325833333333334,33.54714285714286
17228,1532,1.7266346153846153,9.16389423076923,1906.09,8,140,1.4857142857142858,26.0,1.7018816918214654,191.5,9.787822746503394,238.26125,1.7812142857142856,10.942857142857143,8.691727380952381,13.614928571428571
17229,185,2.008936170212766,6.782127659574468,318.76,2,39,1.205128205128205,23.5,2.02834375,92.5,7.832552083333335,159.38,2.0494871794871794,4.743589743589744,6.485897435897436,8.173333333333334
17230,1651,3.736521739130435,52.73057971014492,3638.41,8,51,1.3529411764705883,8.625,2.634337121212121,206.375,41.009763257575756,454.80125,3.7647712418300654,32.372549019607845,48.73666666666667,71.34137254901961
17231,1742,2.7424584103512015,5.867504621072089,3174.32,10,292,1.8527397260273972,54.1,2.806421308152216,174.2,5.883500922910299,317.43199999999996,2.781446917808219,5.965753424657534,5.7897448630136985,10.870958904109589
17232,203,2.656388888888889,11.708888888888888,421.52,2,30,1.2,18.0,2.6464860681114555,101.5,11.73671826625387,210.76,2.6266666666666665,6.766666666666667,11.181333333333333,14.050666666666666
17233,131,2.4748,7.6352,190.88,1,25,1.0,25.0,2.4748,131.0,7.6352,190.88,2.4748,5.24,7.6352,7.6352
17234,55,3.697857142857143,10.706428571428571,149.89,1,14,1.0,14.0,3.697857142857143,55.0,10.706428571428571,149.89,3.697857142857143,3.9285714285714284,10.706428571428571,10.706428571428571
17235,224,3.179310344827586,18.967586206896552,550.0600000000001,2,24,1.2083333333333333,14.5,3.238684210526316,112.0,22.57289473684211,275.03000000000003,2.858333333333333,9.333333333333334,17.862916666666667,22.919166666666666
17236,474,2.6937142857142855,8.725047619047618,916.13,6,88,1.1931818181818181,17.5,2.7581516203703704,79.0,11.284282407407408,152.68833333333333,2.5229545454545454,5.386363636363637,7.501988636363635,10.410568181818181
17237,105,3.2257894736842103,16.562631578947368,314.69,2,18,1.0555555555555556,9.5,3.190952380952381,52.5,15.227857142857143,157.345,3.2894444444444444,5.833333333333333,16.211666666666666,17.482777777777777
17238,1822,2.688268551236749,6.615989399293286,3744.65,17,297,1.9057239057239057,33.294117647058826,2.867435454377828,107.17647058823529,6.704976548875891,220.2735294117647,2.7706095879429213,6.134680134680135,6.5086780503447175,12.608249158249158
17239,150,4.066666666666666,25.5,382.5,1,15,1.0,15.0,4.066666666666666,150.0,25.5,382.5,4.066666666666666,10.0,25.5,25.5
17242,611,2.14775,28.375999999999998,1135.04,2,30,1.3333333333333333,20.0,2.2655329153605015,305.5,31.577178683385583,567.52,2.007,20.366666666666667,25.053,37.834666666666664
17243,3370,4.198025,21.692125,8676.85,26,180,2.2222222222222223,15.384615384615385,4.2226949434641945,129.6153846153846,29.62782902725231,333.725,3.9202713081671416,18.72222222222222,19.46875948819699,48.20472222222222
17244,616,1.7067741935483869,30.80322580645161,954.9,1,31,1.0,31.0,1.7067741935483869,616.0,30.80322580645161,954.9,1.7067741935483869,19.870967741935484,30.80322580645161,30.80322580645161
17245,75,2.9055555555555554,19.05,171.45000000000002,1,9,1.0,9.0,2.9055555555555554,75.0,19.05,171.45000000000002,2.9055555555555554,8.333333333333334,19.05,19.05
17247,106,3.282,5.130727272727273,282.19,1,53,1.0377358490566038,55.0,3.282,106.0,5.130727272727273,282.19,3.326603773584906,2.0,5.225283018867924,5.324339622641509
17248,213,1.905217391304348,4.618115942028985,318.65,1,68,1.0147058823529411,69.0,1.905217391304348,213.0,4.618115942028985,318.65,1.908970588235294,3.1323529411764706,4.625367647058823,4.686029411764705
17250,168,3.0140350877192983,6.7459649122807015,384.52,2,55,1.0363636363636364,28.5,3.0729539641943733,84.0,6.798663682864451,192.26,3.0654545454545454,3.0545454545454547,6.9212727272727275,6.991272727272727
17251,110,3.503589743589744,7.263589743589744,283.28000000000003,1,37,1.054054054054054,39.0,3.503589743589744,110.0,7.263589743589744,283.28000000000003,3.3294594594594593,2.972972972972973,7.2927027027027025,7.656216216216215
17252,193,2.7728735632183907,4.067356321839081,353.86,2,86,1.0116279069767442,43.5,4.3429651162790694,96.5,7.938139534883721,176.92999999999998,2.747558139534884,2.244186046511628,4.057093023255814,4.114651162790698
17253,43,5.614444444444445,9.903333333333332,178.26,1,18,1.0,18.0,5.614444444444445,43.0,9.903333333333332,178.26,5.614444444444445,2.388888888888889,9.903333333333332,9.903333333333332
17254,252,1.5055357142857144,2.4325,272.44,2,100,1.12,56.0,1.5094800637958534,126.0,2.4441499202551835,136.22,1.5412000000000001,2.52,2.4981999999999998,2.7244
17255,232,1.9242307692307692,3.825769230769231,298.41,2,69,1.1304347826086956,39.0,1.9203552631578948,116.0,3.8041118421052627,149.20499999999998,1.9700000000000002,3.36231884057971,3.7091304347826086,4.324782608695652
17256,141,2.448125,15.0,240.0,2,12,1.3333333333333333,8.0,2.82125,70.5,19.34166666666667,120.0,2.464166666666667,11.75,12.6625,20.000000000000004
17259,410,2.3345967741935483,4.865887096774194,603.37,2,104,1.1923076923076923,62.0,2.4160655483069275,205.0,5.189684684684686,301.685,2.3886538461538462,3.9423076923076925,4.991153846153846,5.801634615384615
17262,367,4.0275,104.44666666666667,1253.3600000000001,5,9,1.3333333333333333,2.4,3.844,73.4,132.272,250.67200000000003,4.0414814814814815,40.77777777777778,80.32925925925926,139.26222222222225
17263,36,2.011304347826087,2.7582608695652175,63.440000000000005,1,23,1.0,23.0,2.011304347826087,36.0,2.7582608695652175,63.440000000000005,2.011304347826087,1.565217391304348,2.758260869565217,2.758260869565217
17265,394,2.3281889763779526,4.432283464566929,562.9,2,106,1.1981132075471699,63.5,2.186668831168831,197.0,4.282190909090909,281.45000000000005,2.32685534591195,3.7169811320754715,4.492279874213836,5.310377358490566
17266,161,2.5951250000000003,3.883,310.64,3,60,1.3333333333333333,26.666666666666668,2.8415129233511585,53.666666666666664,4.176643048128342,103.54666666666667,2.9829999999999997,2.683333333333333,4.331111111111111,5.177333333333333
17267,159,3.401315789473684,8.358421052631579,317.62,2,37,1.027027027027027,19.0,2.549324324324324,79.5,7.502972972972972,158.81,3.4818918918918924,4.297297297297297,8.572972972972973,8.584324324324324
17268,844,1.0066666666666666,127.27333333333333,763.64,4,3,2.0,1.5,0.935,211.0,130.015,190.91,1.0066666666666666,281.3333333333333,127.27333333333333,254.54666666666665
17272,1778,1.8583333333333334,18.847631578947368,2148.63,4,70,1.6285714285714286,28.5,1.6057811674091973,444.5,24.29125396435853,537.1575,1.5796428571428571,25.4,17.275761904761904,30.694714285714287
17274,79,1.744074074074074,4.147407407407408,111.98,1,24,1.125,27.0,1.744074074074074,79.0,4.147407407407408,111.98,1.695,3.2916666666666665,4.351875,4.6658333333333335
17277,430,3.351594202898551,15.43985507246377,1065.3500000000001,2,67,1.0298507462686568,34.5,4.104903846153846,215.0,17.139423076923077,532.675,3.363582089552239,6.417910447761194,15.416417910447763,15.900746268656714
17278,179,4.753333333333334,16.40266666666667,246.04000000000002,1,15,1.0,15.0,4.753333333333334,179.0,16.40266666666667,246.04000000000002,4.753333333333334,11.933333333333334,16.40266666666667,16.40266666666667
17279,48,6.736666666666666,20.869999999999997,187.82999999999998,1,8,1.125,9.0,6.736666666666666,48.0,20.869999999999997,187.82999999999998,7.234999999999999,6.0,18.32875,23.478749999999998
17282,1877,2.3886170212765956,18.121382978723407,1703.41,3,79,1.1898734177215189,31.333333333333332,1.5142142857142857,625.6666666666666,67.04784920634921,567.8033333333334,2.570717299578059,23.759493670886076,12.065970464135022,21.56215189873418
17284,1364,1.6184246575342465,5.659520547945205,1652.58,6,229,1.275109170305677,48.666666666666664,1.5538968946888314,227.33333333333334,6.408755009863467,275.43,1.6455676855895196,5.956331877729258,5.480371179039301,7.21650655021834
17286,118,1.8722222222222222,3.420444444444444,153.92,1,44,1.0227272727272727,45.0,1.8722222222222222,118.0,3.420444444444444,153.92,1.856818181818182,2.6818181818181817,3.440227272727273,3.498181818181818
17287,559,3.17258064516129,8.581532258064515,1064.11,7,88,1.4090909090909092,17.714285714285715,3.7628412647853646,79.85714285714286,9.581792693963502,152.01571428571427,3.2185227272727275,6.3522727272727275,7.745634469696969,12.09215909090909
17288,1203,2.674647887323944,9.998098591549295,1419.73,7,118,1.2033898305084745,20.285714285714285,1.4581539037633404,171.85714285714286,23.09466217312613,202.81857142857143,2.8711016949152546,10.194915254237289,8.463968926553672,12.031610169491525
17289,520,2.1884684684684688,8.508198198198198,944.41,3,86,1.2906976744186047,37.0,2.2679470121381886,173.33333333333334,9.62798669467787,314.80333333333334,2.2005813953488373,6.046511627906977,8.078740310077519,10.981511627906976
17290,404,2.572941176470588,5.149411764705882,525.24,2,92,1.108695652173913,51.0,2.5579206777050443,202.0,5.087716596072391,262.62,2.6730434782608694,4.391304347826087,5.324021739130435,5.709130434782609
17291,72,7.65,550.8000000000001,550.8000000000001,1,1,1.0,1.0,7.65,72.0,550.8000000000001,550.8000000000001,7.65,72.0,550.8000000000001,550.8000000000001
17293,1140,2.766074074074074,13.889703703703702,1875.11,9,93,1.4516129032258065,15.0,9.139044343456108,126.66666666666667,20.70463064604241,208.34555555555553,3.059784946236559,12.258064516129032,13.624961597542244,20.16247311827957
17295,294,2.9497101449275362,8.071739130434784,556.95,3,53,1.3018867924528301,23.0,3.015245559038662,98.0,7.856303843027981,185.65,2.790188679245283,5.547169811320755,8.024150943396226,10.508490566037736
17297,67,2.2054901960784314,2.583921568627451,131.78,1,49,1.0408163265306123,51.0,2.2054901960784314,67.0,2.583921568627451,131.78,2.2220408163265306,1.3673469387755102,2.615918367346939,2.689387755102041
17298,387,2.0803333333333334,16.614,498.42,2,30,1.0,15.0,1.5428846153846154,193.5,20.97,249.21,2.0803333333333334,12.9,16.614,16.614
17299,678,1.6266666666666667,11.738771929824562,669.11,4,50,1.14,14.25,1.8266269841269842,169.5,14.726686507936508,167.2775,1.6534,13.56,11.2732,13.382200000000001
17301,149,1.910909090909091,2.994393939393939,197.63,1,59,1.11864406779661,66.0,1.910909090909091,149.0,2.994393939393939,197.63,1.6742372881355931,2.5254237288135593,2.7667796610169493,3.3496610169491525
17302,575,2.506582278481013,14.375063291139242,1135.63,5,68,1.161764705882353,15.8,2.5301824827219566,115.0,15.372638290802765,227.12600000000003,2.549313725490196,8.455882352941176,12.740024509803922,16.70044117647059
17303,144,2.940943396226415,4.717735849056604,250.04,1,53,1.0,53.0,2.940943396226415,144.0,4.717735849056604,250.04,2.940943396226415,2.7169811320754715,4.717735849056604,4.717735849056604
17306,11491,1.558030303030303,130.77742424242425,8631.31,19,13,5.076923076923077,3.473684210526316,1.4925513784461153,604.7894736842105,155.45029072681706,454.2794736842105,1.8752867132867133,883.9230769230769,123.06404895104895,663.946923076923
17309,41,2.9375,6.895833333333333,82.75,1,11,1.0909090909090908,12.0,2.9375,41.0,6.895833333333333,82.75,2.8636363636363638,3.727272727272727,6.840909090909091,7.5227272727272725
17311,1005,3.0627272727272725,25.179090909090906,1384.85,2,55,1.0,27.5,3.116471774193548,502.5,24.95404569892473,692.425,3.0627272727272725,18.272727272727273,25.179090909090906,25.179090909090906
17312,372,2.305,46.021428571428565,644.3,3,11,1.2727272727272727,4.666666666666667,2.7312222222222218,124.0,114.64888888888889,214.76666666666665,2.3593939393939394,33.81818181818182,27.74090909090909,58.57272727272728
17313,1402,2.1425,97.03500000000001,2328.84,1,24,1.0,24.0,2.1425,1402.0,97.03500000000001,2328.84,2.1425,58.416666666666664,97.03500000000001,97.03500000000001
17314,1896,2.458091603053435,19.297099236641223,2527.92,8,120,1.0916666666666666,16.375,3.4931626400560227,237.0,25.456965379901963,315.99,2.3219166666666666,15.8,18.673333333333336,21.066
17315,3888,2.75061310782241,13.302875264270613,6292.26,38,256,1.84765625,12.447368421052632,3.5034640309335967,102.3157894736842,20.22266590674745,165.58578947368423,2.680081025094697,15.1875,9.963510099600919,24.579140625
17317,1146,3.2244444444444444,288.9266666666667,2600.34,3,8,1.125,3.0,1.9876190476190476,382.0,287.36857142857144,866.7800000000001,3.495,143.25,286.8825,325.0425
17320,634,3.742191780821918,16.446849315068494,1200.6200000000001,3,57,1.280701754385965,24.333333333333332,3.7335594405594406,211.33333333333334,16.592644289044287,400.20666666666665,3.639298245614035,11.12280701754386,15.704122807017544,21.063508771929822
17321,373,2.766728971962617,6.550093457943925,700.86,2,94,1.1382978723404256,53.5,5.4825,186.5,23.736367924528302,350.43,2.61,3.9680851063829787,6.435567375886525,7.455957446808511
17323,776,1.4286500000000002,4.60535,921.0699999999999,7,125,1.6,28.571428571428573,1.46649235698512,110.85714285714286,4.758819622263701,131.58142857142857,1.37368,6.208,4.36694,7.36856
17324,844,2.7656,19.8046,990.23,4,43,1.1627906976744187,12.5,1.9840004887585532,211.0,25.440861436950144,247.55749999999998,3.0376744186046514,19.627906976744185,21.819883720930232,23.02860465116279
17325,60,1.633333333333333,16.133333333333333,96.8,1,6,1.0,6.0,1.633333333333333,60.0,16.133333333333333,96.8,1.633333333333333,10.0,16.133333333333333,16.133333333333333
17329,142,4.12939393939394,15.851818181818182,523.11,2,29,1.1379310344827587,16.5,4.1360110294117645,71.0,15.83294117647059,261.555,4.271379310344828,4.896551724137931,15.87448275862069,18.038275862068964
17330,120,4.488333333333333,60.65,363.9,2,5,1.2,3.0,4.673,60.0,75.99,181.95,4.396,24.0,56.94,72.78
17331,16,10.95,175.2,175.2,1,1,1.0,1.0,10.95,16.0,175.2,175.2,10.95,16.0,175.2,175.2
17333,375,1.772142857142857,17.651785714285715,494.25,1,28,1.0,28.0,1.772142857142857,375.0,17.651785714285715,494.25,1.772142857142857,13.392857142857142,17.651785714285715,17.651785714285715
17334,315,1.3527272727272728,27.910909090909094,307.02000000000004,2,11,1.0,5.5,0.933,157.5,20.076,153.51000000000002,1.3527272727272728,28.636363636363637,27.910909090909094,27.910909090909094
17337,1269,2.2972375690607736,3.7345672191528547,2027.8700000000001,4,421,1.2897862232779098,135.75,2.286524483682955,317.25,6.855700751297249,506.96750000000003,2.435621536025337,3.014251781472684,4.012220902612826,4.816793349168646
17338,3128,2.779442231075697,8.8232802124834,6643.93,8,389,1.93573264781491,94.125,2.842380336265673,391.0,9.265463900526907,830.49125,2.6540170155465783,8.041131105398458,8.391792141020932,17.079511568123394
17339,152,2.9522222222222223,27.040000000000003,243.36,2,9,1.0,4.5,3.032,76.0,25.836000000000002,121.68,2.9522222222222223,16.88888888888889,27.040000000000003,27.040000000000003
17340,5967,3.148869778869779,30.352063882063884,12353.29,11,229,1.777292576419214,37.0,2.947699175272506,542.4545454545455,29.177812374086013,1123.0263636363636,3.2225852568101474,26.056768558951966,28.670005926388022,53.94449781659389
17341,489,2.1207650273224044,4.2697267759562845,781.36,3,147,1.2448979591836735,61.0,1.8734989648033127,163.0,9.916687370600414,260.4533333333333,2.1165986394557823,3.326530612244898,4.43343537414966,5.315374149659864
17343,56,4.70235294117647,11.390588235294118,193.64,1,17,1.0,17.0,4.70235294117647,56.0,11.390588235294118,193.64,4.70235294117647,3.2941176470588234,11.390588235294118,11.390588235294118
17344,66,2.8334375,5.0178125,160.57,1,31,1.032258064516129,32.0,2.8334375,66.0,5.0178125,160.57,2.8296774193548386,2.129032258064516,5.0845161290322585,5.179677419354839
17345,346,2.7472413793103447,6.180919540229885,537.74,4,70,1.2428571428571429,21.75,3.20430506993007,86.5,7.132023601398602,134.435,2.88,4.942857142857143,6.748,7.682
17346,1657,2.39966,5.35312,2676.56,15,299,1.6722408026755853,33.333333333333336,2.496882852806858,110.46666666666667,5.524156430975011,178.43733333333333,2.6082497212931997,5.54180602006689,5.15683751393534,8.951705685618728
17347,216,1.06,228.96,228.96,1,1,1.0,1.0,1.06,216.0,228.96,228.96,1.06,216.0,228.96,228.96
17348,1401,1.6951627906976743,5.393116279069767,1159.52,5,180,1.1944444444444444,43.0,1.6780437030926323,280.2,5.2257404106399745,231.904,1.7115370370370369,7.783333333333333,5.318962962962963,6.441777777777777
17349,112,3.0877777777777777,12.305555555555555,110.75,1,8,1.125,9.0,3.0877777777777777,112.0,12.305555555555555,110.75,3.3175,14.0,12.28125,13.84375
17350,795,2.4407042253521127,18.113661971830986,1286.07,4,66,1.0757575757575757,17.75,2.479859234234234,198.75,24.5552027027027,321.5175,2.565909090909091,12.045454545454545,18.634545454545457,19.48590909090909
17351,113,5.725555555555555,21.746296296296297,587.15,3,22,1.2272727272727273,9.0,6.361250000000001,37.666666666666664,33.49166666666667,195.71666666666667,5.27,5.136363636363637,15.960227272727273,26.688636363636363
17353,1200,1.45,217.5,1740.0,2,5,1.6,4.0,1.45,600.0,217.5,870.0,1.45,240.0,217.5,348.0
17354,1006,1.4068749999999999,87.06625,1393.06,1,15,1.0666666666666667,16.0,1.4068749999999999,1006.0,87.06625,1393.06,1.3906666666666667,67.06666666666666,86.93066666666667,92.87066666666666
17356,166,1.121578947368421,9.38,178.22,1,19,1.0,19.0,1.121578947368421,166.0,9.38,178.22,1.121578947368421,8.736842105263158,9.38,9.38
17357,153,3.4548888888888887,8.625333333333334,388.14,2,41,1.0975609756097562,22.5,3.2081818181818185,76.5,7.293636363636364,194.07,3.508048780487805,3.731707317073171,8.016951219512196,9.466829268292683
17358,202,2.692372881355932,6.200847457627119,365.85,2,55,1.0727272727272728,29.5,3.0701680672268905,101.0,6.4413165266106445,182.925,2.7505454545454544,3.672727272727273,6.072909090909091,6.651818181818182
17359,161,2.104,8.524,127.86,1,13,1.1538461538461537,15.0,2.104,161.0,8.524,127.86,2.3653846153846154,12.384615384615385,7.936153846153847,9.835384615384616
17360,335,2.8299242424242426,4.43780303030303,585.79,3,113,1.168141592920354,44.0,2.6910694444444445,111.66666666666667,4.195423611111111,195.26333333333332,2.8300884955752212,2.9646017699115044,4.421725663716814,5.1839823008849555
17361,157,4.833793103448276,16.834482758620688,488.2,3,26,1.1153846153846154,9.666666666666666,4.405208333333333,52.333333333333336,25.790833333333335,162.73333333333332,4.862692307692308,6.038461538461538,15.796153846153846,18.776923076923076
17362,191,2.991142857142857,8.920857142857143,312.23,2,30,1.1666666666666667,17.5,2.9534057971014493,95.5,9.776739130434784,156.115,2.984666666666667,6.366666666666666,8.420166666666667,10.407666666666668
17364,2701,2.703065693430657,10.903114355231144,4481.18,11,288,1.4270833333333333,37.36363636363637,2.8052689156007173,245.54545454545453,14.938306830882583,407.38000000000005,2.4839930555555556,9.378472222222221,9.74732101521164,15.559652777777778
17365,4777,1.9343803418803418,10.259743589743591,4801.56,8,278,1.683453237410072,58.5,2.0343180129777454,597.125,9.915284623834344,600.195,1.9368812949640286,17.18345323741007,10.035489208633093,17.27179856115108
17367,150,1.8961764705882354,4.952941176470588,168.4,1,33,1.0303030303030303,34.0,1.8961764705882354,150.0,4.952941176470588,168.4,1.927878787878788,4.545454545454546,5.077272727272728,5.1030303030303035
17368,1391,2.488468468468468,17.231261261261263,1912.67,8,93,1.1935483870967742,13.875,2.904279069582379,173.875,44.989470930417625,239.08375,2.642437275985663,14.956989247311828,13.86584229390681,20.566344086021505
17370,540,1.396969696969697,13.520606060606061,446.18,4,31,1.064516129032258,8.25,1.3930208333333334,135.0,13.535625,111.545,1.3870967741935485,17.419354838709676,13.333225806451612,14.392903225806451
17371,152,3.1804597701149424,4.872298850574713,423.89,3,83,1.0481927710843373,29.0,3.342589342188488,50.666666666666664,6.616262650221379,141.29666666666665,3.094698795180723,1.8313253012048192,4.425301204819277,5.10710843373494
17372,749,2.326600790513834,5.30703557312253,1342.68,8,215,1.1767441860465115,31.625,2.349079612500517,93.625,5.696346631805051,167.835,2.3581860465116278,3.483720930232558,5.2120503875969,6.245023255813954
17373,408,1.8789473684210525,11.349473684210526,646.92,4,47,1.2127659574468086,14.25,1.8552807486631018,102.0,11.651509209744503,161.73000000000002,1.751063829787234,8.680851063829786,11.270549645390071,13.764255319148937
17374,85,7.0996428571428565,17.706071428571427,495.77,2,24,1.1666666666666667,14.0,7.108020833333334,42.5,17.492291666666667,247.885,6.957916666666667,3.5416666666666665,17.675833333333333,20.657083333333336
17375,367,2.7102898550724634,5.798550724637681,400.1,3,63,1.0952380952380953,23.0,2.651084471084471,122.33333333333333,5.876172161172161,133.36666666666667,2.665238095238095,5.825396825396825,5.642857142857143,6.350793650793651
17376,86,3.454166666666667,8.466666666666667,203.2,2,23,1.0434782608695652,12.0,3.4097902097902097,43.0,8.496153846153845,101.6,3.53695652173913,3.739130434782609,8.565217391304348,8.834782608695651
17377,2076,2.604186602870813,9.810813397129186,4100.92,20,190,2.2,20.9,2.8705894752853567,103.8,11.342845846782078,205.046,2.1279947368421053,10.926315789473684,7.498093755221387,21.58378947368421
17379,663,1.3718072289156626,4.875421686746988,404.66,1,71,1.1690140845070423,83.0,1.3718072289156626,663.0,4.875421686746988,404.66,1.3391549295774647,9.338028169014084,5.033450704225352,5.69943661971831
17381,25649,1.3353211009174313,186.01477064220185,20275.61,29,40,2.725,3.7586206896551726,1.1164813902572523,884.448275862069,186.43455500821017,699.1589655172414,1.5901875,641.225,205.44547857142857,506.89025000000004
17382,25,8.55,32.7,65.4,1,2,1.0,2.0,8.55,25.0,32.7,65.4,8.55,12.5,32.7,32.7
17383,150,1.8564705882352943,3.9076470588235295,199.29,1,49,1.0408163265306123,51.0,1.8564705882352943,150.0,3.9076470588235295,199.29,1.8118367346938775,3.061224489795918,3.946734693877551,4.067142857142857
17384,88,3.2493333333333334,22.426666666666666,336.4,2,12,1.25,7.5,3.6745833333333335,44.0,42.47291666666666,168.2,2.953333333333333,7.333333333333333,17.479166666666668,28.03333333333333
17385,201,1.92,5.555531914893617,261.11,1,42,1.119047619047619,47.0,1.92,201.0,5.555531914893617,261.11,2.0097619047619046,4.785714285714286,5.929404761904761,6.216904761904762
17386,1902,1.6421428571428573,95.94357142857143,2686.42,6,23,1.2173913043478262,4.666666666666667,1.7688725490196078,317.0,144.65486274509806,447.7366666666667,1.7065217391304348,82.69565217391305,96.02260869565217,116.8008695652174
17387,542,2.417692307692308,10.052692307692308,784.11,2,71,1.0985915492957747,39.0,2.385198275862069,271.0,12.43401724137931,392.055,2.4219718309859157,7.633802816901408,9.27169014084507,11.043802816901408
17388,1068,4.6979999999999995,83.97066666666666,1259.56,4,13,1.1538461538461537,3.75,2.3196590909090906,267.0,233.4305681818182,314.89,5.257692307692308,82.15384615384616,42.09538461538462,96.88923076923076
17389,7612,5.688826291079812,149.45389671361502,31833.68,34,45,4.733333333333333,6.264705882352941,6.092088494297526,223.88235294117646,143.94859364052525,936.2847058823529,4.626640211640212,169.15555555555557,127.3760671957672,707.4151111111112
17391,480,1.06,169.6,508.8,2,2,1.5,1.5,1.06,240.0,152.64000000000001,254.4,1.06,240.0,178.08,254.40000000000003
17392,320,3.4179032258064517,7.385645161290323,457.91,2,53,1.169811320754717,31.0,3.012613814756672,160.0,8.784010989010989,228.955,3.473584905660377,6.037735849056604,7.159150943396226,8.639811320754717
17394,241,3.4425,50.967499999999994,203.86999999999998,1,4,1.0,4.0,3.4425,241.0,50.967499999999994,203.86999999999998,3.4425,60.25,50.967499999999994,50.967499999999994
17396,2005,4.416296296296296,271.5111111111111,7330.8,8,24,1.125,3.375,5.840416666666667,250.625,251.38,916.35,4.522083333333334,83.54166666666667,275.98125,305.45
17397,254,3.074782608695652,7.569673913043478,696.41,2,88,1.0454545454545454,46.0,3.097317073170732,127.0,7.541991869918698,348.205,3.0628409090909092,2.8863636363636362,7.647840909090909,7.913749999999999
17398,310,4.841578947368421,17.19421052631579,653.38,3,30,1.2666666666666666,12.666666666666666,5.120921052631579,103.33333333333333,17.499910192147034,217.79333333333332,4.136333333333334,10.333333333333334,15.572,21.779333333333334
17400,1097,3.355680751173709,9.99981220657277,2129.96,5,175,1.217142857142857,42.6,3.7624656560967247,219.4,10.992141912250382,425.992,3.399714285714286,6.268571428571429,10.318857142857143,12.1712
17402,701,5.860169491525424,44.641525423728815,2633.85,13,33,1.7878787878787878,4.538461538461538,7.760044593088072,53.92307692307692,79.64185061315496,202.60384615384615,5.8879646464646465,21.242424242424242,20.126590909090908,79.81363636363636
17403,117,3.1360606060606058,8.533939393939393,281.62,1,32,1.03125,33.0,3.1360606060606058,117.0,8.533939393939393,281.62,3.141875,3.65625,8.2475,8.800625
17405,726,3.1534146341463414,12.578170731707319,1031.41,3,77,1.0649350649350648,27.333333333333332,2.883790381554609,242.0,12.776654622101779,343.80333333333334,3.0241558441558443,9.428571428571429,11.99896103896104,13.394935064935066
17406,787,6.764955752212389,19.47274336283186,2200.42,3,99,1.1414141414141414,37.666666666666664,44.667715525372564,262.3333333333333,100.12514242595738,733.4733333333334,5.297626262626263,7.94949494949495,18.006186868686868,22.22646464646465
17408,3,11.35,16.325,32.65,1,2,1.0,2.0,11.35,3.0,16.325,32.65,11.35,1.5,16.325,16.325
17409,105,7.625384615384615,59.37307692307692,771.85,2,13,1.0,6.5,7.369375,52.5,58.01125,385.92499999999995,7.625384615384615,8.076923076923077,59.37307692307692,59.37307692307692
17410,616,3.48953125,18.98,1214.72,5,57,1.1228070175438596,12.8,3.2459289008093357,123.2,18.32388594014681,242.94400000000002,3.577485380116959,10.807017543859649,18.554736842105264,21.310877192982456
17411,306,4.144146341463415,18.998536585365855,778.94,3,39,1.0512820512820513,13.666666666666666,4.042916666666667,102.0,19.622592592592593,259.6466666666667,3.9976923076923074,7.846153846153846,18.370256410256413,19.972820512820515
17412,738,2.721060606060606,19.061515151515152,1258.06,7,48,1.375,9.428571428571429,2.7528522588522586,105.42857142857143,19.280601343101345,179.72285714285712,2.531875,15.375,18.071041666666666,26.20958333333333
17414,2100,0.425,129.66666666666666,778.0,2,5,1.2,3.0,0.355,1050.0,149.8,389.0,0.45999999999999996,420.0,119.6,155.6
17415,114,13.96642857142857,36.27428571428571,507.84,1,14,1.0,14.0,13.96642857142857,114.0,36.27428571428571,507.84,13.96642857142857,8.142857142857142,36.27428571428571,36.27428571428571
17416,4302,2.3484758364312266,25.626096654275095,6893.42,7,186,1.446236559139785,38.42857142857143,2.2882673664480535,614.5714285714286,47.11797139621803,984.7742857142857,2.406581541218638,23.129032258064516,25.210474910394268,37.06139784946237
17418,289,2.941666666666667,15.448666666666668,463.46000000000004,2,29,1.0344827586206897,15.0,2.7768055555555557,144.5,15.19875,231.73000000000002,3.0143103448275865,9.96551724137931,15.54896551724138,15.981379310344828
17419,1876,4.12121359223301,20.517330097087378,4226.57,12,155,1.3290322580645162,17.166666666666668,3.804856673142016,156.33333333333334,20.33393412235798,352.21416666666664,4.143,12.103225806451613,19.56455376344086,27.268193548387096
17420,265,3.881333333333333,19.961000000000002,598.83,3,28,1.0714285714285714,10.0,4.120925925925926,88.33333333333333,20.115661375661375,199.61,4.027678571428571,9.464285714285714,20.07785714285714,21.386785714285715
17422,2253,1.4844444444444445,16.917692307692306,1979.37,6,93,1.2580645161290323,19.5,1.6065878160474716,375.5,17.798234326625387,329.895,1.3827956989247312,24.225806451612904,16.593118279569893,21.283548387096772
17423,459,2.2849999999999997,26.861923076923077,698.41,2,26,1.0,13.0,2.284818181818182,229.5,28.727848484848487,349.20500000000004,2.285,17.653846153846153,26.861923076923077,26.861923076923077
17425,407,2.670930232558139,17.65511627906977,759.1700000000001,2,42,1.0238095238095237,21.5,2.3190476190476192,203.5,43.30202380952381,379.58500000000004,2.6880952380952383,9.69047619047619,17.10047619047619,18.075476190476188
17426,3094,3.014686346863469,18.58767527675277,5037.26,6,179,1.5139664804469273,45.166666666666664,2.9645934164561982,515.6666666666666,18.00242833295653,839.5433333333334,3.2474720670391064,17.28491620111732,19.005474860335195,28.141117318435754
17427,34,4.165,50.4,100.8,1,2,1.0,2.0,4.165,34.0,50.4,100.8,4.165,17.0,50.4,50.4
17428,9474,3.572774390243903,52.61234756097561,17256.85,28,252,1.3015873015873016,11.714285714285714,3.7330252710783642,338.35714285714283,69.77261424172822,616.3160714285714,3.449341931216931,37.595238095238095,49.392189153439155,68.47956349206349
17429,624,2.086153846153846,13.459487179487182,524.9200000000001,3,36,1.0833333333333333,13.0,2.1506951871657756,208.0,13.908163992869875,174.97333333333336,1.8600000000000003,17.333333333333332,12.797777777777778,14.581111111111113
17430,190,1.997857142857143,18.982857142857142,265.76,2,14,1.0,7.0,2.1494444444444447,95.0,19.76888888888889,132.88,1.9978571428571428,13.571428571428571,18.982857142857142,18.982857142857142
17431,292,1.9611627906976743,9.37906976744186,403.3,1,41,1.048780487804878,43.0,1.9611627906976743,292.0,9.37906976744186,403.3,2.033170731707317,7.121951219512195,9.785731707317073,9.836585365853658
17432,207,2.5272916666666667,7.62,365.76,2,44,1.0909090909090908,24.0,2.4163939393939393,103.5,8.739818181818183,182.88,2.526136363636364,4.704545454545454,7.48659090909091,8.312727272727273
17433,185,2.4059259259259256,5.614074074074074,303.16,1,53,1.0188679245283019,54.0,2.4059259259259256,185.0,5.614074074074074,303.16,2.420188679245283,3.490566037735849,5.673301886792453,5.72
17434,1693,2.741044776119403,17.715074626865672,2373.82,7,100,1.34,19.142857142857142,2.6303874580135087,241.85714285714286,17.712470733748045,339.1171428571429,2.7895,16.93,17.51285,23.738200000000003
17436,90,2.4277777777777776,24.033333333333335,216.3,2,7,1.2857142857142858,4.5,2.4399999999999995,45.0,24.69,108.15,2.392857142857143,12.857142857142858,23.25,30.900000000000002
17438,103,5.238235294117647,22.85,388.45000000000005,1,17,1.0,17.0,5.238235294117647,103.0,22.85,388.45000000000005,5.238235294117647,6.0588235294117645,22.85,22.85
17440,246,0.678,37.284000000000006,186.42000000000002,3,3,1.6666666666666667,1.6666666666666667,0.63,82.0,32.24,62.14000000000001,0.63,82.0,32.24,62.14000000000001
17442,1496,2.5273333333333334,16.656,2248.56,6,96,1.40625,22.5,2.5150197365358653,249.33333333333334,16.71451521276309,374.76,2.5090625,15.583333333333334,16.559791666666666,23.4225
17446,198,0.7722222222222223,13.433333333333332,120.89999999999999,2,6,1.5,4.5,0.75,99.0,13.41,60.449999999999996,0.8833333333333333,33.0,13.549999999999999,20.15
17447,443,1.6922222222222223,15.042499999999999,541.53,2,33,1.0909090909090908,18.0,1.8534821428571429,221.5,17.217053571428572,270.765,1.6663636363636365,13.424242424242424,13.870909090909091,16.41
17449,1122,3.4911552346570396,9.10057761732852,2520.86,7,178,1.5561797752808988,39.57142857142857,3.745029747383426,160.28571428571428,11.385072891605569,360.1228571428572,3.567634831460674,6.303370786516854,8.730705992509364,14.162134831460675
17450,69993,3.392640949554896,577.3020474777448,194550.79,46,124,2.717741935483871,7.326086956521739,3.3488105393739844,1521.5869565217392,679.5510159716885,4229.365,3.7318495467346273,564.4596774193549,562.9014951938742,1568.9579838709678
17451,1203,2.2744,17.214000000000002,1721.4,7,83,1.2048192771084338,14.285714285714286,2.6236719210166415,171.85714285714286,16.738958186396076,245.91428571428574,2.099156626506024,14.493975903614459,16.267530120481926,20.73975903614458
17453,219,3.4231578947368417,25.61684210526316,486.72,2,19,1.0,9.5,3.3678333333333335,109.5,26.236,243.36,3.4231578947368417,11.526315789473685,25.61684210526316,25.61684210526316
17454,243,2.6434426229508197,8.484098360655738,517.53,4,57,1.0701754385964912,15.25,2.821508620689655,60.75,12.550225095785441,129.3825,2.60859649122807,4.2631578947368425,8.156315789473684,9.079473684210527
17455,66,2.825,16.4625,131.7,1,8,1.0,8.0,2.825,66.0,16.4625,131.7,2.8249999999999997,8.25,16.4625,16.4625
17456,222,1.5076470588235293,14.69764705882353,249.86,1,17,1.0,17.0,1.5076470588235293,222.0,14.69764705882353,249.86,1.5076470588235293,13.058823529411764,14.69764705882353,14.69764705882353
17457,826,3.221052631578947,91.4578947368421,1737.7,5,14,1.3571428571428572,3.8,2.84775,165.2,149.1325,347.54,3.347857142857143,59.0,56.77357142857143,124.12142857142858
17458,170,2.4331481481481485,5.861111111111111,316.5,1,52,1.0384615384615385,54.0,2.4331481481481485,170.0,5.861111111111111,316.5,2.4786538461538465,3.269230769230769,5.978365384615385,6.086538461538462
17459,537,1.9172072072072073,5.921621621621621,657.3,2,88,1.2613636363636365,55.5,1.8470582706766918,268.5,7.074964285714286,328.65,1.9506818181818182,6.1022727272727275,5.163181818181818,7.469318181818181
17460,236,4.310689655172414,21.463103448275863,622.4300000000001,6,18,1.6111111111111112,4.833333333333333,4.804861111111111,39.333333333333336,25.45484126984127,103.73833333333334,4.106111111111111,13.11111111111111,19.765092592592595,34.57944444444445
17461,799,2.4001801801801803,6.823963963963965,757.46,3,104,1.0673076923076923,37.0,2.010613494554897,266.3333333333333,7.476943766228733,252.48666666666668,2.3553846153846156,7.6826923076923075,6.9799999999999995,7.283269230769231
17462,227,3.8862962962962966,25.025555555555556,675.69,2,25,1.08,13.5,3.927142857142857,113.5,24.714972527472526,337.84499999999997,4.0132,9.08,25.777600000000003,27.027600000000003
17463,1095,2.794604651162791,8.820511627906978,1896.41,5,162,1.3271604938271604,43.0,2.974045617316614,219.0,12.451853825781038,379.282,2.767469135802469,6.7592592592592595,8.322088477366254,11.706234567901236
17464,220,2.7211111111111115,32.21777777777778,289.96000000000004,1,9,1.0,9.0,2.7211111111111115,220.0,32.21777777777778,289.96000000000004,2.7211111111111115,24.444444444444443,32.217777777777776,32.217777777777776
17466,306,4.690975609756098,18.61658536585366,763.28,2,41,1.0,20.5,4.508683574879227,153.0,18.421968599033818,381.64,4.690975609756098,7.463414634146342,18.61658536585366,18.61658536585366
17468,116,1.17,27.4,137.0,2,5,1.0,2.5,1.2,58.0,28.375,68.5,1.17,23.2,27.4,27.4
17469,787,3.0990909090909096,21.261022727272728,1870.97,5,61,1.4426229508196722,17.6,3.121931433442943,157.4,21.36358253156335,374.194,3.27344262295082,12.901639344262295,21.168497267759566,30.671639344262296
17470,1675,1.2026923076923077,14.423974358974359,1125.07,5,67,1.164179104477612,15.6,1.242509090909091,335.0,14.343936363636363,225.01399999999998,1.1992537313432834,25.0,14.603731343283583,16.792089552238807
17472,462,2.055303867403315,3.9242541436464085,710.29,3,142,1.2746478873239437,60.333333333333336,2.04752442002442,154.0,3.916919108669109,236.76333333333332,2.011619718309859,3.2535211267605635,3.743632629107981,5.002042253521126
17475,178,1.7764285714285715,13.883571428571429,194.37,1,14,1.0,14.0,1.7764285714285715,178.0,13.883571428571429,194.37,1.7764285714285715,12.714285714285714,13.883571428571429,13.883571428571429
17480,338,1.8,17.64896551724138,511.82,1,29,1.0,29.0,1.8,338.0,17.64896551724138,511.82,1.8,11.655172413793103,17.64896551724138,17.64896551724138
17481,1061,2.549390243902439,15.312073170731706,1255.59,4,69,1.1884057971014492,20.5,2.5140395302637866,265.25,14.925087446878065,313.8975,2.4459420289855074,15.376811594202898,15.071449275362319,18.19695652173913
17483,191,3.264761904761905,19.716190476190476,414.04,3,18,1.1666666666666667,7.0,3.267242063492064,63.666666666666664,19.83654761904762,138.01333333333335,3.300555555555556,10.61111111111111,19.535555555555554,23.002222222222223
17486,191,2.89625,16.53625,396.87,1,24,1.0,24.0,2.89625,191.0,16.53625,396.87,2.89625,7.958333333333333,16.53625,16.53625
17489,428,1.076896551724138,12.987586206896552,376.64,2,28,1.0357142857142858,14.5,1.0637740384615384,214.0,12.982115384615383,188.32,1.1003571428571428,15.285714285714286,13.27142857142857,13.45142857142857
17490,1134,3.0061842105263157,27.530526315789476,2092.32,7,63,1.2063492063492063,10.857142857142858,2.911964285714286,162.0,32.34728174603175,298.90285714285716,2.9314021164021167,18.0,23.429550264550265,33.21142857142858
17491,2013,3.312935779816514,32.65018348623853,3558.87,10,72,1.5138888888888888,10.9,3.356518253968254,201.3,36.637257516339865,355.887,3.3511574074074075,27.958333333333332,31.097569444444446,49.42875
17492,155,3.5233333333333334,31.214166666666667,374.57,1,12,1.0,12.0,3.5233333333333334,155.0,31.214166666666667,374.57,3.5233333333333334,12.916666666666666,31.214166666666667,31.214166666666667
17495,229,3.68,18.42814814814815,497.56,2,21,1.2857142857142858,13.5,3.263535714285714,114.5,19.634035714285716,248.78000000000003,4.012380952380953,10.904761904761905,17.98619047619048,23.693333333333335
17496,79,5.165,27.105,271.05,1,10,1.0,10.0,5.165,79.0,27.105,271.05,5.165,7.9,27.105,27.105
17498,394,2.0194117647058825,16.012941176470587,272.21999999999997,1,17,1.0,17.0,2.0194117647058825,394.0,16.012941176470587,272.21999999999997,2.0194117647058825,23.176470588235293,16.012941176470587,16.012941176470587
17499,711,1.73825,15.572,622.88,1,40,1.0,40.0,1.73825,711.0,15.572,622.88,1.73825,17.775,15.572,15.572
17500,17,54.3,227.6,1138.0,3,3,1.6666666666666667,1.6666666666666667,67.94444444444444,5.666666666666667,315.3333333333333,379.3333333333333,33.833333333333336,5.666666666666667,133.77777777777777,379.3333333333333
17501,160,3.4944444444444445,16.033333333333335,288.6,2,18,1.0,9.0,4.85,80.0,15.0,144.3,3.494444444444445,8.88888888888889,16.033333333333335,16.033333333333335
17502,376,2.8096428571428573,24.610714285714288,689.1,4,25,1.12,7.0,2.4079924242424244,94.0,27.160416666666666,172.275,2.8948,15.04,24.594,27.564
17503,486,2.3276315789473685,14.709473684210527,558.96,2,36,1.0555555555555556,19.0,2.1081014492753622,243.0,14.684985507246378,279.48,2.32125,13.5,13.5275,15.526666666666667
17504,1664,3.409527559055118,23.598661417322838,2997.03,9,112,1.1339285714285714,14.11111111111111,4.047312576312576,184.88888888888889,28.957505056671728,333.00333333333333,3.435580357142857,14.857142857142858,22.809419642857144,26.759196428571432
17505,556,2.9532692307692305,22.03538461538462,1145.8400000000001,2,48,1.0833333333333333,26.0,2.953269230769231,278.0,22.035384615384615,572.9200000000001,3.0327083333333333,11.583333333333334,21.871666666666666,23.871666666666666
17506,139,3.6342857142857143,21.585714285714285,302.2,1,14,1.0,14.0,3.6342857142857143,139.0,21.585714285714285,302.2,3.6342857142857143,9.928571428571429,21.585714285714285,21.585714285714285
17507,359,2.6617045454545454,6.881590909090909,605.58,2,79,1.1139240506329113,44.0,2.6548501291989663,179.5,6.865627906976744,302.78999999999996,2.680759493670886,4.544303797468355,6.71493670886076,7.665569620253165
17509,3534,2.259207650273224,16.708032786885248,6115.14,8,75,4.88,45.75,2.1921767320075105,441.75,16.552864373113785,764.3924999999999,2.0517333333333334,47.12,16.356,81.5352
17510,214,2.211,15.424000000000001,308.48,1,20,1.0,20.0,2.211,214.0,15.424000000000001,308.48,2.211,10.7,15.424000000000001,15.424000000000001
17511,64549,2.3066251298027,94.5611422637591,91062.38,31,453,2.1258278145695364,31.06451612903226,2.4273847485408893,2082.2258064516127,105.90476570166373,2937.496129032258,2.134110545084055,142.49227373068433,84.18497481583906,201.020706401766
17512,2753,1.9543809523809526,27.85704761904762,2924.9900000000002,10,61,1.721311475409836,10.5,1.4525923685010642,275.3,38.63729699807439,292.499,2.223224043715847,45.131147540983605,24.24565573770492,47.95065573770492
17513,254,2.77,85.53333333333335,513.2,1,6,1.0,6.0,2.77,254.0,85.53333333333335,513.2,2.77,42.333333333333336,85.53333333333335,85.53333333333335
17514,135,2.228,5.2162500000000005,208.65,1,40,1.0,40.0,2.228,135.0,5.2162500000000005,208.65,2.228,3.375,5.2162500000000005,5.2162500000000005
17515,243,3.7408045977011493,7.345057471264368,639.02,4,49,1.7755102040816326,21.75,3.5795849875930523,60.75,7.22770688585608,159.755,4.437585034013606,4.959183673469388,8.32860544217687,13.041224489795917
17516,416,2.759124087591241,5.606423357664234,768.08,5,113,1.2123893805309736,27.4,2.730235018115942,83.2,6.007825778985508,153.61599999999999,2.7495575221238937,3.6814159292035398,5.833230088495575,6.797168141592921
17517,102,2.5381818181818185,13.994545454545454,153.94,1,11,1.0,11.0,2.5381818181818185,102.0,13.994545454545454,153.94,2.5381818181818185,9.272727272727273,13.994545454545454,13.994545454545454
17519,1236,3.1192682926829267,22.488048780487805,1844.02,6,60,1.3666666666666667,13.666666666666666,3.0955208333333335,206.0,23.126886574074074,307.33666666666664,3.5256944444444445,20.6,19.188458333333337,30.733666666666668
17520,365,3.2976666666666663,18.226999999999997,546.81,1,30,1.0,30.0,3.2976666666666663,365.0,18.226999999999997,546.81,3.2976666666666663,12.166666666666666,18.226999999999997,18.226999999999997
17521,519,1.9406666666666665,16.071333333333335,723.21,3,38,1.1842105263157894,15.0,1.7814596273291923,173.0,16.917732919254657,241.07000000000002,2.0271052631578947,13.657894736842104,16.008947368421055,19.03184210526316
17522,1034,1.9445205479452052,14.667260273972603,1070.71,5,59,1.2372881355932204,14.6,1.7851942028985508,206.8,20.42455,214.142,2.1389265536723165,17.52542372881356,13.475,18.147627118644067
17523,872,3.128181818181818,19.78,652.74,4,25,1.32,8.25,2.1913636363636364,218.0,55.93559659090909,163.185,2.7748000000000004,34.88,15.9264,26.1096
17524,90,1.5916666666666668,24.166666666666668,145.0,1,6,1.0,6.0,1.5916666666666668,90.0,24.166666666666668,145.0,1.5916666666666668,15.0,24.166666666666668,24.166666666666668
17525,82,6.005555555555556,46.96666666666667,422.7,1,9,1.0,9.0,6.005555555555556,82.0,46.96666666666667,422.7,6.005555555555556,9.11111111111111,46.96666666666667,46.96666666666667
17526,310,5.22578947368421,62.942105263157885,1195.8999999999999,4,17,1.1176470588235294,4.75,4.9863888888888885,77.5,62.902499999999996,298.975,5.072941176470588,18.235294117647058,53.56470588235294,70.34705882352941
17527,488,3.408936170212766,19.98659574468085,939.37,4,45,1.0444444444444445,11.75,3.863675595238095,122.0,22.76698908730159,234.8425,3.3282222222222226,10.844444444444445,19.78488888888889,20.87488888888889
17528,2138,3.161818181818182,14.34189723320158,3628.5,8,183,1.3825136612021858,31.625,3.3750342670264346,267.25,16.758554524541896,453.5625,2.933825136612022,11.683060109289617,13.284066484517304,19.827868852459016
17530,1526,2.3262690355329947,6.053299492385787,2385.0,10,306,1.2875816993464053,39.4,2.4905840828024965,152.6,9.574117120082654,238.5,2.428371459694989,4.9869281045751634,6.330729069405541,7.794117647058823
17531,136,4.1242857142857146,21.192857142857143,296.7,1,14,1.0,14.0,4.1242857142857146,136.0,21.192857142857143,296.7,4.1242857142857146,9.714285714285714,21.192857142857143,21.192857142857143
17534,103,2.677777777777778,24.817777777777778,223.36,1,9,1.0,9.0,2.677777777777778,103.0,24.817777777777778,223.36,2.677777777777778,11.444444444444445,24.817777777777778,24.817777777777778
17535,136,1.473076923076923,12.646153846153847,164.4,1,13,1.0,13.0,1.473076923076923,136.0,12.646153846153847,164.4,1.473076923076923,10.461538461538462,12.646153846153847,12.646153846153847
17536,6,12.75,25.5,76.5,1,3,1.0,3.0,12.75,6.0,25.5,76.5,12.75,2.0,25.5,25.5
17537,700,2.6604,11.968266666666667,897.62,2,74,1.0135135135135136,37.5,2.1239285714285714,350.0,14.702529274004684,448.81000000000006,2.561891891891892,9.45945945945946,11.99554054054054,12.13
17538,134,1.1933333333333334,10.935555555555556,98.42,1,9,1.0,9.0,1.1933333333333334,134.0,10.935555555555556,98.42,1.1933333333333334,14.88888888888889,10.935555555555556,10.935555555555556
17540,194,3.534,23.156,578.9,2,20,1.25,12.5,3.6606617647058823,97.0,25.92058823529412,289.45000000000005,3.2350000000000003,9.7,21.1475,28.945
17542,134,2.5839999999999996,6.83,170.75,1,24,1.0416666666666667,25.0,2.5839999999999996,134.0,6.83,170.75,2.63125,5.583333333333333,6.9937499999999995,7.114583333333333
17545,341,2.4860689655172417,4.454896551724138,645.96,3,122,1.1885245901639345,48.333333333333336,2.8830504837702873,113.66666666666667,4.8588444132334585,215.32000000000002,2.4849180327868856,2.7950819672131146,4.708975409836065,5.294754098360656
17548,58,2.43,20.66,103.3,1,5,1.0,5.0,2.43,58.0,20.66,103.3,2.43,11.6,20.66,20.66
17549,210,1.7666666666666666,24.810000000000002,148.86,2,5,1.2,3.0,1.4725000000000001,105.0,22.1325,74.42999999999999,1.9620000000000002,42.0,25.032,29.772000000000002
17550,86,2.978095238095238,6.360952380952382,267.16,3,42,1.0,14.0,2.9032142857142857,28.666666666666668,6.279761904761905,89.05333333333333,2.978095238095238,2.0476190476190474,6.36095238095238,6.36095238095238
17551,150,2.5411627906976744,7.1358139534883716,306.84,1,39,1.1025641025641026,43.0,2.5411627906976744,150.0,7.1358139534883716,306.84,2.5902564102564103,3.8461538461538463,7.444615384615384,7.867692307692307
17552,719,2.2583673469387753,18.987959183673468,930.41,4,43,1.1395348837209303,12.25,3.089168831168831,179.75,18.874506493506495,232.6025,2.306279069767442,16.72093023255814,19.155697674418604,21.637441860465117
17553,1048,3.1,743.8,1487.6,1,2,1.0,2.0,3.1,1048.0,743.8,1487.6,3.1,524.0,743.8,743.8
17554,1763,3.0594318181818183,22.18693181818182,1952.45,5,58,1.5172413793103448,17.6,2.888599316239316,352.6,28.228502905982907,390.49,3.1487931034482757,30.396551724137932,19.30551724137931,33.66293103448276
17555,349,2.184622641509434,4.559056603773585,483.26,2,101,1.0495049504950495,53.0,2.196800930898675,174.5,4.519036877909058,241.63,2.1856930693069305,3.4554455445544554,4.598069306930693,4.784752475247525
17556,101,4.778333333333333,26.316666666666666,157.9,1,6,1.0,6.0,4.778333333333333,101.0,26.316666666666666,157.9,4.778333333333333,16.833333333333332,26.316666666666666,26.316666666666666
17557,306,2.702058823529412,15.92529411764706,541.46,3,27,1.2592592592592593,11.333333333333334,2.793111111111111,102.0,17.446277777777777,180.48666666666668,2.8559259259259258,11.333333333333334,15.618148148148148,20.054074074074077
17560,635,3.4342307692307696,32.88269230769231,854.95,4,22,1.1818181818181819,6.5,2.478621794871795,158.75,37.94522435897436,213.7375,3.5086363636363633,28.863636363636363,32.80833333333333,38.86136363636364
17561,146,2.0943478260869566,3.643913043478261,167.62,1,44,1.0454545454545454,46.0,2.0943478260869566,146.0,3.643913043478261,167.62,2.1568181818181817,3.3181818181818183,3.737613636363636,3.8095454545454546
17562,817,1.8968253968253967,17.81555555555556,1122.38,7,48,1.3125,9.0,2.10269387755102,116.71428571428571,19.026326530612245,160.34,1.7916666666666667,17.020833333333332,17.393333333333334,23.38291666666667
17564,146,3.722448979591837,9.265510204081632,454.01,3,38,1.2894736842105263,16.333333333333332,3.7278968253968254,48.666666666666664,9.277619047619048,151.33666666666667,3.6565789473684207,3.8421052631578947,9.231184210526317,11.947631578947368
17566,518,2.6539473684210524,5.929013157894737,901.21,2,113,1.345132743362832,76.0,2.655101679929266,259.0,5.985178603006189,450.605,2.7074336283185843,4.584070796460177,5.98882743362832,7.975309734513274
17567,2632,2.3494545454545457,26.251393939393935,4331.48,8,110,1.5,20.625,2.2424344866312413,329.0,31.684994737915062,541.435,2.5136666666666665,23.927272727272726,24.148818181818182,39.3770909090909
17569,159,3.3531034482758617,11.866896551724137,344.14,1,29,1.0,29.0,3.3531034482758617,159.0,11.866896551724137,344.14,3.3531034482758617,5.482758620689655,11.866896551724137,11.866896551724137
17571,905,2.758227424749164,5.0117391304347825,1498.51,4,247,1.2105263157894737,74.75,1.9351267325723602,226.25,13.793504297458892,374.6275,2.8357085020242914,3.6639676113360324,5.227523616734143,6.066842105263158
17572,95,3.158333333333333,18.895833333333336,226.75000000000003,4,7,1.7142857142857142,3.0,2.91875,23.75,18.83125,56.68750000000001,3.7357142857142853,13.571428571428571,18.592857142857145,32.392857142857146
17573,308,2.2028,15.224,380.6,3,24,1.0416666666666667,8.333333333333334,1.8901398601398602,102.66666666666667,12.881165501165503,126.86666666666667,2.2241666666666666,12.833333333333334,15.295,15.858333333333334
17574,77,3.3162499999999997,23.20625,185.65,1,8,1.0,8.0,3.3162499999999997,77.0,23.20625,185.65,3.3162499999999997,9.625,23.20625,23.20625
17576,1994,3.015547445255475,8.814306569343065,3622.68,19,245,1.6775510204081632,21.63157894736842,2.952618061669387,104.94736842105263,9.382974316716707,190.66736842105263,3.087,8.138775510204082,8.983310981535471,14.786448979591835
17578,138,1.286,28.691999999999997,143.45999999999998,1,5,1.0,5.0,1.286,138.0,28.691999999999997,143.45999999999998,1.286,27.6,28.691999999999997,28.691999999999997
17579,258,2.476,8.978000000000002,448.90000000000003,3,46,1.0869565217391304,16.666666666666668,2.8165656565656563,86.0,12.69439393939394,149.63333333333333,2.4630434782608694,5.608695652173913,8.839130434782609,9.758695652173914
17580,88,2.1575555555555557,4.793777777777778,215.72,3,43,1.0465116279069768,15.0,4.708319783197832,29.333333333333332,22.09067750677507,71.90666666666667,1.985813953488372,2.046511627906977,4.108023255813953,5.016744186046512
17581,5927,3.117909090909091,25.102363636363638,11045.04,25,229,1.9213973799126638,17.6,10.391980497274323,237.08,31.19005178215926,441.8016,3.264858338531919,25.882096069868997,22.442243709710958,48.23161572052402
17582,123,2.134137931034483,6.043793103448277,175.27,1,28,1.0357142857142858,29.0,2.134137931034483,123.0,6.043793103448277,175.27,2.1514285714285717,4.392857142857143,6.171250000000001,6.2596428571428575
17584,458,3.982857142857143,35.494285714285716,1242.3,2,30,1.1666666666666667,17.5,3.982483552631579,229.0,36.390049342105264,621.1500000000001,4.054166666666666,15.266666666666667,34.6125,41.41
17585,1671,1.380981308411215,5.294719626168224,1133.07,4,176,1.2159090909090908,53.5,1.468676206704688,417.75,6.482100019706032,283.2675,1.4236363636363636,9.494318181818182,5.52279356060606,6.437897727272727
17588,676,5.203043478260869,53.92173913043479,1240.2,3,19,1.2105263157894737,7.666666666666667,4.279545454545455,225.33333333333334,80.38181818181819,413.40000000000003,4.96157894736842,35.578947368421055,46.21578947368421,65.27368421052631
17589,1631,2.1748221343873517,9.502648221343874,2404.17,4,172,1.4709302325581395,63.25,2.219912451984635,407.75,9.720712672499644,601.0425,2.3002906976744186,9.482558139534884,8.521109496124032,13.977732558139536
17590,828,2.668407960199005,7.359303482587065,1479.22,3,162,1.2407407407407407,67.0,3.003262061403509,276.0,10.835736019736842,493.0733333333333,2.6425308641975307,5.111111111111111,6.972304526748971,9.130987654320988
17591,1009,3.532228915662651,13.409457831325303,2225.9700000000003,7,81,2.049382716049383,23.714285714285715,3.5579633838383837,144.14285714285714,22.303893939393937,317.9957142857143,3.995735596707819,12.45679012345679,9.614115226337448,27.481111111111115
17593,3101,2.497136150234742,18.438215962441316,3927.34,5,190,1.1210526315789473,42.6,2.4246404215481343,620.2,20.47949307219707,785.4680000000001,2.4832105263157893,16.321052631578947,18.285368421052635,20.670210526315792
17594,550,1.9409999999999998,19.8636,993.1800000000001,2,42,1.1904761904761905,25.0,1.7473214285714285,275.0,20.66916666666667,496.59000000000003,1.9964285714285712,13.095238095238095,18.932857142857145,23.64714285714286
17595,229,2.497710843373494,4.68421686746988,388.79,2,68,1.2205882352941178,41.5,2.5634723889555824,114.5,4.678079231692677,194.39499999999998,2.452058823529412,3.3676470588235294,4.468676470588235,5.7175
17596,4400,1.9154814814814818,10.473814814814814,2827.93,7,168,1.6071428571428572,38.57142857142857,1.7966434872405224,628.5714285714286,13.461834376203312,403.99000000000007,2.288373015873016,26.19047619047619,7.354131944444444,16.832916666666666
17597,1176,3.3992727272727272,37.17036363636364,2044.3700000000001,1,55,1.0,55.0,3.3992727272727272,1176.0,37.17036363636364,2044.3700000000001,3.3992727272727272,21.381818181818183,37.17036363636364,37.17036363636364
17600,144,3.5307692307692307,12.436153846153847,161.67000000000002,1,13,1.0,13.0,3.5307692307692307,144.0,12.436153846153847,161.67000000000002,3.5307692307692307,11.076923076923077,12.436153846153847,12.436153846153847
17601,103,1.6122222222222222,12.889999999999999,116.00999999999999,1,9,1.0,9.0,1.6122222222222222,103.0,12.889999999999999,116.00999999999999,1.6122222222222222,11.444444444444445,12.889999999999999,12.889999999999999
17602,4151,1.9664464285714287,9.11244642857143,5102.97,6,335,1.671641791044776,93.33333333333333,1.9377440048965744,691.8333333333334,10.496879178390628,850.495,2.055634328358209,12.391044776119402,9.244176616915423,15.232746268656717
17603,74,13.392727272727273,35.88363636363636,394.72,1,11,1.0,11.0,13.392727272727273,74.0,35.88363636363636,394.72,13.392727272727273,6.7272727272727275,35.88363636363636,35.88363636363636
17604,169,2.5342857142857143,4.91047619047619,309.36,2,57,1.105263157894737,31.5,2.5788888888888892,84.5,4.927407407407408,154.68,2.5737719298245616,2.9649122807017543,5.056052631578948,5.427368421052631
17608,232,1.153050847457627,3.2783050847457624,193.42,2,54,1.0925925925925926,29.5,1.2989655172413794,116.0,4.517413793103448,96.71000000000001,1.2262962962962962,4.296296296296297,3.536604938271605,3.5818518518518516
17609,723,2.3075105485232066,4.692911392405064,1112.22,5,199,1.1909547738693467,47.4,2.647482586846864,144.6,5.02146743813648,222.44400000000002,2.354966499162479,3.6331658291457285,4.713555276381909,5.589045226130653
17611,2560,2.5292881944444447,6.9170486111111105,3984.22,15,440,1.309090909090909,38.4,2.7919844552548208,170.66666666666666,10.65266468274957,265.61466666666666,2.442530303030303,5.818181818181818,6.586304924242425,9.055045454545454
17612,1808,2.5762962962962965,15.173703703703703,2048.45,6,116,1.1637931034482758,22.5,2.5573256660325625,301.3333333333333,16.424803814746344,341.4083333333333,2.279051724137931,15.586206896551724,14.411293103448276,17.659051724137928
17613,2496,2.6451602564102563,14.612660256410258,4559.150000000001,14,211,1.4786729857819905,22.285714285714285,2.686669364962048,178.28571428571428,16.50449349476179,325.65357142857147,2.4831595576619274,11.829383886255924,13.189487443835786,21.607345971563984
17614,238,2.2116,3.9007,390.07,1,97,1.0309278350515463,100.0,2.2116,238.0,3.9007,390.07,2.249896907216495,2.4536082474226806,3.9761855670103095,4.021340206185567
17615,140,3.9107142857142856,23.542857142857144,329.6,3,13,1.0769230769230769,4.666666666666667,3.6438888888888883,46.666666666666664,23.20277777777778,109.86666666666667,4.059615384615385,10.76923076923077,21.292307692307695,25.353846153846156
17616,224,2.55,190.39999999999998,571.1999999999999,3,1,3.0,1.0,2.55,74.66666666666667,190.39999999999998,190.39999999999998,2.55,224.0,190.39999999999998,571.1999999999999
17618,331,4.282820512820513,12.456153846153846,971.58,3,56,1.3928571428571428,26.0,5.8219283180132235,110.33333333333333,19.36562167392356,323.85999999999996,3.70375,5.910714285714286,12.13967261904762,17.349642857142857
17619,127,1.8036363636363635,2.837922077922078,218.52,1,71,1.0845070422535212,77.0,1.8036363636363635,127.0,2.837922077922078,218.52,1.8492957746478875,1.7887323943661972,2.9427464788732394,3.0777464788732396
17620,60,2.7575,20.36,81.44,1,4,1.0,4.0,2.7575,60.0,20.36,81.44,2.7575,15.0,20.36,20.36
17621,514,3.1365384615384615,53.073076923076925,1379.9,3,24,1.0833333333333333,8.666666666666666,3.0545454545454547,171.33333333333334,54.51060606060606,459.9666666666667,3.185416666666667,21.416666666666668,48.99583333333334,57.49583333333334
17623,265,2.8709090909090906,15.971212121212119,527.05,1,33,1.0,33.0,2.8709090909090906,265.0,15.971212121212119,527.05,2.870909090909091,8.030303030303031,15.971212121212119,15.971212121212119
17624,554,2.958,16.869600000000002,843.48,2,49,1.0204081632653061,25.0,2.958,277.0,16.8696,421.74,2.91734693877551,11.306122448979592,16.80979591836735,17.21387755102041
17625,1198,2.539587301587302,6.498412698412698,2047.0,4,223,1.4125560538116593,78.75,2.6005729649682188,299.5,6.55371670008214,511.75,2.385560538116592,5.37219730941704,6.250313901345291,9.179372197309418
17628,79,2.41,15.15,75.75,1,5,1.0,5.0,2.41,79.0,15.15,75.75,2.41,15.8,15.15,15.15
17629,1629,2.0857723577235774,14.748943089430895,1814.1200000000001,8,106,1.1603773584905661,15.375,2.0564020354645356,203.625,15.411927147852147,226.765,2.0524528301886793,15.367924528301886,13.36438679245283,17.11433962264151
17630,158,7.825000000000001,19.36923076923077,503.6,2,24,1.0833333333333333,13.0,7.760714285714286,79.0,20.836090225563908,251.8,7.439583333333334,6.583333333333333,19.219791666666666,20.983333333333334
17631,334,3.712820512820513,13.546923076923077,528.33,3,39,1.0,13.0,3.0131825396825396,111.33333333333333,13.277964285714285,176.11,3.712820512820513,8.564102564102564,13.546923076923077,13.546923076923077
17633,644,2.797428571428571,18.92628571428571,1324.84,4,59,1.1864406779661016,17.5,2.827658371040724,161.0,19.392170814479638,331.21000000000004,2.736779661016949,10.915254237288135,18.478813559322035,22.454915254237292
17634,840,3.7267003367003366,7.952760942760944,2361.9700000000003,9,209,1.4210526315789473,33.0,3.6466545439128613,93.33333333333333,8.938121467334119,262.4411111111111,3.7727591706539076,4.019138755980861,7.893732057416268,11.30129186602871
17636,182,2.3905000000000003,14.278,285.56,1,20,1.0,20.0,2.3905000000000003,182.0,14.278,285.56,2.3905000000000003,9.1,14.278,14.278
17637,280,3.432857142857143,15.630285714285716,547.0600000000001,2,35,1.0,17.5,3.8142045454545457,140.0,16.52100378787879,273.53,3.432857142857143,8.0,15.630285714285716,15.630285714285716
17639,49,5.514285714285714,15.5,108.5,1,7,1.0,7.0,5.514285714285714,49.0,15.5,108.5,5.514285714285713,7.0,15.5,15.5
17640,250,2.566,124.332,621.66,1,5,1.0,5.0,2.566,250.0,124.332,621.66,2.566,50.0,124.332,124.332
17642,474,2.3432500000000003,17.80725,712.29,2,34,1.1764705882352942,20.0,2.3601373626373627,237.0,18.922994505494508,356.145,2.402058823529412,13.941176470588236,16.34088235294118,20.94970588235294
17643,71,4.01875,12.69375,101.55,1,8,1.0,8.0,4.01875,71.0,12.69375,101.55,4.01875,8.875,12.69375,12.69375
17644,1793,2.771783439490446,18.443566878980892,2895.64,11,102,1.5392156862745099,14.272727272727273,2.992609403124109,163.0,19.790821607586313,263.24,2.4098104575163397,17.57843137254902,17.314901960784315,28.38862745098039
17646,323,4.756666666666667,19.77235294117647,1008.39,3,46,1.108695652173913,17.0,4.495,107.66666666666667,21.416759259259262,336.13000000000005,4.881304347826087,7.021739130434782,19.319347826086958,21.921521739130434
17647,30,7.097142857142857,19.00857142857143,133.06,1,7,1.0,7.0,7.097142857142857,30.0,19.00857142857143,133.06,7.097142857142857,4.285714285714286,19.00857142857143,19.00857142857143
17648,487,5.536483516483516,19.752747252747252,1797.5,4,81,1.123456790123457,22.75,6.157270299145299,121.75,19.37321047008547,449.375,5.421851851851852,6.012345679012346,19.419135802469135,22.191358024691358
17649,399,3.581153846153846,16.70173076923077,868.49,1,52,1.0,52.0,3.581153846153846,399.0,16.70173076923077,868.49,3.581153846153846,7.673076923076923,16.70173076923077,16.70173076923077
17650,150,1.89625,20.759999999999998,166.07999999999998,1,8,1.0,8.0,1.89625,150.0,20.759999999999998,166.07999999999998,1.89625,18.75,20.759999999999998,20.759999999999998
17651,3112,2.0029310344827587,17.004310344827587,3945.0,10,149,1.5570469798657718,23.2,2.4379849242871545,311.2,22.09853571086298,394.5,1.9261968680089485,20.885906040268456,16.409539789069992,26.476510067114095
17652,2509,3.3447490347490345,18.794285714285714,4867.72,12,118,2.194915254237288,21.583333333333332,3.4425589641418317,209.08333333333334,19.70538676598783,405.6433333333334,3.1643079096045197,21.26271186440678,18.27683212267958,41.25186440677966
17653,1409,4.069090909090909,27.44454545454545,1207.56,4,44,1.0,11.0,5.825159090909091,352.25,60.32431818181818,301.89,4.069090909090909,32.02272727272727,27.44454545454545,27.44454545454545
17654,41,3.1568181818181817,5.343181818181818,117.55,1,22,1.0,22.0,3.1568181818181817,41.0,5.343181818181818,117.55,3.1568181818181817,1.8636363636363635,5.343181818181818,5.343181818181818
17655,1116,4.826153846153846,28.99934065934066,2638.94,7,66,1.378787878787879,13.0,4.7954703035060176,159.42857142857142,31.38544533839177,376.99142857142857,5.0073737373737375,16.90909090909091,29.772146464646465,39.983939393939394
17656,1399,2.772560975609756,20.423048780487804,1674.69,5,67,1.2238805970149254,16.4,3.539971031746032,279.8,25.46372857142857,334.938,2.474626865671642,20.880597014925375,17.921865671641793,24.99537313432836
17658,616,2.561052631578947,31.337894736842102,595.42,2,17,1.1176470588235294,9.5,2.5899444444444444,308.0,31.535444444444444,297.71000000000004,2.6758823529411764,36.23529411764706,30.798235294117642,35.02470588235294
17659,1525,4.0412025316455695,18.98392405063291,2999.46,12,127,1.2440944881889764,13.166666666666666,4.71800615452086,127.08333333333333,19.332207295155825,249.955,4.2376181102362205,12.007874015748031,18.709527559055118,23.617795275590552
17660,130,2.0037777777777777,4.355555555555555,196.0,1,37,1.2162162162162162,45.0,2.0037777777777777,130.0,4.355555555555555,196.0,1.9937837837837837,3.5135135135135136,4.773648648648648,5.297297297297297
17663,797,3.9981395348837214,20.96406976744186,1802.91,7,63,1.3650793650793651,12.285714285714286,4.367808760683761,113.85714285714286,21.490047040678622,257.55857142857144,4.209206349206349,12.65079365079365,20.063597883597883,28.617619047619048
17664,604,1.9167441860465118,14.061395348837209,604.64,2,41,1.048780487804878,21.5,1.9388043478260868,302.0,14.052336956521739,302.32,1.7687804878048778,14.731707317073171,13.90219512195122,14.74731707317073
17666,596,1.8988888888888888,40.45333333333333,728.16,2,14,1.2857142857142858,9.0,1.7845833333333334,298.0,43.635000000000005,364.08000000000004,1.9364285714285714,42.57142857142857,36.051428571428566,52.01142857142857
17667,1033,3.6650862068965515,17.71991379310345,2055.51,5,85,1.3647058823529412,23.2,3.4171236897274633,206.6,18.272837376460018,411.10200000000003,3.5003431372549016,12.152941176470588,18.035960784313726,24.182470588235297
17668,93,7.336666666666667,23.183333333333334,347.75,2,14,1.0714285714285714,7.5,7.323214285714286,46.5,23.394196428571426,173.875,6.95,6.642857142857143,23.017857142857142,24.839285714285715
17669,1916,1.8576470588235294,50.09882352941177,3406.7200000000003,7,45,1.511111111111111,9.714285714285714,1.8719319727891157,273.7142857142857,65.73074829931973,486.67428571428576,1.8404814814814816,42.577777777777776,46.650444444444446,75.70488888888889
17670,110,2.590909090909091,18.7,205.7,1,11,1.0,11.0,2.590909090909091,110.0,18.7,205.7,2.590909090909091,10.0,18.7,18.7
17671,772,3.197358490566038,29.67377358490566,1572.71,4,40,1.325,13.25,3.3127995952168745,193.0,32.761654226084374,393.1775,3.10975,19.3,28.84825,39.317750000000004
17672,1690,3.331818181818182,28.892454545454545,3178.17,2,105,1.0476190476190477,55.0,3.313237893248498,845.0,28.85904736656062,1589.085,3.4404761904761907,16.095238095238095,29.369714285714288,30.268285714285714
17673,1487,1.6033920704845817,7.176740088105727,1629.12,6,118,1.923728813559322,37.833333333333336,1.570506670410448,247.83333333333334,7.0885583291935745,271.52,1.5502259887005652,12.601694915254237,7.469419491525424,13.806101694915254
17674,672,0.7588888888888888,20.40888888888889,551.04,2,19,1.4210526315789473,13.5,0.7431534090909091,336.0,21.490738636363638,275.52,0.7973684210526316,35.36842105263158,21.742105263157896,29.002105263157894
17675,8360,3.53868085106383,28.89968794326241,20374.28,31,239,2.9497907949790796,22.741935483870968,3.637565670173122,269.6774193548387,33.066013051218405,657.2348387096774,3.412882142729423,34.97907949790795,24.578288292948333,85.24803347280334
17676,932,1.9006410256410255,17.790769230769232,1387.68,6,49,1.5918367346938775,13.0,1.8422429653679655,155.33333333333334,17.840450937950937,231.28,1.9289795918367345,19.020408163265305,17.35326530612245,28.32
17677,9775,2.732993421052632,53.82641447368421,16363.23,30,178,1.7078651685393258,10.133333333333333,3.279528646445723,325.8333333333333,60.07141492884055,545.441,2.7187818352059927,54.91573033707865,46.1361797752809,91.9282584269663
17678,207,2.235625,18.631875,298.11,1,16,1.0,16.0,2.235625,207.0,18.631875,298.11,2.235625,12.9375,18.631875,18.631875
17679,729,5.309,66.40366666666667,1992.1100000000001,2,29,1.0344827586206897,15.0,9.479903846153846,364.5,75.21375,996.0550000000001,5.107586206896552,25.137931034482758,64.0796551724138,68.69344827586207
17680,96,2.8000000000000003,16.763636363636365,184.4,1,11,1.0,11.0,2.8000000000000003,96.0,16.763636363636365,184.4,2.8000000000000003,8.727272727272727,16.763636363636365,16.763636363636365
17682,1367,2.400762711864407,20.968898305084746,2474.33,6,48,2.4583333333333335,19.666666666666668,2.451684474455239,227.83333333333334,21.223347567702216,412.3883333333333,2.948541666666667,28.479166666666668,20.893416666666667,51.548541666666665
17684,145,2.916,15.960666666666667,239.41,1,15,1.0,15.0,2.916,145.0,15.960666666666667,239.41,2.916,9.666666666666666,15.960666666666667,15.960666666666667
17685,1956,2.000923076923077,24.550230769230772,3191.53,7,88,1.4772727272727273,18.571428571428573,1.8966295543641185,279.42857142857144,24.370772080018448,455.9328571428572,1.8852651515151515,22.227272727272727,20.06349431818182,36.26738636363637
17686,2478,3.8588811188811194,20.06804195804196,5739.46,7,205,1.395121951219512,40.857142857142854,3.5893148370459294,354.0,19.02610410830999,819.9228571428572,4.254132520325204,12.08780487804878,20.45129268292683,27.997365853658536
17690,1773,5.7077734375,18.5857421875,4757.95,15,186,1.3763440860215055,17.066666666666666,4.338838384851017,118.2,20.307128429406852,317.19666666666666,5.257204301075269,9.53225806451613,18.580107526881722,25.58037634408602
17691,134,3.4026315789473687,15.28421052631579,290.40000000000003,2,18,1.0555555555555556,9.5,3.427222222222222,67.0,15.311666666666667,145.2,3.1500000000000004,7.444444444444445,15.25,16.133333333333336
17692,672,1.6482608695652174,16.10739130434783,740.94,4,34,1.3529411764705883,11.5,1.6239999999999999,168.0,17.635457142857142,185.23499999999999,1.6388235294117646,19.764705882352942,15.562696078431372,21.79235294117647
17693,231,2.0825,12.529375,200.47,1,16,1.0,16.0,2.0825,231.0,12.529375,200.47,2.0825,14.4375,12.529375,12.529375
17694,184,2.6086666666666667,18.874666666666666,283.12,1,15,1.0,15.0,2.6086666666666667,184.0,18.874666666666666,283.12,2.6086666666666667,12.266666666666667,18.874666666666666,18.874666666666666
17695,779,1.2517142857142858,21.866857142857143,765.34,2,30,1.1666666666666667,17.5,1.2526470588235294,389.5,21.932222222222222,382.67,1.306,25.966666666666665,21.437333333333335,25.511333333333333
17696,1756,2.3863478260869564,19.875739130434784,2285.71,8,78,1.4743589743589745,14.375,2.5859765082259694,219.5,21.24228359463812,285.71375,2.3014743589743594,22.512820512820515,20.4392094017094,29.303974358974358
17697,93,5.084210526315789,17.839473684210525,338.95,1,19,1.0,19.0,5.084210526315789,93.0,17.839473684210525,338.95,5.084210526315789,4.894736842105263,17.839473684210528,17.839473684210528
17698,93,2.1375,19.36875,154.95,1,8,1.0,8.0,2.1375,93.0,19.36875,154.95,2.1375,11.625,19.36875,19.36875
17700,1266,3.167887323943662,17.84957746478873,2534.64,4,116,1.2241379310344827,35.5,3.183064484126984,316.5,17.931296130952383,633.6600000000001,3.1096551724137935,10.913793103448276,17.010172413793104,21.850344827586206
17701,109,5.754166666666666,17.414583333333333,417.95,1,24,1.0,24.0,5.754166666666666,109.0,17.414583333333333,417.95,5.754166666666666,4.541666666666667,17.414583333333333,17.414583333333333
17702,1353,1.7451351351351354,24.653648648648648,1824.37,4,58,1.2758620689655173,18.5,1.9346359649122808,338.25,27.831723684210527,456.0925,1.7647413793103448,23.32758620689655,21.947499999999998,31.454655172413794
17703,590,1.6427272727272726,14.522545454545455,798.74,3,47,1.1702127659574468,18.333333333333332,1.6373477812177502,196.66666666666666,14.48592363261094,266.24666666666667,1.5499999999999998,12.553191489361701,14.079574468085106,16.994468085106384
17704,343,3.918709677419355,28.554516129032258,885.19,2,27,1.1481481481481481,15.5,3.932291666666667,171.5,28.69947916666667,442.595,3.9474074074074075,12.703703703703704,25.401481481481483,32.784814814814816
17705,963,2.987378640776699,17.70407766990291,1823.52,9,63,1.6349206349206349,11.444444444444445,2.9699381030189853,107.0,17.38285351177508,202.61333333333334,2.452063492063492,15.285714285714286,16.10798941798942,28.944761904761904
17706,3899,4.205471204188481,27.498664921465966,10504.49,17,270,1.4148148148148147,22.470588235294116,4.304907933512086,229.35294117647058,27.687246366532353,617.9111764705882,4.101080246913581,14.440740740740742,27.241327160493828,38.90551851851852
17707,144,1.7700000000000002,30.48,152.4,2,3,1.6666666666666667,2.5,1.7916666666666667,72.0,31.125,76.2,1.6833333333333336,48.0,27.900000000000002,50.800000000000004
17708,91,3.144,7.630857142857143,267.08,2,28,1.25,17.5,3.0566025641025645,45.5,10.82025641025641,133.54,3.1675,3.25,6.887678571428572,9.538571428571428
17709,17,13.007142857142858,19.635714285714283,137.45,1,7,1.0,7.0,13.007142857142858,17.0,19.635714285714283,137.45,13.007142857142858,2.4285714285714284,19.635714285714283,19.635714285714283
17711,246,2.4530434782608697,16.743478260869566,385.1,2,22,1.0454545454545454,11.5,2.3913076923076924,123.0,16.710423076923078,192.55,2.3395454545454544,11.181818181818182,16.829545454545453,17.504545454545454
17712,215,4.665172413793103,18.031379310344825,522.91,1,29,1.0,29.0,4.665172413793103,215.0,18.031379310344825,522.91,4.665172413793103,7.413793103448276,18.031379310344825,18.031379310344825
17714,92,2.05,15.3,153.0,1,10,1.0,10.0,2.05,92.0,15.3,153.0,2.05,9.2,15.3,15.3
17715,384,0.85,326.4,326.4,1,1,1.0,1.0,0.85,384.0,326.4,326.4,0.85,384.0,326.4,326.4
17716,3072,2.530040816326531,23.085673469387753,5655.99,11,171,1.432748538011696,22.272727272727273,2.398252262101796,279.27272727272725,30.270290211219194,514.180909090909,2.7750487329434694,17.964912280701753,20.445730994152047,33.0759649122807
17718,83,4.191666666666666,23.224999999999998,139.35,1,6,1.0,6.0,4.191666666666666,83.0,23.224999999999998,139.35,4.191666666666666,13.833333333333334,23.224999999999998,23.224999999999998
17719,2466,4.476167883211679,19.693576642335767,5396.04,15,111,2.4684684684684686,18.266666666666666,4.53651412014049,164.4,20.433234005841502,359.736,3.7995495495495497,22.216216216216218,17.434023666523668,48.612972972972976
17720,576,5.4342,23.9188,1195.94,4,39,1.2820512820512822,12.5,5.001004807692308,144.0,42.59455288461538,298.985,5.802820512820513,14.76923076923077,20.53059829059829,30.665128205128205
17722,1595,3.3454782608695655,21.078608695652175,2424.04,4,111,1.0360360360360361,28.75,3.5966067251461986,398.75,20.55012531328321,606.01,3.2299999999999995,14.36936936936937,19.696531531531534,21.8381981981982
17723,792,4.07,327.64000000000004,3276.4000000000005,6,4,2.5,1.6666666666666667,4.15,132.0,449.4166666666667,546.0666666666667,3.75,198.0,158.2875,819.1
17724,300,4.37125,25.825,1033.0,3,38,1.0526315789473684,13.333333333333334,4.189457735247209,100.0,26.691674641148325,344.3333333333333,4.314473684210527,7.894736842105263,24.290789473684214,27.18421052631579
17725,2162,2.5801041666666666,17.911875,3439.08,11,115,1.6695652173913043,17.454545454545453,2.604206140350877,196.54545454545453,18.097342503987242,312.64363636363635,2.662159420289855,18.8,17.66258695652174,29.90504347826087
17727,645,3.1312121212121213,16.064393939393938,1060.25,1,66,1.0,66.0,3.1312121212121213,645.0,16.064393939393938,1060.25,3.1312121212121213,9.772727272727273,16.064393939393938,16.064393939393938
17728,1469,3.3267272727272728,17.430363636363637,2876.01,3,153,1.0784313725490196,55.0,3.396154314159292,489.6666666666667,17.60588440265487,958.6700000000001,3.3366013071895426,9.601307189542483,17.15970588235294,18.79745098039216
17730,3576,1.9898165137614678,24.304954128440368,5298.4800000000005,13,127,1.7165354330708662,16.76923076923077,2.124554854330396,275.0769230769231,26.47883095812856,407.5753846153847,1.9887926509186353,28.15748031496063,22.539055118110237,41.72031496062993
17731,493,5.1274626865671635,18.509104477611938,1240.11,4,54,1.2407407407407407,16.75,5.1985882352941175,123.25,18.618295751633987,310.0275,4.183518518518518,9.12962962962963,17.616666666666667,22.965
17732,93,4.9494444444444445,16.887222222222224,303.97,1,18,1.0,18.0,4.9494444444444445,93.0,16.887222222222224,303.97,4.9494444444444445,5.166666666666667,16.887222222222224,16.887222222222224
17733,463,2.959142857142857,19.776857142857143,692.19,2,33,1.0606060606060606,17.5,3.4332246376811595,231.5,19.370887681159424,346.095,3.0398484848484846,14.030303030303031,19.433636363636367,20.975454545454546
17734,422,2.8969767441860466,16.293720930232556,700.63,3,40,1.075,14.333333333333334,3.08937037037037,140.66666666666666,15.465527777777778,233.54333333333332,2.9805,10.55,16.49575,17.51575
17735,8439,2.192463768115942,19.000028985507246,13110.02,19,319,2.1630094043887147,36.31578947368421,2.2101217795481456,444.1578947368421,19.165239903301583,690.001052631579,2.1029258098223615,26.454545454545453,18.45287990744887,41.09724137931035
17736,238,5.2212,15.0976,377.44,3,24,1.0416666666666667,8.333333333333334,15.027971014492755,79.33333333333333,27.77304347826087,125.81333333333333,5.386666666666667,9.916666666666666,14.789166666666667,15.726666666666667
17737,108,2.414,16.824,168.24,2,8,1.25,5.0,2.499166666666667,54.0,17.38875,84.12,2.2925,13.5,16.62375,21.03
17738,1029,3.5612371134020617,19.371649484536082,1879.05,4,89,1.0898876404494382,24.25,3.57074844789357,257.25,19.136991574279378,469.76250000000005,3.4689887640449437,11.561797752808989,18.89438202247191,21.112921348314607
17739,861,4.5727659574468085,59.39042553191489,2791.35,7,29,1.6206896551724137,6.714285714285714,4.507112244897959,123.0,63.63089115646259,398.7642857142857,4.427442528735632,29.689655172413794,52.16293103448275,96.25344827586208
17742,89,8.895333333333333,23.674,355.11,2,13,1.1538461538461537,7.5,8.186538461538461,44.5,24.77230769230769,177.555,9.153076923076922,6.846153846153846,23.794615384615387,27.316153846153846
17744,3412,0.8940441176470588,17.076470588235296,2322.4,6,110,1.2363636363636363,22.666666666666668,0.9210850713092255,568.6666666666666,18.513014661654136,387.06666666666666,0.8886212121212121,31.01818181818182,15.958181818181817,21.112727272727273
17746,29,5.741666666666667,18.375,110.25,1,6,1.0,6.0,5.741666666666667,29.0,18.375,110.25,5.741666666666666,4.833333333333333,18.375,18.375
17747,12,5.95,71.4,71.4,1,1,1.0,1.0,5.95,12.0,71.4,71.4,5.95,12.0,71.4,71.4
17749,320,4.591714285714286,19.272,674.52,2,33,1.0606060606060606,17.5,5.157954545454546,160.0,20.136975524475524,337.26,4.333636363636363,9.696969696969697,18.360454545454544,20.439999999999998
17750,3957,0.6623316062176166,9.313834196891191,1797.57,9,101,1.9108910891089108,21.444444444444443,0.6008564706272291,439.6666666666667,10.187035918909709,199.73,0.8379207920792079,39.17821782178218,6.834388838883888,17.797722772277226
17752,192,0.42,80.64,80.64,1,1,1.0,1.0,0.42,192.0,80.64,80.64,0.42,192.0,80.64,80.64
17754,1869,0.9895652173913044,19.26369565217391,1772.26,5,82,1.1219512195121952,18.4,1.0832893772893772,373.8,38.49177472527473,354.452,0.9575609756097561,22.79268292682927,17.095487804878047,21.612926829268293
17757,3320,2.748758434547908,7.564493927125506,5605.29,30,275,2.6945454545454544,24.7,2.9474125480880082,110.66666666666667,9.076067883017554,186.843,2.604836363636364,12.072727272727272,7.183798921891506,20.382872727272726
17758,2091,2.375485436893204,8.39004854368932,3456.7,8,310,1.3290322580645162,51.5,2.1809611095879062,261.375,8.428873550193998,432.0875,2.2701612903225805,6.745161290322581,7.855825268817204,11.150645161290322
17759,708,2.266947368421053,8.789368421052632,834.99,3,82,1.1585365853658536,31.666666666666668,3.56879329004329,236.0,9.574415584415584,278.33,2.396951219512195,8.634146341463415,9.086768292682926,10.182804878048781
17760,239,2.2716,11.503599999999999,287.59,2,25,1.0,12.5,2.3487847222222222,119.5,13.180868055555555,143.795,2.2716,9.56,11.503599999999999,11.503599999999999
17761,398,3.142105263157895,37.514736842105265,712.78,1,19,1.0,19.0,3.142105263157895,398.0,37.514736842105265,712.78,3.1421052631578945,20.94736842105263,37.514736842105265,37.514736842105265
17763,12,1.25,15.0,15.0,1,1,1.0,1.0,1.25,12.0,15.0,15.0,1.25,12.0,15.0,15.0
17764,395,3.154533333333333,10.9176,818.82,2,71,1.056338028169014,37.5,3.052015977443609,197.5,11.865822368421053,409.41,3.252816901408451,5.563380281690141,10.880985915492957,11.53267605633803
17765,144,3.8773684210526316,6.524210526315789,371.88,3,51,1.1176470588235294,19.0,4.155648582995951,48.0,6.814526315789474,123.96,3.8172549019607844,2.823529411764706,6.399901960784313,7.291764705882353
17767,128,2.7976190476190474,12.914285714285715,271.2,1,21,1.0,21.0,2.7976190476190474,128.0,12.914285714285715,271.2,2.7976190476190474,6.095238095238095,12.914285714285715,12.914285714285715
17768,1186,3.846857142857143,21.649333333333335,2273.1800000000003,3,77,1.3636363636363635,35.0,4.324464226220223,395.3333333333333,23.678569673496586,757.7266666666668,3.672207792207792,15.402597402597403,20.203246753246756,29.52181818181818
17769,1862,3.0608709677419355,12.896709677419356,3997.98,10,200,1.55,31.0,3.0951044152666225,186.2,13.604920123725003,399.798,3.1177166666666665,9.31,11.822298214285716,19.9899
17770,365,4.827105263157895,30.086052631578948,1143.27,5,33,1.1515151515151516,7.6,5.190857142857142,73.0,34.4847619047619,228.654,4.632727272727273,11.06060606060606,28.258181818181818,34.64454545454545
17771,287,2.247592592592593,4.552037037037037,245.81,2,51,1.0588235294117647,27.0,2.3243892045454544,143.5,4.663224431818182,122.905,2.338235294117647,5.627450980392157,4.72843137254902,4.819803921568628
17772,58,3.320943396226415,3.448490566037736,182.77,2,50,1.06,26.5,4.189479166666667,29.0,4.259895833333333,91.385,3.3338,1.16,3.469,3.6554
17774,512,3.3438461538461537,7.855192307692308,1225.41,4,123,1.2682926829268293,39.0,3.3675625,128.0,8.067205128205128,306.3525,3.1647154471544714,4.162601626016261,7.379037940379404,9.962682926829268
17775,72,0.7833333333333333,18.8,56.4,1,3,1.0,3.0,0.7833333333333333,72.0,18.8,56.4,0.7833333333333333,24.0,18.8,18.8
17777,507,1.6470103092783503,3.4322680412371134,665.86,3,141,1.375886524822695,64.66666666666667,1.641817846252608,169.0,3.438189388047357,221.95333333333335,1.6431205673758866,3.595744680851064,3.3394267139479905,4.72241134751773
17779,397,2.803170731707317,8.031341463414634,658.57,3,73,1.1232876712328768,27.333333333333332,2.9680821078431374,132.33333333333334,8.423174019607844,219.5233333333333,2.7521917808219176,5.438356164383562,8.100981735159817,9.021506849315069
17781,34,5.5566666666666675,15.668333333333335,188.02,2,12,1.0,6.0,8.434000000000001,17.0,29.801000000000002,94.00999999999999,5.5566666666666675,2.8333333333333335,15.668333333333335,15.668333333333335
17783,354,1.922686567164179,4.23089552238806,283.47,2,67,1.0,33.5,1.9852117117117118,177.0,4.185121621621621,141.735,1.922686567164179,5.2835820895522385,4.23089552238806,4.23089552238806
17785,67,2.563076923076923,10.149230769230769,131.94,1,13,1.0,13.0,2.563076923076923,67.0,10.149230769230769,131.94,2.563076923076923,5.153846153846154,10.149230769230769,10.149230769230769
17786,200,2.1241666666666665,3.871388888888889,278.74,2,57,1.263157894736842,36.0,2.274707792207792,100.0,3.9132792207792204,139.37,2.2230409356725147,3.508771929824561,3.710263157894737,4.890175438596492
17787,910,2.8470895522388058,13.919328358208956,1865.19,4,94,1.425531914893617,33.5,2.9244825268817207,227.5,13.993731518817205,466.2975,2.9954255319148935,9.680851063829786,14.017579787234041,19.84244680851064
17788,211,5.42,223.58,1117.9,2,3,1.6666666666666667,2.5,5.383333333333333,105.5,278.08333333333337,558.95,5.341666666666666,70.33333333333333,187.14166666666668,372.6333333333334
17789,74,3.9714285714285715,16.135714285714286,225.9,1,14,1.0,14.0,3.9714285714285715,74.0,16.135714285714286,225.9,3.9714285714285715,5.285714285714286,16.135714285714286,16.135714285714286
17790,836,3.126894736842105,10.345,1965.55,14,121,1.5702479338842976,13.571428571428571,3.2268332024923483,59.714285714285715,11.772878942373849,140.39642857142857,3.0846831955922864,6.909090909090909,8.772351928374656,16.24421487603306
17791,46,2.77,10.61,106.1,1,10,1.0,10.0,2.77,46.0,10.61,106.1,2.77,4.6,10.61,10.61
17793,232,3.7682758620689656,5.5696551724137935,323.04,1,49,1.183673469387755,58.0,3.7682758620689656,232.0,5.5696551724137935,323.04,3.902857142857143,4.73469387755102,5.666700680272109,6.59265306122449
17795,341,1.9260869565217391,7.617173913043478,350.39,2,43,1.069767441860465,23.0,1.7918052738336714,170.5,8.028022312373226,175.195,2.018372093023256,7.930232558139535,7.853023255813953,8.14860465116279
17796,178,4.017073170731707,8.510975609756096,697.9,4,63,1.3015873015873016,20.5,4.368539317042607,44.5,10.613165726817043,174.475,3.7944444444444447,2.8253968253968256,7.737566137566138,11.077777777777778
17797,498,2.552792792792793,7.0309009009009005,780.43,3,102,1.088235294117647,37.0,2.675757575757576,166.0,6.327727272727273,260.1433333333334,2.4980392156862745,4.882352941176471,6.807303921568628,7.6512745098039225
17799,1758,2.532769607843137,7.490024509803921,3055.93,10,280,1.457142857142857,40.8,3.116884257834923,175.8,7.885318120201451,305.59299999999996,2.368327380952381,6.2785714285714285,7.422863095238095,10.914035714285713
17800,736,2.200480769230769,11.528942307692308,1199.01,9,51,2.0392156862745097,11.555555555555555,2.248390489140489,81.77777777777777,12.700066874483541,133.22333333333333,2.231372549019608,14.431372549019608,8.81452614379085,23.51
17802,752,2.2339285714285713,9.178857142857142,1285.04,3,102,1.3725490196078431,46.666666666666664,2.04333374033374,250.66666666666666,8.9460814000814,428.34666666666664,2.090686274509804,7.372549019607843,8.769183006535949,12.598431372549019
17805,478,2.257,51.230999999999995,512.31,1,10,1.0,10.0,2.257,478.0,51.230999999999995,512.31,2.257,47.8,51.230999999999995,51.230999999999995
17806,727,1.0211627906976743,12.698604651162789,546.04,1,43,1.0,43.0,1.0211627906976743,727.0,12.698604651162789,546.04,1.0211627906976743,16.906976744186046,12.698604651162789,12.698604651162789
17809,2057,2.9057377049180326,88.71983606557377,5411.91,12,46,1.326086956521739,5.083333333333333,3.8041068735186383,171.41666666666666,163.89690826330533,450.9925,2.743731884057971,44.71739130434783,81.76913043478261,117.65021739130434
17811,4177,2.7256756756756757,9.210023501762633,7837.7300000000005,39,359,2.370473537604457,21.82051282051282,2.767471601617419,107.1025641025641,11.913455703969888,200.9674358974359,2.904559324844144,11.635097493036211,8.513162928761117,21.832116991643456
17812,350,3.029645390070922,5.192624113475177,732.16,4,113,1.247787610619469,35.25,2.927647652734862,87.5,4.953817151840408,183.04,3.1907964601769914,3.0973451327433628,5.075383480825958,6.47929203539823
17813,790,3.3684636118598386,4.773261455525606,1770.88,5,297,1.2491582491582491,74.2,3.530841488398468,158.0,4.724484610202551,354.17600000000004,3.3414478114478112,2.65993265993266,4.874469696969697,5.962558922558922
17816,30,1.4105882352941177,2.150588235294118,36.56,4,16,1.0625,4.25,1.509,7.5,3.023375,9.14,1.36875,1.875,2.155,2.285
17817,67,9.148484848484848,11.747878787878788,387.68,3,32,1.03125,11.0,67.30944444444445,22.333333333333332,69.04133333333333,129.22666666666666,9.3421875,2.09375,11.88453125,12.115
17819,1031,4.4487499999999995,77.18479166666667,3704.87,7,36,1.3333333333333333,6.857142857142857,5.9019065934065935,147.28571428571428,96.45066483516483,529.2671428571429,3.848333333333333,28.63888888888889,49.72138888888889,102.91305555555556
17824,408,1.0692307692307692,22.95384615384615,298.4,1,13,1.0,13.0,1.0692307692307692,408.0,22.95384615384615,298.4,1.0692307692307692,31.384615384615383,22.95384615384615,22.95384615384615
17827,1247,2.3783636363636362,9.070272727272727,1995.46,5,190,1.1578947368421053,44.0,3.0684179075235107,249.4,10.279649614681295,399.092,2.4481052631578946,6.563157894736842,9.321662280701753,10.502421052631579
17830,92,6.01304347826087,17.33478260869565,398.7,3,18,1.2777777777777777,7.666666666666667,6.201731601731602,30.666666666666668,17.610216450216452,132.9,5.725,5.111111111111111,17.13611111111111,22.15
17831,12,2.95,17.700000000000003,35.400000000000006,1,2,1.0,2.0,2.95,12.0,17.700000000000003,35.400000000000006,2.95,6.0,17.700000000000003,17.700000000000003
17832,208,1.1116393442622952,2.547049180327869,155.37,1,61,1.0,61.0,1.1116393442622952,208.0,2.547049180327869,155.37,1.1116393442622952,3.4098360655737703,2.547049180327869,2.547049180327869
17835,348,1.6985245901639343,5.7481967213114755,350.64,3,45,1.3555555555555556,20.333333333333332,1.6831045003813883,116.0,5.765125858123569,116.88,1.7413333333333334,7.733333333333333,5.9396666666666675,7.792
17836,88,1.3658333333333335,4.592083333333334,110.21000000000001,1,23,1.0434782608695652,24.0,1.3658333333333335,88.0,4.592083333333334,110.21000000000001,1.3708695652173915,3.8260869565217392,4.302608695652173,4.791739130434783
17837,518,3.8654437869822487,9.42828402366864,1593.38,8,110,1.5363636363636364,21.125,3.9062545123586148,64.75,10.05030005047894,199.1725,3.6625454545454543,4.709090909090909,8.572204545454545,14.485272727272728
17838,1879,3.797685950413223,22.969421487603306,2779.3,5,96,1.2604166666666667,24.2,3.7805735858859677,375.8,22.987977365139606,555.86,4.139461805555555,19.572916666666668,23.97060763888889,28.95104166666667
17839,285,1.7505357142857143,6.05,338.8,1,50,1.12,56.0,1.7505357142857143,285.0,6.05,338.8,1.6912,5.7,6.093500000000001,6.776
17841,23071,2.52943672741175,5.223852427679368,40991.57,124,1323,5.931216931216931,63.28225806451613,2.624337168660405,186.05645161290323,5.599364021806555,330.5771774193548,2.9724491648065094,17.438397581254723,5.064595402864129,30.983801965230537
17843,113,3.2051351351351354,5.553513513513513,205.48,1,36,1.0277777777777777,37.0,3.2051351351351354,113.0,5.553513513513513,205.48,3.2504166666666667,3.138888888888889,5.600138888888889,5.707777777777777
17846,1,2033.1,2033.1,2033.1,1,1,1.0,1.0,2033.1,1.0,2033.1,2033.1,2033.1,1.0,2033.1,2033.1
17848,398,4.231372549019608,17.67058823529412,901.2,9,41,1.2439024390243902,5.666666666666667,5.166042735042734,44.22222222222222,40.03281481481482,100.13333333333334,3.790691056910569,9.707317073170731,13.393130081300813,21.98048780487805
17849,114,10.323076923076924,23.300000000000004,605.8000000000001,4,14,1.8571428571428572,6.5,10.726339285714285,28.5,23.58995535714286,151.45,7.457142857142857,8.142857142857142,19.04196428571429,43.27142857142858
17850,1733,3.9603703703703705,18.15222222222222,5391.21,34,21,14.142857142857142,8.735294117647058,3.0139106793050634,50.970588235294116,15.253399486983808,158.565,4.7230252100840335,82.52380952380952,19.92923889555822,256.7242857142857
17852,53,2.3679166666666664,4.764166666666667,114.34,2,21,1.1428571428571428,12.0,2.5353125,26.5,4.9590625,57.17,2.4038095238095236,2.5238095238095237,4.863809523809524,5.444761904761905
17854,84,3.586,20.750666666666667,311.26,2,15,1.0,7.5,5.635,42.0,37.906666666666666,155.63,3.586,5.6,20.750666666666667,20.750666666666667
17855,197,1.7658823529411765,12.292352941176471,208.97,1,17,1.0,17.0,1.7658823529411765,197.0,12.292352941176471,208.97,1.7658823529411765,11.588235294117647,12.292352941176471,12.292352941176471
17856,842,3.5593333333333335,94.53533333333333,1418.03,4,12,1.25,3.75,3.3175,210.5,118.093,354.5075,3.689166666666667,70.16666666666667,77.13583333333334,118.16916666666668
17857,19256,10.332407407407405,497.76,26879.04,23,19,2.8421052631578947,2.347826086956522,7.2844999999999995,837.2173913043479,396.5082608695652,1168.6539130434783,5.717824561403509,1013.4736842105264,486.27845614035084,1414.6863157894738
17858,2706,5.885075376884423,25.9078391959799,5155.66,12,101,1.9702970297029703,16.583333333333332,5.4367901202187205,225.5,50.497024638334636,429.6383333333333,5.826732673267327,26.792079207920793,23.835770862800562,51.04613861386139
17859,127,1.8108000000000002,5.9284,148.21,1,23,1.0869565217391304,25.0,1.8108000000000002,127.0,5.9284,148.21,1.9047826086956523,5.521739130434782,6.170434782608695,6.443913043478261
17860,104,2.556379310344828,4.358620689655172,252.8,1,49,1.183673469387755,58.0,2.556379310344828,104.0,4.358620689655172,252.8,2.607551020408163,2.122448979591837,4.348979591836734,5.159183673469388
17861,1988,2.4218018018018017,9.463063063063064,2100.8,8,172,1.2906976744186047,27.75,1.9800662593724816,248.5,12.911523715528377,262.6,2.5140697674418604,11.55813953488372,9.541463178294574,12.213953488372095
17862,100,5.145454545454545,30.08181818181818,330.9,1,11,1.0,11.0,5.145454545454545,100.0,30.08181818181818,330.9,5.145454545454545,9.090909090909092,30.08181818181818,30.08181818181818
17863,2638,1.547027027027027,21.35135135135135,3160.0,6,110,1.3454545454545455,24.666666666666668,1.5147899240175662,439.6666666666667,20.962031807160177,526.6666666666666,1.5747272727272728,23.98181818181818,21.509000000000004,28.727272727272727
17864,810,1.8047058823529414,5.857843137254902,597.5,3,70,1.457142857142857,34.0,2.086390119414484,270.0,7.248199955059065,199.16666666666666,1.7090952380952382,11.571428571428571,6.239333333333334,8.535714285714286
17865,5757,2.7636756756756755,28.449513513513512,10526.32,20,191,1.9371727748691099,18.5,3.3181976268342614,287.85,35.33203347355244,526.316,2.9459704562453255,30.141361256544503,24.55669247070556,55.11162303664921
17866,174,3.4000000000000004,36.62777777777778,329.65000000000003,1,9,1.0,9.0,3.4000000000000004,174.0,36.62777777777778,329.65000000000003,3.4000000000000004,19.333333333333332,36.62777777777777,36.62777777777777
17867,542,2.3807594936708862,15.153164556962027,1197.1000000000001,6,62,1.2741935483870968,13.166666666666666,7.179142857142857,90.33333333333333,70.95034523809524,199.51666666666668,2.400645161290323,8.741935483870968,18.0225,19.30806451612903
17869,111,6.1585,10.7045,428.18,5,37,1.0810810810810811,8.0,4.956152272727273,22.2,11.277981818181818,85.636,6.202432432432433,3.0,10.902837837837836,11.572432432432432
17870,1401,2.2145161290322584,6.7897849462365585,1894.35,12,214,1.3037383177570094,23.25,2.529162580878777,116.75,33.34456532125531,157.86249999999998,2.307242990654206,6.546728971962617,6.90132398753894,8.852102803738317
17871,182,2.132,15.59,155.9,1,10,1.0,10.0,2.132,182.0,15.59,155.9,2.132,18.2,15.59,15.59
17873,1047,4.690227272727273,42.25363636363637,1859.16,5,24,1.8333333333333333,8.8,5.006334415584415,209.4,42.17954617604617,371.832,7.162465277777778,43.625,39.575,77.465
17874,221,4.084565217391304,14.857826086956523,683.46,6,37,1.2432432432432432,7.666666666666667,3.8120277777777773,36.833333333333336,17.901611111111112,113.91000000000001,4.055405405405406,5.972972972972973,12.6290990990991,18.471891891891893
17877,98,3.5408333333333335,19.800833333333333,237.61,1,12,1.0,12.0,3.5408333333333335,98.0,19.800833333333333,237.61,3.5408333333333335,8.166666666666666,19.800833333333333,19.800833333333333
17878,401,2.246153846153846,14.59423076923077,379.45,1,26,1.0,26.0,2.246153846153846,401.0,14.59423076923077,379.45,2.246153846153846,15.423076923076923,14.59423076923077,14.59423076923077
17879,45,3.638333333333333,29.753333333333334,178.52,1,6,1.0,6.0,3.638333333333333,45.0,29.753333333333334,178.52,3.638333333333333,7.5,29.753333333333334,29.753333333333334
17880,314,2.4615384615384617,17.65076923076923,458.92,1,26,1.0,26.0,2.4615384615384617,314.0,17.65076923076923,458.92,2.4615384615384617,12.076923076923077,17.65076923076923,17.65076923076923
17881,32,4.53125,16.66875,133.35,1,8,1.0,8.0,4.53125,32.0,16.66875,133.35,4.53125,4.0,16.66875,16.66875
17883,379,2.2995172413793106,4.632896551724138,671.77,4,133,1.0902255639097744,36.25,2.516922224647446,94.75,4.759370800671893,167.9425,2.1357142857142857,2.8496240601503757,4.18984962406015,5.050902255639097
17884,854,1.9159829059829059,6.1320512820512825,717.45,4,107,1.0934579439252337,29.25,1.8354383894362343,213.5,6.218651648877942,179.36249999999998,1.9026168224299067,7.981308411214953,5.993255451713395,6.705140186915888
17885,167,2.215,2.97171875,190.19,1,50,1.28,64.0,2.215,167.0,2.97171875,190.19,2.2056,3.34,3.0323,3.8038
17886,481,2.988348623853211,8.253302752293578,899.61,3,93,1.1720430107526882,36.333333333333336,3.275893817204301,160.33333333333334,9.216942204301075,299.87,2.9261290322580646,5.172043010752688,7.443225806451613,9.673225806451613
17887,30,5.235,11.135,111.35,1,10,1.0,10.0,5.235,30.0,11.135,111.35,5.235,3.0,11.135000000000002,11.135000000000002
17888,980,2.974925373134328,10.836567164179105,726.05,8,60,1.1166666666666667,8.375,2.667446386946387,122.5,20.746225233100233,90.75625,2.777,16.333333333333332,10.98625,12.100833333333332
17889,79,3.4580952380952383,9.708095238095238,203.87,2,20,1.05,10.5,3.653194444444445,39.5,9.911527777777778,101.935,3.5685000000000002,3.95,10.0685,10.1935
17890,416,2.4690425531914895,6.405212765957447,602.09,2,88,1.0681818181818181,47.0,2.582984375,208.0,5.81175,301.04499999999996,2.4879545454545453,4.7272727272727275,6.563522727272727,6.841931818181819
17891,393,0.711764705882353,5.995882352941176,203.85999999999999,1,34,1.0,34.0,0.711764705882353,393.0,5.995882352941176,203.85999999999999,0.711764705882353,11.558823529411764,5.995882352941176,5.995882352941176
17892,109,3.275,8.717857142857143,244.1,3,27,1.037037037037037,9.333333333333334,2.8102564102564096,36.333333333333336,35.82179487179487,81.36666666666666,3.3018518518518523,4.037037037037037,7.151851851851852,9.040740740740741
17893,161,2.0949999999999998,7.015625,112.25,1,15,1.0666666666666667,16.0,2.0949999999999998,161.0,7.015625,112.25,2.2066666666666666,10.733333333333333,7.147333333333334,7.483333333333333
17894,405,2.7942487046632123,5.802124352331606,1119.81,8,127,1.5196850393700787,24.125,2.965449912849458,50.625,6.381041589943021,139.97625,2.5435223097112862,3.188976377952756,5.089311023622047,8.81740157480315
17895,130,1.860625,6.125,98.0,1,15,1.0666666666666667,16.0,1.860625,130.0,6.125,98.0,1.9280000000000002,8.666666666666666,6.363333333333333,6.533333333333333
17896,288,0.89,128.16,256.32,1,2,1.0,2.0,0.89,288.0,128.16,256.32,0.89,144.0,128.16,128.16
17897,229,3.0799122807017545,4.970175438596492,566.6,3,100,1.14,38.0,3.1017413127413125,76.33333333333333,5.04835607035607,188.86666666666667,3.1847000000000003,2.29,5.1551,5.666
17898,190,1.4814285714285713,5.430714285714286,152.06,2,27,1.037037037037037,14.0,1.58225,95.0,5.75975,76.03,1.441851851851852,7.037037037037037,5.065185185185185,5.631851851851852
17899,171,2.384375,4.86875,155.8,1,29,1.103448275862069,32.0,2.384375,171.0,4.86875,155.8,2.487931034482759,5.896551724137931,5.150862068965517,5.372413793103449
17900,73,3.608333333333333,18.7,112.19999999999999,2,4,1.5,3.0,3.04375,36.5,18.075,56.099999999999994,4.7375,18.25,17.775,28.049999999999997
17901,24,5.328947368421052,5.809473684210526,110.38,1,19,1.0,19.0,5.328947368421052,24.0,5.809473684210526,110.38,5.328947368421052,1.263157894736842,5.809473684210526,5.809473684210526
17904,63,3.617894736842105,5.043947368421053,191.67000000000002,1,33,1.1515151515151516,38.0,3.617894736842105,63.0,5.043947368421053,191.67000000000002,3.8069696969696967,1.9090909090909092,5.392272727272727,5.808181818181819
17905,407,3.793823529411765,23.536470588235293,800.24,4,33,1.0303030303030303,8.5,2.4390652173913043,101.75,68.3674347826087,200.06,3.8709090909090906,12.333333333333334,24.21181818181818,24.24969696969697
17906,26,3.8249999999999997,6.075,72.9,1,12,1.0,12.0,3.8249999999999997,26.0,6.075,72.9,3.8249999999999997,2.1666666666666665,6.075,6.075
17908,173,2.6725862068965514,4.19448275862069,243.28,1,51,1.1372549019607843,58.0,2.6725862068965514,173.0,4.19448275862069,243.28,2.5286274509803923,3.392156862745098,3.9280392156862747,4.770196078431373
17911,223,2.181025641025641,9.390512820512821,366.23,1,39,1.0,39.0,2.181025641025641,223.0,9.390512820512821,366.23,2.181025641025641,5.717948717948718,9.390512820512821,9.390512820512821
17912,185,3.9815789473684213,8.184473684210525,311.01,5,35,1.0857142857142856,7.6,5.288171428571428,37.0,9.160380952380953,62.202,3.79,5.285714285714286,8.211714285714287,8.886
17913,289,2.434237288135593,6.976271186440679,411.6,2,55,1.0727272727272728,29.5,2.4018202764976957,144.5,6.973185483870968,205.8,2.458909090909091,5.254545454545455,6.862727272727272,7.483636363636364
17914,473,1.9649999999999999,4.205375,336.43,1,72,1.1111111111111112,80.0,1.9649999999999999,473.0,4.205375,336.43,2.0620833333333333,6.569444444444445,4.409861111111111,4.672638888888889
17917,187,2.2280851063829785,3.63063829787234,341.28,3,77,1.2207792207792207,31.333333333333332,2.249990421455939,62.333333333333336,3.6555651340996165,113.75999999999999,2.2953246753246757,2.4285714285714284,3.608181818181818,4.432207792207792
17919,756,2.1630434782608696,56.697391304347825,1304.04,1,23,1.0,23.0,2.1630434782608696,756.0,56.697391304347825,1304.04,2.1630434782608696,32.869565217391305,56.697391304347825,56.697391304347825
17920,2516,2.3329741379310347,6.040373563218392,4204.1,17,407,1.71007371007371,40.94117647058823,2.7511343213435753,148.0,9.644859214398714,247.3,2.4536158886158885,6.181818181818182,6.127218784900603,10.32948402948403
17921,430,2.348689655172414,5.700137931034483,826.52,4,114,1.2719298245614035,36.25,2.350249794108331,107.5,5.721392675007919,206.63,2.3728362573099413,3.7719298245614037,5.650065789473683,7.250175438596491
17923,50,4.15,207.50000000000003,207.50000000000003,1,1,1.0,1.0,4.15,50.0,207.50000000000003,207.50000000000003,4.15,50.0,207.50000000000003,207.50000000000003
17924,1160,3.246451612903226,95.56451612903226,2962.5,7,26,1.1923076923076923,4.428571428571429,2.941106442577031,165.71428571428572,116.22126050420168,423.2142857142857,3.270576923076923,44.61538461538461,87.58615384615385,113.9423076923077
17925,72,3.39,244.08,244.08,1,1,1.0,1.0,3.39,72.0,244.08,244.08,3.39,72.0,244.08,244.08
17926,306,3.1552380952380954,18.91857142857143,397.29,2,17,1.2352941176470589,10.5,3.1230454545454545,153.0,18.90209090909091,198.645,3.505294117647059,18.0,18.67764705882353,23.37
17928,140,2.988695652173913,9.240869565217391,212.54,2,23,1.0,11.5,3.1562745098039215,70.0,13.491764705882352,106.27,2.988695652173913,6.086956521739131,9.240869565217391,9.240869565217391
17929,108,7.57,168.6,843.0,4,4,1.25,1.25,8.1,27.0,186.225,210.75,7.3375,27.0,159.75,210.75
17930,1594,1.4825641025641025,44.62769230769231,1740.48,5,26,1.5,7.8,1.6613333333333333,318.8,56.218399999999995,348.096,1.2540384615384614,61.30769230769231,36.19476923076923,66.94153846153846
17931,249,3.069384615384615,6.282461538461539,408.36,2,63,1.0317460317460319,32.5,2.8353333333333333,124.5,6.677333333333333,204.18,3.1016666666666666,3.9523809523809526,5.796904761904762,6.4819047619047625
17932,789,2.7395555555555555,14.795222222222222,1331.57,3,84,1.0714285714285714,30.0,2.762377622377622,263.0,15.000043845043846,443.8566666666666,2.728095238095238,9.392857142857142,14.787738095238096,15.852023809523809
17934,478,3.4528571428571433,33.535714285714285,704.25,2,21,1.0,10.5,2.333157894736842,239.0,33.251315789473686,352.125,3.4528571428571433,22.761904761904763,33.535714285714285,33.535714285714285
17935,82,1.8672413793103448,5.027241379310345,145.79,2,28,1.0357142857142858,14.5,2.155555555555556,41.0,5.297037037037037,72.895,1.9142857142857144,2.9285714285714284,5.1674999999999995,5.206785714285714
17936,262,2.384025974025974,5.062857142857142,389.84,1,68,1.1323529411764706,77.0,2.384025974025974,262.0,5.062857142857142,389.84,2.380147058823529,3.8529411764705883,5.227279411764705,5.732941176470588
17937,1754,3.473255813953488,100.02837209302326,4301.22,7,19,2.263157894736842,6.142857142857143,3.4711193092621664,250.57142857142858,99.74074411302982,614.46,3.4073245614035086,92.3157894736842,111.27868421052632,226.38000000000002
17939,40,2.455833333333333,8.261666666666667,99.14,1,12,1.0,12.0,2.455833333333333,40.0,8.261666666666667,99.14,2.4558333333333335,3.3333333333333335,8.261666666666667,8.261666666666667
17940,9755,98.52894736842104,216.1284210526316,4106.4400000000005,10,6,3.1666666666666665,1.9,187.006,975.5,289.8568,410.64400000000006,311.5018650793651,1625.8333333333333,422.83650793650787,684.4066666666668
17941,252,1.255,152.28,304.56,1,2,1.0,2.0,1.255,252.0,152.28,304.56,1.255,126.0,152.28,152.28
17942,38,1.525,38.75000000000001,77.50000000000001,1,2,1.0,2.0,1.525,38.0,38.75000000000001,77.50000000000001,1.525,19.0,38.75000000000001,38.75000000000001
17946,75,3.1445,7.478999999999999,149.57999999999998,2,18,1.1111111111111112,10.0,2.6526470588235296,37.5,6.8082352941176465,74.78999999999999,3.377222222222222,4.166666666666667,7.982222222222223,8.309999999999999
17947,168,0.9422222222222223,19.63111111111111,176.68,1,9,1.0,9.0,0.9422222222222223,168.0,19.63111111111111,176.68,0.9422222222222223,18.666666666666668,19.63111111111111,19.63111111111111
17948,144,2.49,358.56000000000006,358.56000000000006,1,1,1.0,1.0,2.49,144.0,358.56000000000006,358.56000000000006,2.49,144.0,358.56000000000006,358.56000000000006
17949,30546,3.3914285714285715,835.864,58510.48,45,29,2.413793103448276,1.5555555555555556,3.457728395061728,678.8,721.5428981481481,1300.232888888889,4.143218390804598,1053.3103448275863,785.1960689655173,2017.6027586206894
17950,366,2.3209859154929577,6.791549295774648,482.2,3,63,1.126984126984127,23.666666666666668,2.3183733974358973,122.0,6.589126602564103,160.73333333333332,2.043174603174603,5.809523809523809,6.049232804232805,7.653968253968253
17951,616,2.2085,50.42700000000001,1008.5400000000001,3,18,1.1111111111111112,6.666666666666667,2.473636363636364,205.33333333333334,47.35272727272727,336.18,2.2275,34.22222222222222,46.19666666666667,56.03
17954,2234,1.942103092783505,4.809731958762886,2332.72,12,326,1.4877300613496933,40.416666666666664,2.586123697316402,186.16666666666666,6.392454300960458,194.39333333333335,1.969665644171779,6.852760736196319,4.9714458077709605,7.155582822085889
17955,273,5.631052631578947,29.331578947368417,557.3,4,14,1.3571428571428572,4.75,3.835681818181818,68.25,53.990909090909085,139.325,4.695714285714286,19.5,28.021428571428572,39.80714285714286
17956,1,12.75,12.75,12.75,1,1,1.0,1.0,12.75,1.0,12.75,12.75,12.75,1.0,12.75,12.75
17957,287,1.3490322580645162,3.6025806451612907,111.68,1,31,1.0,31.0,1.3490322580645162,287.0,3.6025806451612907,111.68,1.3490322580645162,9.258064516129032,3.6025806451612903,3.6025806451612903
17958,84,4.04,72.63714285714286,508.46000000000004,1,7,1.0,7.0,4.04,84.0,72.63714285714286,508.46000000000004,4.04,12.0,72.63714285714286,72.63714285714286
17960,41,1.7196153846153845,2.8376923076923077,73.78,1,26,1.0,26.0,1.7196153846153845,41.0,2.8376923076923077,73.78,1.7196153846153845,1.5769230769230769,2.8376923076923077,2.8376923076923077
17961,560,3.2722489959839356,5.206586345381527,1296.44,39,211,1.180094786729858,6.384615384615385,3.157700253769219,14.35897435897436,4.6702697181490285,33.242051282051285,3.4325118483412322,2.654028436018957,5.239044233807267,6.144265402843602
17962,128,1.6517142857142857,2.938,102.83,1,33,1.0606060606060606,35.0,1.6517142857142857,128.0,2.938,102.83,1.6618181818181816,3.878787878787879,2.9874242424242423,3.116060606060606
17964,301,2.680192307692308,4.535576923076923,471.7,2,84,1.2380952380952381,52.0,2.897378881987578,150.5,5.260732919254658,235.85,2.9153571428571428,3.5833333333333335,4.782182539682539,5.6154761904761905
17965,1556,3.4882370820668696,7.971337386018238,2622.57,14,274,1.2007299270072993,23.5,3.6621073771431143,111.14285714285714,8.2315059745901,187.32642857142858,3.3326642335766423,5.678832116788321,7.889370437956204,9.571423357664234
17966,2571,1.4894117647058824,16.15338235294118,1098.43,5,53,1.2830188679245282,13.6,0.9300143540669856,514.2,27.66908133971292,219.68599999999998,1.7965094339622643,48.509433962264154,10.814716981132074,20.725094339622643
17967,80,1.8797916666666667,2.5639583333333333,123.07,1,41,1.170731707317073,48.0,1.8797916666666667,80.0,2.5639583333333333,123.07,1.932439024390244,1.951219512195122,2.667560975609756,3.0017073170731705
17968,160,1.9291764705882353,3.2629411764705885,277.35,1,74,1.1486486486486487,85.0,1.9291764705882353,160.0,3.2629411764705885,277.35,1.9983783783783784,2.1621621621621623,3.2270270270270274,3.747972972972973
17969,152,4.701428571428571,16.3,228.2,2,14,1.0,7.0,4.701428571428571,76.0,16.3,114.1,4.701428571428571,10.857142857142858,16.3,16.3
17970,525,2.9658064516129032,18.793225806451613,582.59,1,27,1.1481481481481481,31.0,2.9658064516129032,525.0,18.793225806451613,582.59,3.2274074074074073,19.444444444444443,19.844074074074072,21.57740740740741
17972,37,4.230322580645161,4.388387096774193,136.04,1,30,1.0333333333333334,31.0,4.230322580645161,37.0,4.388387096774193,136.04,4.343,1.2333333333333334,4.506333333333333,4.534666666666666
17973,176,3.244,22.469333333333335,337.04,1,15,1.0,15.0,3.244,176.0,22.469333333333335,337.04,3.244,11.733333333333333,22.469333333333335,22.469333333333335
17974,519,2.024245810055866,4.138491620111732,740.79,3,143,1.2517482517482517,59.666666666666664,2.355462711966507,173.0,5.2338562844492635,246.93000000000004,2.0804895104895103,3.629370629370629,4.362039627039627,5.18034965034965
17975,1568,3.1686824324324325,15.16489864864865,4488.81,13,189,1.566137566137566,22.76923076923077,3.3384815384929345,120.61538461538461,17.203733853914255,345.29307692307697,2.732058453010834,8.296296296296296,9.546950113378685,23.75031746031746
17976,106,3.532,5.433692307692308,353.19,1,56,1.1607142857142858,65.0,3.532,106.0,5.433692307692308,353.19,3.6424999999999996,1.8928571428571428,5.619761904761904,6.306964285714286
17977,342,3.2476190476190476,13.72095238095238,288.14,1,19,1.105263157894737,21.0,3.2476190476190476,342.0,13.72095238095238,288.14,3.434736842105263,18.0,14.398684210526316,15.165263157894737
17978,499,2.3633333333333333,25.076666666666664,300.91999999999996,1,12,1.0,12.0,2.3633333333333333,499.0,25.076666666666664,300.91999999999996,2.3633333333333333,41.583333333333336,25.076666666666668,25.076666666666668
17979,397,2.338082191780822,5.189794520547945,757.71,4,116,1.2586206896551724,36.5,2.9095401681543764,99.25,6.495100188895885,189.4275,2.3981896551724136,3.4224137931034484,4.737191091954023,6.53198275862069
17980,682,2.2036666666666664,27.048333333333336,811.45,3,23,1.3043478260869565,10.0,2.0977525252525253,227.33333333333334,35.392575757575756,270.48333333333335,2.5646376811594203,29.652173913043477,19.389130434782608,35.2804347826087
17984,98,2.066666666666667,3.1808333333333336,152.68,1,48,1.0,48.0,2.066666666666667,98.0,3.1808333333333336,152.68,2.066666666666667,2.0416666666666665,3.1808333333333336,3.1808333333333336
17985,183,4.469565217391304,27.606521739130436,634.95,1,20,1.15,23.0,4.469565217391304,183.0,27.606521739130436,634.95,5.095000000000001,9.15,31.2075,31.747500000000002
17986,10,2.08,20.8,20.8,1,1,1.0,1.0,2.08,10.0,20.8,20.8,2.08,10.0,20.8,20.8
17987,261,0.9092307692307693,15.274615384615384,198.57,1,13,1.0,13.0,0.9092307692307693,261.0,15.274615384615384,198.57,0.9092307692307693,20.076923076923077,15.274615384615384,15.274615384615384
17988,43,5.094736842105263,5.292631578947368,201.12,7,37,1.027027027027027,5.428571428571429,5.084782051282052,6.142857142857143,5.301342490842491,28.731428571428573,5.152702702702703,1.162162162162162,5.355945945945947,5.435675675675676
17990,414,2.3224137931034488,21.753103448275862,630.84,3,27,1.0740740740740742,9.666666666666666,2.9202521008403366,138.0,24.040000000000003,210.28,2.138888888888889,15.333333333333334,21.161666666666665,23.364444444444445
17991,25,4.91,18.669999999999998,93.35,2,4,1.25,2.5,4.583333333333333,12.5,16.05,46.675000000000004,5.4,6.25,15.59375,23.3375
17994,497,2.3518518518518516,8.37641975308642,678.49,4,63,1.2857142857142858,20.25,2.016039184952978,124.25,11.577186912225706,169.6225,2.5258730158730156,7.888888888888889,8.29595238095238,10.76968253968254
17995,133,1.685,38.05,76.1,1,2,1.0,2.0,1.685,133.0,38.05,76.1,1.685,66.5,38.05,38.05
17997,2298,1.5156024096385543,11.871506024096385,1970.67,8,133,1.2481203007518797,20.75,1.873750656512605,287.25,14.086540397408964,246.33374999999998,1.5903759398496242,17.278195488721803,13.070050125313283,14.817067669172934
17999,221,2.822903225806452,4.108172043010753,382.06,2,87,1.0689655172413792,46.5,2.948043062200957,110.5,4.247382775119617,191.03,2.9248275862068964,2.5402298850574714,4.2395402298850575,4.391494252873564
18001,363,2.8377586206896552,7.193620689655173,417.23,2,56,1.0357142857142858,29.0,3.353229166666667,181.5,8.158988095238096,208.615,2.86375,6.482142857142857,6.777678571428572,7.4505357142857145
18004,78,2.76525,4.23675,169.47,1,32,1.25,40.0,2.76525,78.0,4.23675,169.47,2.8409375,2.4375,4.43421875,5.2959375
18005,93,3.1863333333333332,4.162,249.72,2,52,1.1538461538461537,30.0,3.3085193889541715,46.5,4.52593419506463,124.86,3.2053846153846157,1.7884615384615385,4.3071153846153845,4.802307692307692
18006,220,3.2290909090909095,20.212727272727275,444.68,1,21,1.0476190476190477,22.0,3.2290909090909095,220.0,20.212727272727275,444.68,3.180476190476191,10.476190476190476,20.669285714285714,21.175238095238097
18008,1581,3.8,70.53966666666666,2116.19,9,24,1.25,3.3333333333333335,2.0857407407407407,175.66666666666666,203.83898148148148,235.13222222222223,4.503958333333333,65.875,48.40354166666666,88.17458333333333
18009,126,4.1378125,8.041875,257.34,1,31,1.032258064516129,32.0,4.1378125,126.0,8.041875,257.34,3.950322580645161,4.064516129032258,7.9803225806451605,8.301290322580645
18010,60,5.014285714285714,12.485714285714286,174.8,1,14,1.0,14.0,5.014285714285714,60.0,12.485714285714286,174.8,5.014285714285714,4.285714285714286,12.485714285714286,12.485714285714286
18011,71,2.3610714285714285,3.671071428571428,102.78999999999999,1,28,1.0,28.0,2.3610714285714285,71.0,3.671071428571428,102.78999999999999,2.3610714285714285,2.5357142857142856,3.671071428571429,3.671071428571429
18013,285,1.1703225806451614,6.041612903225806,187.29,2,31,1.0,15.5,0.8076666666666666,142.5,7.9935,93.64500000000001,1.1703225806451614,9.193548387096774,6.041612903225806,6.041612903225806
18014,68,2.930625,5.200625,166.42,1,29,1.103448275862069,32.0,2.930625,68.0,5.200625,166.42,3.001034482758621,2.3448275862068964,5.417931034482759,5.738620689655172
18015,157,1.2758695652173913,2.6093478260869567,120.03,1,46,1.0,46.0,1.2758695652173913,157.0,2.6093478260869567,120.03,1.2758695652173913,3.4130434782608696,2.6093478260869567,2.6093478260869567
18016,1029,3.353821138211382,12.061463414634146,1483.56,5,90,1.3666666666666667,24.6,3.6007855422870905,205.8,12.030407102314609,296.712,3.7465555555555556,11.433333333333334,12.318574074074073,16.483999999999998
18017,300,1.7433333333333334,174.33333333333334,523.0,3,1,3.0,1.0,1.7433333333333334,100.0,174.33333333333334,174.33333333333334,1.7433333333333334,300.0,174.33333333333334,523.0
18018,55,3.8113793103448277,4.211724137931035,122.14,2,29,1.0,14.5,9.847777777777779,27.5,10.930833333333334,61.07,3.8113793103448277,1.896551724137931,4.211724137931035,4.211724137931035
18019,7,5.71,7.69,38.45,1,5,1.0,5.0,5.71,7.0,7.69,38.45,5.709999999999999,1.4,7.69,7.69
18022,736,1.754240837696335,3.497958115183246,668.11,1,141,1.3546099290780143,191.0,1.754240837696335,736.0,3.497958115183246,668.11,1.814113475177305,5.219858156028369,3.791306146572104,4.738368794326242
18024,184,2.5828571428571427,18.56095238095238,389.78,2,21,1.0,10.5,2.04475,92.0,34.539500000000004,194.89,2.5828571428571427,8.761904761904763,18.56095238095238,18.56095238095238
18027,78,2.7923809523809524,5.490952380952381,115.31,1,21,1.0,21.0,2.7923809523809524,78.0,5.490952380952381,115.31,2.7923809523809524,3.7142857142857144,5.490952380952381,5.490952380952381
18030,67,6.705555555555555,25.627777777777776,230.64999999999998,2,8,1.125,4.5,6.409999999999999,33.5,26.0925,115.32499999999999,7.4375,8.375,27.55625,28.83125
18032,42,1.8699999999999999,14.7,73.5,1,5,1.0,5.0,1.8699999999999999,42.0,14.7,73.5,1.8699999999999999,8.4,14.7,14.7
18033,253,1.8658823529411763,2.881470588235294,97.97,1,32,1.0625,34.0,1.8658823529411763,253.0,2.881470588235294,97.97,1.80125,7.90625,2.82875,3.0615625
18034,561,1.3344642857142859,3.775714285714286,422.88,2,99,1.1313131313131313,56.0,1.388302139037433,280.5,3.7452272727272726,211.44,1.3385858585858588,5.666666666666667,3.7944444444444443,4.2715151515151515
18035,611,2.467358490566038,13.781132075471698,730.4,3,44,1.2045454545454546,17.666666666666668,2.28492673992674,203.66666666666666,15.562087912087911,243.46666666666667,2.653409090909091,13.886363636363637,14.804318181818182,16.599999999999998
18036,234,1.8920833333333336,4.225208333333334,405.62,3,77,1.2467532467532467,32.0,1.9401296296296298,78.0,4.717888888888889,135.20666666666668,1.9164935064935065,3.038961038961039,3.8374458874458877,5.2677922077922075
18037,20,3.598421052631579,3.685263157894737,70.02,6,19,1.0,3.1666666666666665,3.2852777777777775,3.3333333333333335,3.4227777777777777,11.67,3.598421052631579,1.0526315789473684,3.685263157894737,3.685263157894737
18040,148,3.0710526315789473,18.8,357.20000000000005,2,18,1.0555555555555556,9.5,3.0827380952380956,74.0,18.40119047619048,178.60000000000002,3.1261111111111113,8.222222222222221,18.68888888888889,19.84444444444445
18041,3819,1.968156779661017,8.863114406779662,4183.39,21,285,1.656140350877193,22.476190476190474,1.820760343331887,181.85714285714286,12.83101091821523,199.20904761904762,2.2411988304093566,13.4,6.75898115364168,14.678561403508773
18042,33,5.45,23.578571428571426,165.04999999999998,1,7,1.0,7.0,5.45,33.0,23.578571428571426,165.04999999999998,5.45,4.714285714285714,23.578571428571426,23.578571428571426
18043,282,2.9121487603305787,4.624049586776859,559.51,3,106,1.1415094339622642,40.333333333333336,2.9683333333333337,94.0,4.597272727272728,186.50333333333333,3.030188679245283,2.660377358490566,4.677421383647799,5.2783962264150945
18044,1033,4.251574803149607,16.445669291338582,2088.6,10,88,1.4431818181818181,12.7,4.229251065643649,103.3,16.035667876425933,208.85999999999999,3.9482954545454545,11.738636363636363,15.906875000000001,23.73409090909091
18045,142,2.606808510638298,4.029787234042553,189.4,1,43,1.0930232558139534,47.0,2.606808510638298,142.0,4.029787234042553,189.4,2.592093023255814,3.302325581395349,4.147441860465117,4.404651162790698
18048,127,1.5,24.612857142857145,172.29000000000002,2,6,1.1666666666666667,3.5,1.2708333333333335,63.5,15.940833333333334,86.14500000000001,1.5916666666666668,21.166666666666668,28.31916666666667,28.715000000000003
18050,40,2.31,14.88,74.4,1,5,1.0,5.0,2.31,40.0,14.88,74.4,2.31,8.0,14.88,14.88
18053,302,1.5855000000000001,15.001,300.02,1,20,1.0,20.0,1.5855000000000001,302.0,15.001,300.02,1.5855000000000001,15.1,15.001,15.001
18055,2455,4.0215555555555556,18.844972222222225,6784.1900000000005,10,223,1.6143497757847534,36.0,4.133703794219377,245.5,20.11925958185024,678.419,3.8438778560751654,11.008968609865471,17.062725816784113,30.422376681614352
18056,211,3.7578947368421054,19.139473684210525,363.65,1,19,1.0,19.0,3.7578947368421054,211.0,19.139473684210525,363.65,3.7578947368421054,11.105263157894736,19.13947368421053,19.13947368421053
18058,88,1.7966666666666666,56.72,170.16,1,3,1.0,3.0,1.7966666666666666,88.0,56.72,170.16,1.7966666666666666,29.333333333333332,56.72,56.72
18059,258,1.913333333333333,17.025555555555556,306.46,3,17,1.0588235294117647,6.0,1.940079365079365,86.0,17.227619047619047,102.15333333333332,1.9523529411764704,15.176470588235293,17.14470588235294,18.027058823529412
18061,955,5.010434782608696,46.0741304347826,2119.41,10,18,2.5555555555555554,4.6,5.429228571428572,95.5,48.282292857142856,211.94099999999997,3.9655599647266317,53.05555555555556,51.80975308641976,117.74500000000002
18062,396,4.489259259259259,26.685925925925925,720.52,3,23,1.173913043478261,9.0,4.126507936507937,132.0,29.516317460317463,240.17333333333332,4.092826086956522,17.217391304347824,25.43130434782609,31.32695652173913
18064,384,2.2471428571428573,116.28571428571429,814.0,2,7,1.0,3.5,2.338,192.0,142.6,407.0,2.2471428571428573,54.857142857142854,116.28571428571429,116.28571428571429
18065,1027,4.154306569343065,17.465912408759124,2392.83,14,110,1.2454545454545454,9.785714285714286,4.274726474870885,73.35714285714286,18.447007456828885,170.91642857142855,3.873818181818182,9.336363636363636,17.310681818181816,21.753
18066,108,3.4299999999999997,31.8,318.0,1,10,1.0,10.0,3.4299999999999997,108.0,31.8,318.0,3.4299999999999997,10.8,31.8,31.8
18067,189,2.8329729729729727,10.711621621621621,396.33,1,36,1.0277777777777777,37.0,2.8329729729729727,189.0,10.711621621621621,396.33,2.8880555555555554,5.25,10.584166666666668,11.009166666666665
18068,6,16.95,101.7,101.7,1,1,1.0,1.0,16.95,6.0,101.7,101.7,16.95,6.0,101.7,101.7
18069,1311,2.201787234042553,4.333340425531915,2036.67,5,334,1.407185628742515,94.0,2.2349033046678057,262.2,4.285955763641621,407.334,2.256397205588822,3.9251497005988023,4.3211826347305395,6.097814371257485
18071,260,2.998,18.12,453.0,2,23,1.0869565217391304,12.5,3.0400974025974024,130.0,18.06866883116883,226.5,3.1130434782608694,11.304347826086957,18.31304347826087,19.695652173913043
18072,288,0.885,13.746666666666666,247.44,1,18,1.0,18.0,0.885,288.0,13.746666666666666,247.44,0.885,16.0,13.746666666666666,13.746666666666666
18073,3108,3.834931506849315,53.11671232876713,3877.5200000000004,12,23,3.1739130434782608,6.083333333333333,3.520104700854701,259.0,51.86553668091168,323.1266666666667,3.6686521739130438,135.1304347826087,33.99013664596273,168.58782608695654
18074,190,4.7807692307692315,37.66153846153846,489.6,1,13,1.0,13.0,4.7807692307692315,190.0,37.66153846153846,489.6,4.780769230769231,14.615384615384615,37.66153846153846,37.66153846153846
18075,1464,3.4669014084507044,18.392605633802816,2611.75,10,97,1.4639175257731958,14.2,3.489010504201681,146.4,18.434794117647062,261.175,3.867628865979382,15.092783505154639,17.478840206185566,26.925257731958762
18077,1878,1.8249779735682818,11.599162995594714,2633.01,11,101,2.2475247524752477,20.636363636363637,1.8806509881056366,170.72727272727272,11.813986935573542,239.36454545454546,1.8115759075907591,18.594059405940595,10.656227658480132,26.069405940594063
18078,145,2.98551724137931,11.590689655172413,336.13,2,27,1.0740740740740742,14.5,3.076666666666667,72.5,13.349732142857142,168.065,2.799259259259259,5.37037037037037,9.90851851851852,12.449259259259259
18079,7432,0.8958267716535433,28.75566929133858,3651.97,4,99,1.2828282828282829,31.75,1.0549995933636955,1858.0,46.20398401919323,912.9925,0.9904377104377103,75.07070707070707,27.469713804713802,36.888585858585856
18080,642,1.9,615.75,1231.5,2,2,1.0,1.0,1.9,321.0,615.75,615.75,1.9,321.0,615.75,615.75
18081,195,3.84,20.20294117647059,343.45,3,14,1.2142857142857142,5.666666666666667,3.8609523809523814,65.0,22.373809523809527,114.48333333333335,3.8164285714285713,13.928571428571429,19.45357142857143,24.532142857142862
18082,621,2.153972602739726,9.635205479452054,703.37,1,62,1.1774193548387097,73.0,2.153972602739726,621.0,9.635205479452054,703.37,2.0587096774193547,10.016129032258064,9.687956989247311,11.34467741935484
18084,312,0.29,90.48,90.48,1,1,1.0,1.0,0.29,312.0,90.48,90.48,0.29,312.0,90.48,90.48
18085,265,2.8448275862068964,23.79137931034483,689.95,2,25,1.16,14.5,3.1197222222222223,132.5,26.534583333333334,344.975,2.6039999999999996,10.6,20.446,27.598000000000003
18086,106,1.48,14.477142857142857,101.34,1,7,1.0,7.0,1.48,106.0,14.477142857142857,101.34,1.48,15.142857142857142,14.477142857142857,14.477142857142857
18087,3907,426.81,2027.8600000000001,4055.7200000000003,2,2,1.0,1.0,426.81,1953.5,2027.8600000000001,2027.8600000000001,426.81,1953.5,2027.8600000000001,2027.8600000000001
18088,109,2.0935897435897437,4.299230769230769,167.67000000000002,1,35,1.1142857142857143,39.0,2.0935897435897437,109.0,4.299230769230769,167.67000000000002,2.2568571428571427,3.1142857142857143,4.6891428571428575,4.790571428571429
18092,4252,3.7192134831460675,101.89056179775281,9068.26,11,28,3.1785714285714284,8.090909090909092,3.5124609973359977,386.54545454545456,111.49443506493508,824.3872727272727,3.6729166666666666,151.85714285714286,98.53744047619047,323.86642857142857
18093,1392,1.6352777777777776,58.51444444444444,2106.52,4,31,1.1612903225806452,9.0,1.332769138755981,348.0,59.405131578947376,526.63,1.6087096774193548,44.903225806451616,55.91354838709678,67.95225806451613
18094,2518,2.1552857142857142,43.104285714285716,3017.3,7,39,1.794871794871795,10.0,1.8633994842876422,359.7142857142857,59.9872961249277,431.04285714285714,2.3855982905982906,64.56410256410257,49.40358974358974,77.36666666666667
18095,419,2.619047619047619,27.62142857142857,580.05,2,20,1.05,10.5,2.76375,209.5,32.2409375,290.025,2.2525,20.95,28.25625,29.002499999999998
18096,825,2.2876525821596245,4.277699530516432,911.15,3,157,1.356687898089172,71.0,2.2349399626517275,275.0,4.287158520074697,303.71666666666664,2.4528025477707005,5.254777070063694,4.492129966636336,5.803503184713375
18097,1686,2.9694444444444446,24.97962962962963,2697.8,6,65,1.6615384615384616,18.0,2.6012484791896555,281.0,27.92696339444869,449.6333333333334,3.3945128205128206,25.93846153846154,25.027692307692305,41.504615384615384
18099,149,2.1389473684210527,8.858421052631579,168.31,1,19,1.0,19.0,2.1389473684210527,149.0,8.858421052631579,168.31,2.1389473684210527,7.842105263157895,8.858421052631579,8.858421052631579
18101,88,2.580487804878049,5.454878048780488,223.65,2,37,1.1081081081081081,20.5,2.879945054945055,44.0,6.264972527472528,111.825,2.745945945945946,2.3783783783783785,5.786936936936937,6.044594594594595
18102,64124,4.503294663573086,602.45313225058,259657.3,60,150,2.8733333333333335,7.183333333333334,4.873215812856447,1068.7333333333333,725.8789407287171,4327.621666666667,5.100511332308043,427.49333333333334,576.3038732497911,1731.0486666666666
18104,362,3.758947368421053,19.858947368421052,754.64,1,38,1.0,38.0,3.758947368421053,362.0,19.858947368421052,754.64,3.758947368421053,9.526315789473685,19.858947368421052,19.858947368421052
18105,46,2.232222222222222,6.304444444444446,113.48000000000002,1,18,1.0,18.0,2.232222222222222,46.0,6.304444444444446,113.48000000000002,2.232222222222222,2.5555555555555554,6.304444444444446,6.304444444444446
18106,128,3.9358974358974357,11.043589743589743,430.7,1,33,1.1818181818181819,39.0,3.9358974358974357,128.0,11.043589743589743,430.7,4.054545454545455,3.878787878787879,11.778030303030304,13.05151515151515
18108,84,4.711764705882352,15.941176470588236,271.0,1,17,1.0,17.0,4.711764705882352,84.0,15.941176470588236,271.0,4.711764705882352,4.9411764705882355,15.941176470588236,15.941176470588236
18109,4237,4.930247747747748,18.13731981981982,8052.97,26,119,3.73109243697479,17.076923076923077,5.2007747138810325,162.96153846153845,19.418132790905382,309.7296153846154,4.164339173315014,35.60504201680672,10.652677835703045,67.6720168067227
18110,86,2.7769565217391303,5.136956521739131,236.3,1,33,1.393939393939394,46.0,2.7769565217391303,86.0,5.136956521739131,236.3,2.869393939393939,2.606060606060606,5.28030303030303,7.160606060606061
18112,255,4.289230769230769,13.565,352.69,2,26,1.0,13.0,4.416011904761905,127.5,13.76654761904762,176.345,4.289230769230769,9.807692307692308,13.565,13.565
18113,72,1.06,76.32000000000001,76.32000000000001,1,1,1.0,1.0,1.06,72.0,76.32000000000001,76.32000000000001,1.06,72.0,76.32000000000001,76.32000000000001
18114,55,5.533928571428571,7.860714285714286,220.1,1,28,1.0,28.0,5.533928571428571,55.0,7.860714285714286,220.1,5.533928571428571,1.9642857142857142,7.860714285714286,7.860714285714286
18116,848,2.370079365079365,3.7514021164021165,1418.03,8,230,1.6434782608695653,47.25,2.2915101213999782,106.0,4.199641046693548,177.25375,2.322873188405797,3.6869565217391305,3.4214384057971015,6.165347826086957
18117,618,1.2141891891891892,4.334054054054054,320.71999999999997,1,68,1.088235294117647,74.0,1.2141891891891892,618.0,4.334054054054054,320.71999999999997,1.2713235294117649,9.088235294117647,4.465882352941176,4.7164705882352935
18118,2882,2.5287959343236905,4.420500390930414,5653.82,26,424,3.016509433962264,49.19230769230769,2.6356475070960554,110.84615384615384,4.92052419433778,217.45461538461538,2.4828977187644643,6.797169811320755,3.9109776943444396,13.33448113207547
18119,125,2.7823333333333333,6.037333333333334,181.12,1,29,1.0344827586206897,30.0,2.7823333333333333,125.0,6.037333333333334,181.12,2.863793103448276,4.310344827586207,6.23103448275862,6.245517241379311
18120,31,4.0323529411764705,6.538235294117648,111.15,1,17,1.0,17.0,4.0323529411764705,31.0,6.538235294117648,111.15,4.0323529411764705,1.8235294117647058,6.538235294117648,6.538235294117648
18121,450,1.865,21.034375,673.1,2,28,1.1428571428571428,16.0,1.6713333333333333,225.0,16.643333333333334,336.55,1.9242857142857144,16.071428571428573,22.442559523809525,24.039285714285715
18122,1234,2.3395054945054947,5.0170604395604395,1826.21,6,239,1.5230125523012552,60.666666666666664,2.3352060478433843,205.66666666666666,5.162137858751497,304.36833333333334,2.437566248256625,5.163179916317992,4.894159693165969,7.641046025104603
18123,594,1.4233333333333333,16.37333333333333,589.4399999999999,2,31,1.1612903225806452,18.0,1.3787619047619049,297.0,17.115047619047616,294.71999999999997,1.4319354838709677,19.161290322580644,17.273870967741935,19.014193548387095
18125,804,2.225459183673469,5.831581632653061,1142.99,4,164,1.1951219512195121,49.0,2.1589438071434675,201.0,5.915759172709073,285.7475,2.3459756097560978,4.902439024390244,5.993770325203252,6.969451219512195
18126,144,1.9507142857142856,3.6933928571428574,206.83,1,52,1.0769230769230769,56.0,1.9507142857142856,144.0,3.6933928571428574,206.83,2.015,2.769230769230769,3.8638461538461537,3.9775
18127,188,3.177446808510638,7.419787234042554,348.73,3,41,1.146341463414634,15.666666666666666,3.490313725490196,62.666666666666664,9.219725490196078,116.24333333333334,3.1439024390243904,4.585365853658536,7.724024390243902,8.505609756097561
18129,48,2.9250000000000003,8.039285714285715,112.55000000000001,1,13,1.0769230769230769,14.0,2.9250000000000003,48.0,8.039285714285715,112.55000000000001,2.923076923076923,3.6923076923076925,8.203846153846154,8.657692307692308
18130,824,2.3695714285714287,15.134142857142859,1059.39,3,58,1.206896551724138,23.333333333333332,2.3438291517323773,274.6666666666667,15.247496159754226,353.13000000000005,2.5713793103448275,14.206896551724139,15.351206896551725,18.26534482758621
18133,1350,0.69,931.5,931.5,1,1,1.0,1.0,0.69,1350.0,931.5,931.5,0.69,1350.0,931.5,931.5
18135,349,2.3075,34.0955,681.91,5,11,1.8181818181818181,4.0,2.3362000000000003,69.8,66.0869,136.382,2.26,31.727272727272727,31.383030303030306,61.99181818181818
18136,379,2.728421052631579,20.640263157894736,784.33,3,34,1.1176470588235294,12.666666666666666,2.6944444444444446,126.33333333333333,22.9702380952381,261.4433333333333,2.7773529411764706,11.147058823529411,20.289117647058823,23.068529411764708
18138,38,6.25625,19.08125,152.65,1,8,1.0,8.0,6.25625,38.0,19.08125,152.65,6.25625,4.75,19.08125,19.08125
18139,5557,1.5092452830188678,53.07132075471698,8438.34,6,35,4.542857142857143,26.5,1.47575402484226,926.1666666666666,47.938937271878444,1406.39,1.6132571428571427,158.77142857142857,75.17434285714285,241.09542857142858
18142,1276,1.53,67.968,1019.52,2,9,1.6666666666666667,7.5,1.438888888888889,638.0,77.11333333333333,509.76,1.8944444444444446,141.77777777777777,61.873333333333335,113.28
18143,570,2.728360655737705,16.396065573770493,1000.16,2,59,1.0338983050847457,30.5,2.7001185344827583,285.0,16.403653017241382,500.08000000000004,2.7355932203389832,9.661016949152541,16.149322033898304,16.95186440677966
18144,1343,4.43046511627907,67.18023255813954,2888.75,12,27,1.5925925925925926,3.5833333333333335,3.9728214285714287,111.91666666666667,82.60515873015873,240.72916666666666,5.125255731922398,49.74074074074074,45.85745149911817,106.99074074074075
18145,2625,1.801447963800905,12.94819004524887,2861.55,4,174,1.2701149425287357,55.25,1.8924903019744483,656.25,13.832809489934185,715.3875,1.8462356321839082,15.086206896551724,12.448285440613025,16.445689655172416
18146,153,1.95,16.035,160.35,2,10,1.0,5.0,2.2,76.5,16.556250000000002,80.17500000000001,1.95,15.3,16.035,16.035
18147,203,1.2971428571428572,25.62,179.34,2,7,1.0,3.5,1.2375,101.5,25.770000000000003,89.67,1.2971428571428572,29.0,25.62,25.62
18149,310,2.7525,38.254999999999995,612.0799999999999,3,11,1.4545454545454546,5.333333333333333,2.4722962962962964,103.33333333333333,40.2962962962963,204.02666666666664,3.0772727272727276,28.181818181818183,34.028636363636366,55.643636363636354
18150,332,2.3235135135135137,15.312972972972974,566.58,3,29,1.2758620689655173,12.333333333333334,2.3078535353535354,110.66666666666667,15.222359307359307,188.85999999999999,2.259310344827586,11.448275862068966,15.647586206896552,19.537241379310345
18151,355,3.1986842105263156,17.193421052631578,653.35,2,38,1.0,19.0,3.340546218487395,177.5,17.306932773109246,326.675,3.1986842105263156,9.342105263157896,17.193421052631578,17.193421052631578
18154,255,2.8261904761904764,19.009047619047617,399.19,2,15,1.4,10.5,2.8192272727272725,127.5,18.957272727272727,199.595,2.75,17.0,19.697666666666667,26.612666666666666
18155,266,2.4703999999999997,14.8648,371.62,3,19,1.3157894736842106,8.333333333333334,2.554507575757576,88.66666666666667,15.208901515151515,123.87333333333333,2.5747368421052634,14.0,15.046842105263158,19.55894736842105
18156,301,3.0002142857142857,5.2495714285714286,734.94,2,100,1.4,70.0,2.9969358288770054,150.5,4.9848770053475935,367.47,2.9701,3.01,5.587583333333333,7.3494
18158,354,1.2944117647058824,13.335294117647058,453.4,2,24,1.4166666666666667,17.0,1.2365416666666667,177.0,12.6425,226.7,1.3770833333333332,14.75,14.325000000000001,18.891666666666666
18159,139,5.004347826086956,23.05,530.15,1,23,1.0,23.0,5.004347826086956,139.0,23.05,530.15,5.004347826086956,6.043478260869565,23.05,23.05
18160,294,3.657179487179487,16.36051282051282,638.0600000000001,2,37,1.054054054054054,19.5,3.66778947368421,147.0,16.370644736842106,319.03,3.5562162162162165,7.945945945945946,16.32864864864865,17.244864864864866
18161,812,3.640125,20.233625,1618.69,5,49,1.6326530612244898,16.0,3.878977777777778,162.4,20.803199999999997,323.738,2.977551020408163,16.571428571428573,18.062867346938777,33.03448979591837
18164,184,4.207083333333333,16.652083333333334,399.65,1,24,1.0,24.0,4.207083333333333,184.0,16.652083333333334,399.65,4.207083333333333,7.666666666666667,16.652083333333334,16.652083333333334
18165,254,1.238,30.246,302.46,1,10,1.0,10.0,1.238,254.0,30.246,302.46,1.238,25.4,30.246,30.246
18167,382,3.788648648648649,37.428648648648654,1384.8600000000001,3,24,1.5416666666666667,12.333333333333334,3.7972991452991454,127.33333333333333,38.26553846153846,461.62000000000006,3.9316666666666666,15.916666666666666,38.142500000000005,57.70250000000001
18168,594,3.2399236641221374,8.93083969465649,1169.94,6,97,1.3505154639175259,21.833333333333332,3.261900617283951,99.0,9.82991111111111,194.99,2.911340206185567,6.123711340206185,8.294828178694159,12.061237113402063
18169,61,3.688888888888889,22.516666666666666,202.65,1,9,1.0,9.0,3.688888888888889,61.0,22.516666666666666,202.65,3.688888888888889,6.777777777777778,22.516666666666666,22.516666666666666
18170,409,4.247368421052632,25.79763157894737,980.3100000000001,3,29,1.3103448275862069,12.666666666666666,4.250897129186603,136.33333333333334,28.914976076555025,326.77,3.825862068965517,14.10344827586207,23.49344827586207,33.80379310344828
18171,481,5.11037037037037,22.802037037037035,1231.31,5,43,1.255813953488372,10.8,5.181961111111112,96.2,24.352183333333333,246.262,4.834418604651162,11.186046511627907,20.747131782945736,28.635116279069766
18172,3184,3.107037037037037,40.00888888888889,7561.68,20,100,1.89,9.45,3.4924183249546155,159.2,85.02028038138683,378.084,3.2714999999999996,31.84,38.1144,75.6168
18173,1220,2.705806451612903,67.9625806451613,2106.84,4,23,1.3478260869565217,7.75,2.7070714285714286,305.0,71.23071428571428,526.71,2.6034782608695655,53.04347826086956,61.8376811594203,91.6017391304348
18174,50,2.08,104.0,104.0,1,1,1.0,1.0,2.08,50.0,104.0,104.0,2.08,50.0,104.0,104.0
18176,283,2.6816666666666666,15.878333333333334,476.35,1,30,1.0,30.0,2.6816666666666666,283.0,15.878333333333334,476.35,2.6816666666666666,9.433333333333334,15.878333333333334,15.878333333333334
18177,710,1.8343243243243244,18.127297297297297,1341.42,6,53,1.3962264150943395,12.333333333333334,1.8580084458025634,118.33333333333333,17.487700746965455,223.57000000000002,1.8072012578616352,13.39622641509434,17.50006289308176,25.30981132075472
18178,983,2.448762886597938,16.400103092783503,1590.81,4,80,1.2125,24.25,2.495944761246769,245.75,16.84504776955123,397.7025,2.4362500000000002,12.2875,16.2645,19.885125
18179,1360,2.761,19.924111111111113,1793.17,6,86,1.0465116279069768,15.0,2.4969191385956093,226.66666666666666,50.11187254901961,298.8616666666667,2.707906976744186,15.813953488372093,19.860697674418603,20.850813953488373
18180,1721,2.080840336134454,15.493697478991596,1843.75,6,108,1.1018518518518519,19.833333333333332,2.255760436169475,286.8333333333333,16.11216309593026,307.2916666666667,1.977962962962963,15.935185185185185,14.99398148148148,17.07175925925926
18181,146,3.6140909090909092,8.700000000000001,382.8,1,40,1.1,44.0,3.6140909090909092,146.0,8.700000000000001,382.8,3.6755000000000004,3.65,8.8,9.57
18183,371,3.5043243243243243,17.082972972972975,632.07,2,36,1.0277777777777777,18.5,3.4627777777777777,185.5,17.100190058479534,316.035,3.583611111111111,10.305555555555555,16.83527777777778,17.5575
18184,60,0.83,49.8,49.8,1,1,1.0,1.0,0.83,60.0,49.8,49.8,0.83,60.0,49.8,49.8
18185,183,3.626470588235294,17.897058823529413,304.25,1,17,1.0,17.0,3.626470588235294,183.0,17.897058823529413,304.25,3.626470588235294,10.764705882352942,17.897058823529413,17.897058823529413
18188,1168,2.4726760563380283,28.183661971830986,2001.04,3,63,1.126984126984127,23.666666666666668,2.5864484126984126,389.3333333333333,28.336681929181932,667.0133333333333,2.5092857142857143,18.53968253968254,26.315714285714286,31.762539682539682
18189,566,3.2851470588235294,16.032941176470587,1090.24,2,65,1.0461538461538462,34.0,3.332321428571429,283.0,16.076964285714286,545.12,3.056,8.707692307692307,16.011384615384614,16.772923076923078
18190,140,3.929333333333333,18.964000000000002,284.46000000000004,2,14,1.0714285714285714,7.5,3.9675000000000002,70.0,18.94222222222222,142.23000000000002,3.9992857142857146,10.0,19.054285714285715,20.31857142857143
18191,140,4.021428571428571,29.685714285714287,207.8,1,7,1.0,7.0,4.021428571428571,140.0,29.685714285714287,207.8,4.021428571428571,20.0,29.685714285714287,29.685714285714287
18192,339,4.007333333333333,21.288222222222224,957.97,1,45,1.0,45.0,4.007333333333333,339.0,21.288222222222224,957.97,4.007333333333333,7.533333333333333,21.288222222222224,21.288222222222224
18193,124,3.5949999999999998,15.235,243.76,1,16,1.0,16.0,3.5949999999999998,124.0,15.235,243.76,3.5949999999999998,7.75,15.235,15.235
18194,632,1.6514285714285712,139.12,973.84,1,7,1.0,7.0,1.6514285714285712,632.0,139.12,973.84,1.6514285714285712,90.28571428571429,139.12,139.12
18196,433,2.2075886524822694,4.887446808510639,689.13,2,131,1.0763358778625953,70.5,2.175586080586081,216.5,4.7812820512820515,344.565,2.216564885496183,3.3053435114503817,5.010916030534351,5.260534351145038
18198,4074,2.3962893081761005,34.12301886792453,5425.56,17,81,1.962962962962963,9.352941176470589,2.3994602152663296,239.64705882352942,50.62473345630118,319.15058823529415,2.700264683875795,50.2962962962963,21.141475869809206,66.98222222222223
18200,111,1.9684375,5.11875,163.8,1,29,1.103448275862069,32.0,1.9684375,111.0,5.11875,163.8,1.8951724137931034,3.8275862068965516,5.141551724137931,5.6482758620689655
18202,581,4.052058823529412,20.543970588235293,1396.99,3,55,1.2363636363636363,22.666666666666668,3.567399355877617,193.66666666666666,20.03326892109501,465.66333333333336,4.0814545454545454,10.563636363636364,20.20490909090909,25.399818181818183
18203,43,4.583157894736842,8.443157894736842,160.42000000000002,1,19,1.0,19.0,4.583157894736842,43.0,8.443157894736842,160.42000000000002,4.583157894736842,2.263157894736842,8.443157894736842,8.443157894736842
18204,1200,2.5493,9.9685,1993.7,3,159,1.2578616352201257,66.66666666666667,2.66331541218638,400.0,11.395362007168458,664.5666666666667,2.730314465408805,7.547169811320755,10.111268343815514,12.538993710691825
18205,192,4.58,16.1675,517.36,2,30,1.0666666666666667,16.0,4.603372549019608,96.0,16.101803921568628,258.68,4.5520000000000005,6.4,16.328666666666667,17.245333333333335
18209,58,3.24375,17.387500000000003,139.10000000000002,1,8,1.0,8.0,3.24375,58.0,17.387500000000003,139.10000000000002,3.2437500000000004,7.25,17.387500000000003,17.387500000000003
18210,1398,3.5970895522388058,19.562537313432838,2621.38,6,109,1.2293577981651376,22.333333333333332,3.6168463203463204,233.0,21.207166185666185,436.8966666666667,3.437155963302752,12.825688073394495,19.39189602446483,24.04935779816514
18211,359,2.451904761904762,14.287380952380953,600.07,5,37,1.135135135135135,8.4,2.5370511204481794,71.8,16.330508403361346,120.01400000000001,2.3843693693693693,9.702702702702704,13.561351351351352,16.218108108108108
18212,101,3.057674418604651,5.7772093023255815,248.42,1,30,1.4333333333333333,43.0,3.057674418604651,101.0,5.7772093023255815,248.42,3.1310000000000002,3.3666666666666667,6.879277777777777,8.280666666666667
18213,232,1.5013333333333334,15.498666666666669,232.48000000000002,1,15,1.0,15.0,1.5013333333333334,232.0,15.498666666666669,232.48000000000002,1.5013333333333334,15.466666666666667,15.498666666666669,15.498666666666669
18215,118,2.9930769230769227,23.02615384615385,299.34000000000003,1,13,1.0,13.0,2.9930769230769227,118.0,23.02615384615385,299.34000000000003,2.993076923076923,9.076923076923077,23.02615384615385,23.02615384615385
18216,200,4.935384615384615,18.528846153846153,481.75,1,26,1.0,26.0,4.935384615384615,200.0,18.528846153846153,481.75,4.935384615384615,7.6923076923076925,18.528846153846153,18.528846153846153
18217,491,2.0880645161290325,20.056451612903224,621.75,2,27,1.1481481481481481,15.5,2.128640350877193,245.5,21.02620614035088,310.875,2.0062962962962962,18.185185185185187,19.44925925925926,23.02777777777778
18218,584,1.7866666666666664,31.527619047619048,662.08,2,17,1.2352941176470589,10.5,2.1659375,292.0,44.938125,331.03999999999996,1.9029411764705884,34.35294117647059,26.804117647058824,38.945882352941176
18219,885,4.12921052631579,18.155877192982455,2069.77,10,58,1.9655172413793103,11.4,3.840414335664336,88.5,17.732261655011655,206.977,3.8924548440065685,15.258620689655173,17.365899014778325,35.68568965517241
18220,288,1.06,152.64,305.28,1,2,1.0,2.0,1.06,288.0,152.64,305.28,1.06,144.0,152.64,152.64
18221,791,2.6042187500000002,16.27515625,1041.61,5,59,1.0847457627118644,12.8,2.5479484848484852,158.2,16.0773303030303,208.32200000000003,2.271525423728814,13.40677966101695,16.123898305084744,17.654406779661016
18222,335,3.2557894736842106,23.31578947368421,443.0,1,19,1.0,19.0,3.2557894736842106,335.0,23.31578947368421,443.0,3.2557894736842106,17.63157894736842,23.31578947368421,23.31578947368421
18223,2948,2.9675,23.840220588235294,6484.54,14,116,2.3448275862068964,19.428571428571427,2.8686280728500018,210.57142857142858,23.534823753968578,463.18142857142857,2.792491379310345,25.413793103448278,23.56754105090312,55.90120689655173
18224,69,3.06,15.895000000000001,158.95000000000002,1,10,1.0,10.0,3.06,69.0,15.895000000000001,158.95000000000002,3.06,6.9,15.895000000000001,15.895000000000001
18225,3244,2.5551660516605166,20.328856088560887,5509.12,12,150,1.8066666666666666,22.583333333333332,2.562763470288672,270.3333333333333,19.89053014302006,459.0933333333333,2.708107301587302,21.626666666666665,17.87168888888889,36.727466666666665
18226,3466,2.185206611570248,21.603512396694217,5228.05,11,141,1.7163120567375887,22.0,2.1829575284341325,315.09090909090907,22.235315627109074,475.27727272727276,2.334887706855792,24.581560283687942,19.981435325903412,37.078368794326245
18227,21,8.65,18.75,93.75,1,5,1.0,5.0,8.65,21.0,18.75,93.75,8.65,4.2,18.75,18.75
18228,238,3.9876666666666667,25.996666666666666,779.9,2,23,1.3043478260869565,15.0,4.0329999999999995,119.0,28.48525,389.95,3.8817391304347826,10.347826086956522,26.360869565217396,33.90869565217392
18229,2488,4.626585365853659,44.37134146341463,7276.9,20,66,2.484848484848485,8.2,4.90038778998779,124.4,50.49003287545788,363.84499999999997,4.626477272727272,37.696969696969695,45.18652236652236,110.2560606060606
18230,1316,2.191627906976744,32.67674418604651,2810.2000000000003,7,32,2.6875,12.285714285714286,2.1902288961038963,188.0,35.19970887445888,401.4571428571429,2.3384375,41.125,28.90728125,87.81875000000001
18231,821,3.765483870967742,16.800564516129032,2083.27,5,106,1.169811320754717,24.8,3.412726190476191,164.2,19.102821428571428,416.654,3.6139622641509432,7.745283018867925,16.49253144654088,19.653490566037735
18232,302,3.724864864864865,16.026216216216216,592.97,4,31,1.1935483870967742,9.25,3.6106249999999998,75.5,16.15046875,148.2425,3.723225806451613,9.741935483870968,15.21032258064516,19.128064516129033
18233,4,110.0,440.0,440.0,1,1,1.0,1.0,110.0,4.0,440.0,440.0,110.0,4.0,440.0,440.0
18235,1578,2.1464423076923076,17.273846153846154,1796.48,3,100,1.04,34.666666666666664,2.2205020283975663,526.0,16.22413962136579,598.8266666666667,2.2003,15.78,17.448800000000002,17.9648
18236,403,3.3632653061224493,18.004897959183673,882.24,6,42,1.1666666666666667,8.166666666666666,3.3594675925925923,67.16666666666667,17.993174603174605,147.04,3.244047619047619,9.595238095238095,16.58904761904762,21.005714285714287
18237,622,2.957704918032787,16.181967213114753,987.1,5,40,1.525,12.2,2.7511676691729323,124.4,15.917378571428571,197.42000000000002,3.1334166666666667,15.55,16.60875,24.677500000000002
18239,795,2.871931818181818,17.745568181818182,1561.6100000000001,5,80,1.1,17.6,2.4431007704938743,159.0,19.790199090564606,312.322,2.924125,9.9375,17.332,19.520125
18240,126,3.9283333333333332,70.42999999999999,422.58,1,6,1.0,6.0,3.9283333333333332,126.0,70.42999999999999,422.58,3.9283333333333332,21.0,70.42999999999999,70.42999999999999
18241,1051,3.2537499999999997,19.933557692307694,2073.09,17,60,1.7333333333333334,6.117647058823529,3.363584967320261,61.8235294117647,22.635483426704017,121.9464705882353,3.3865,17.516666666666666,19.149638888888887,34.551500000000004
18242,1017,3.279871794871795,28.62166666666667,2232.4900000000002,4,72,1.0833333333333333,19.5,3.1125950683303625,254.25,31.05679404337493,558.1225,3.4108333333333336,14.125,27.30666666666667,31.00680555555556
18245,1788,2.5844,14.668914285714285,2567.06,7,153,1.1437908496732025,25.0,2.7512659851551478,255.42857142857142,15.411885834472042,366.72285714285715,2.6276470588235297,11.686274509803921,14.861960784313727,16.778169934640523
18246,166,4.71,149.025,596.1,2,3,1.3333333333333333,2.0,4.71,83.0,149.025,298.05,5.363333333333333,55.333333333333336,159.78333333333333,198.70000000000002
18248,511,4.105744680851064,17.1068085106383,804.02,2,39,1.205128205128205,23.5,4.001033834586466,255.5,16.959041353383462,402.01,3.73,13.102564102564102,17.40051282051282,20.615897435897434
18249,128,1.60375,11.9175,95.34,1,8,1.0,8.0,1.60375,128.0,11.9175,95.34,1.60375,16.0,11.9175,11.9175
18250,199,3.8057142857142856,16.63190476190476,349.27,1,21,1.0,21.0,3.8057142857142856,199.0,16.63190476190476,349.27,3.8057142857142856,9.476190476190476,16.63190476190476,16.63190476190476
18251,7824,0.771875,269.67,4314.72,1,16,1.0,16.0,0.771875,7824.0,269.67,4314.72,0.771875,489.0,269.67,269.67
18252,239,3.129081632653061,5.374183673469387,526.67,2,90,1.0888888888888888,49.0,5.770087719298246,119.5,14.054052631578946,263.335,3.2485555555555554,2.6555555555555554,5.575333333333334,5.8518888888888885
18255,74,1.7166666666666668,17.21666666666667,103.30000000000001,1,6,1.0,6.0,1.7166666666666668,74.0,17.21666666666667,103.30000000000001,1.7166666666666668,12.333333333333334,17.21666666666667,17.21666666666667
18257,1041,3.40364406779661,19.81042372881356,2337.63,8,97,1.2164948453608246,14.75,3.448235638579756,130.125,21.557454915209327,292.20374999999996,3.571237113402062,10.731958762886597,19.713711340206185,24.099278350515466
18259,714,3.2595238095238095,55.68095238095238,2338.6,3,27,1.5555555555555556,14.0,3.233333333333334,238.0,57.56190476190477,779.5333333333334,3.31358024691358,26.444444444444443,55.4604938271605,86.6148148148148
18260,1478,3.5070149253731344,19.72537313432836,2643.2000000000003,6,86,1.558139534883721,22.333333333333332,3.7941517666162974,246.33333333333334,20.302300986389657,440.53333333333336,3.3983720930232555,17.186046511627907,18.951230620155037,30.734883720930235
18261,146,3.0828571428571427,15.440000000000001,324.24,2,19,1.105263157894737,10.5,2.9749999999999996,73.0,15.780000000000001,162.12,2.9863157894736845,7.684210526315789,15.381052631578948,17.065263157894737
18262,182,1.123076923076923,11.498461538461537,149.48,1,13,1.0,13.0,1.123076923076923,182.0,11.498461538461537,149.48,1.123076923076923,14.0,11.498461538461537,11.498461538461537
18263,1468,0.9595081967213115,19.887868852459018,1213.16,3,59,1.0338983050847457,20.333333333333332,0.9988055555555556,489.3333333333333,20.80333333333333,404.3866666666667,0.9705084745762712,24.88135593220339,19.8735593220339,20.562033898305085
18265,311,5.246521739130435,17.424130434782608,801.51,2,44,1.0454545454545454,23.0,5.507687626774848,155.5,17.627981744421906,400.755,5.031590909090909,7.068181818181818,17.425227272727273,18.216136363636362
18268,2,12.75,25.5,25.5,1,1,1.0,1.0,12.75,2.0,25.5,25.5,12.75,2.0,25.5,25.5
18269,76,3.164285714285714,24.08571428571429,168.60000000000002,1,7,1.0,7.0,3.164285714285714,76.0,24.08571428571429,168.60000000000002,3.164285714285714,10.857142857142858,24.08571428571429,24.08571428571429
18270,101,3.6727272727272724,25.740909090909096,283.15000000000003,2,11,1.0,5.5,3.7191666666666663,50.5,25.461666666666666,141.57500000000002,3.6727272727272733,9.181818181818182,25.740909090909096,25.740909090909096
18272,2050,2.2946385542168675,18.54566265060241,3078.58,6,99,1.6767676767676767,27.666666666666668,2.2355042462388792,341.6666666666667,18.166065135941448,513.0966666666667,2.2710774410774413,20.707070707070706,18.51473063973064,31.096767676767676
18273,80,2.55,68.0,204.0,3,1,3.0,1.0,2.55,26.666666666666668,68.0,68.0,2.55,80.0,68.0,204.0
18274,88,3.671818181818182,15.992727272727272,175.92,1,11,1.0,11.0,3.671818181818182,88.0,15.992727272727272,175.92,3.671818181818182,8.0,15.992727272727272,15.992727272727272
18276,186,2.482142857142857,23.990000000000002,335.86,1,14,1.0,14.0,2.482142857142857,186.0,23.990000000000002,335.86,2.482142857142857,13.285714285714286,23.990000000000002,23.990000000000002
18277,68,3.1412500000000003,13.7975,110.38,1,8,1.0,8.0,3.1412500000000003,68.0,13.7975,110.38,3.1412500000000003,8.5,13.7975,13.7975
18278,66,3.283333333333333,19.322222222222223,173.9,1,9,1.0,9.0,3.283333333333333,66.0,19.322222222222223,173.9,3.283333333333333,7.333333333333333,19.322222222222223,19.322222222222223
18280,45,4.765,18.060000000000002,180.60000000000002,1,10,1.0,10.0,4.765,45.0,18.060000000000002,180.60000000000002,4.765,4.5,18.060000000000002,18.060000000000002
18281,54,5.622857142857143,11.545714285714284,80.82,1,7,1.0,7.0,5.622857142857143,54.0,11.545714285714284,80.82,5.622857142857143,7.714285714285714,11.545714285714284,11.545714285714284
18282,103,5.199166666666667,14.8375,178.05,2,12,1.0,6.0,5.128428571428572,51.5,14.941857142857145,89.025,5.199166666666667,8.583333333333334,14.8375,14.8375
18283,1397,1.6149867724867726,2.771005291005291,2094.88,16,263,2.8745247148288975,47.25,1.6845110162721477,87.3125,2.795084518295928,130.93,1.8613052839640292,5.311787072243346,2.8403747905031174,7.96532319391635
18287,1586,1.4935714285714285,26.24685714285714,1837.28,3,59,1.1864406779661016,23.333333333333332,1.269574510990119,528.6666666666666,25.43316394434362,612.4266666666666,1.5537570621468926,26.88135593220339,24.343050847457626,31.140338983050846
